id,title,author,publisher,publication_year,category,isbn,quantity
1,2001,Arthur C. Clarke,Roc,1968    ,Information Technology,978-0451457998,2
2,The Hunger Games,Suzanne Collins,Scholastic Press,2008    ,Information Technology,978-0439023481,10
3,Autobiography of a Yogi,Yogananda Paramahansa,Self-Realization Fellowship,1946    ,Information Technology,978-0876120798,4
4,Principles of Anatomy and Physiology,Gerard J. Tortora,Wiley,1975    ,Information Technology,978-1119282921,10
5,NASA/DoD aerospace knowledge diffusion research project,Thomas E. Pinelli,NASA,1990    ,Information Technology,978-1249392231,5
6,Catching Fire,Suzanne Collins,Scholastic Press,2009    ,Information Technology,978-0439023498,17
7,Идіотъ,Фёдор Михайлович Достоевский,Penguin Classics,1880    ,Information Technology,978-0140447927,18
8,Der Proceß,Franz Kafka,Schocken,1825    ,Information Technology,978-0805209990,1
9,Of Mice and Men,John Steinbeck,Penguin Books,1937    ,Information Technology,978-0140177398,8
10,The Lost World,Arthur Conan Doyle,Modern Library,1900    ,Information Technology,978-0375759369,10
11,The Grapes of Wrath,John Steinbeck,Viking Press,1939    ,Information Technology,978-0670014811,12
12,The Thirty-Nine Steps,John Buchan,Oxford University Press,1915    ,Information Technology,978-0199537877,3
13,The Taming of the Shrew,William Shakespeare,Simon & Schuster,1631    ,Information Technology,978-0743477574,2
14,Анна Каренина,Лев Толстой,Penguin Classics,1876    ,Information Technology,978-0143035008,11
15,The Adventures of Sherlock Holmes [12 stories],Arthur Conan Doyle,HarperCollins,1892    ,Information Technology,978-0062073600,8
16,Tax administration,United States. General Accounting Office,GAO,1986    ,Information Technology,978-1243542571,11
17,King Lear,William Shakespeare,Yale University Press,1608    ,Information Technology,978-0300101904,4
18,A Midsummer Night's Dream,William Shakespeare,Simon & Schuster,1600    ,Information Technology,978-0743477543,18
19,Julius Caesar,William Shakespeare,Penguin Classics,1656    ,Information Technology,978-0143108573,9
20,Bible,Bible,Zondervan,1200    ,Information Technology,978-0310435587,3
21,Les Robots,Isaac Asimov,Spectra,1950    ,Information Technology,978-0553294385,12
22,Management information systems,Kenneth C. Laudon,Pearson,1945    ,Information Technology,978-0135191798,9
23,Financial Management,United States. General Accounting Office,GAO,1987    ,Information Technology,978-1243542588,1
24,Mockingjay,Suzanne Collins,Scholastic Press,2010    ,Information Technology,978-0439023511,12
25,Der Vorleser,Bernhard Schlink,Vintage,1995    ,Information Technology,978-0375707971,3
26,Richard III,William Shakespeare,Cambridge University Press,1597    ,Information Technology,978-1107526976,20
27,Managerial Accounting,Jerry J. Weygandt,Wiley,1999    ,Information Technology,978-1119391081,14
28,Essential Maths,Sean McArdle,Elmwood Education,1996    ,Information Technology,978-1902214733,8
29,The Comedy of Errors,William Shakespeare,Simon & Schuster,1734    ,Information Technology,978-0743477437,9
30,"Advances in Computers, Volume 49 (Advances in Computers)",Marvin V. Zelkowitz,Academic Press,1995    ,Information Technology,978-0120121496,1
31,Prey,Michael Crichton,HarperCollins,2002    ,Information Technology,978-0061703089,1
32,Neuromancer,William Gibson,Ace,1984    ,Information Technology,978-0441569595,14
33,Artemis Fowl and the Eternity Code,Eoin Colfer,Disney-Hyperion,2003    ,Information Technology,978-1423124535,16
34,Reconfigurable Processor Array A Bit Sliced Parallel Computer (USA),A. Rushton,IET,1986    ,Information Technology,978-0863412585,16
35,Cell,Stephen King,Scribner,2006    ,Information Technology,978-1501143786,19
36,Software Engineering,Roger S. Pressman,McGraw-Hill Education,1982    ,Information Technology,978-0078022128,16
37,Вишневый сад,Антон Павлович Чехов,Dover Publications,1918    ,Information Technology,978-0486266824,5
38,Steve Jobs,Walter Isaacson,Simon & Schuster,2011    ,Information Technology,978-1451648539,20
39,Rosencrantz & Guildenstern are dead,Tom Stoppard,Grove Press,1967    ,Information Technology,978-0802132758,8
40,Śmierć Miasta,Władysław Szpilman,Picador,1946    ,Information Technology,978-0312311766,7
41,Baby Einstein,Julie Aigner-Clark,Disney Press,2001    ,Information Technology,978-0786851621,9
42,The C Programming Language,Brian W. Kernighan,Prentice Hall,1978    ,Information Technology,978-0131103627,8
43,4th of July,James Patterson,"Little, Brown and Co",1947    ,Information Technology,978-0316710602,16
44,Stellaluna,Janell Cannon,HMH Books,1990    ,Information Technology,978-0152802172,18
45,Step on a Crack,James Patterson,"Little, Brown and Co",1658    ,Information Technology,978-0316013949,9
46,Transactions on Engineering Technologies,Sio-Iong Ao,Springer,2013    ,Information Technology,978-9400761919,7
47,Player Piano,Kurt Vonnegut,Dial Press,1952    ,Information Technology,978-0385333788,20
48,The Miracle Worker,William Gibson,Scribner,1956    ,Information Technology,978-1416590842,16
49,SQL for Dummies,Allen G. Taylor,For Dummies,1993    ,Information Technology,978-1119527077,20
50,Snow Crash,Neal Stephenson,Spectra,1992    ,Information Technology,978-0553380958,20
51,Troilus and Cressida,William Shakespeare,Oxford University Press,1609    ,Information Technology,978-0199536511,8
52,Ready Player One,Ernest Cline,Broadway Books,2008    ,Information Technology,978-0307887443,3
53,Hacking for Dummies,Kevin Beaver,For Dummies,2004    ,Information Technology,978-1119454045,7
54,Cryptonomicon,Neal Stephenson,Avon,1999    ,Information Technology,978-0380788620,20
55,Artificial Intelligence and Soft Computing,Leszek Rutkowski,Springer,2012    ,Information Technology,978-3642385766,1
56,2061,Arthur C. Clarke,Del Rey,1987    ,Information Technology,978-0345351739,17
57,C++ how to program,Paul J. Deitel,Pearson,1996    ,Information Technology,978-0134448237,5
58,Unlimited power,Tony Robbins,Free Press,1986    ,Information Technology,978-0684845777,1
59,Computer Concepts,June Jamrich Parsons,Cengage Learning,1996    ,Information Technology,978-1305409019,10
60,The Ballad of Songbirds and Snakes,Suzanne Collins,Scholastic Press,2020    ,Information Technology,978-1338635171,6
61,Ender's Shadow,Orson Scott Card,Tor Books,1999    ,Information Technology,978-0765342409,10
62,Blues For Mister Charlie,James Baldwin,Vintage,1964    ,Information Technology,978-0345806215,18
63,Systems Analysis and Design,Alan Dennis,Wiley,2000    ,Information Technology,978-1118057629,13
64,Romeo & Juliet,William Shakespeare,Simon & Schuster,1939    ,Information Technology,978-0743477116,9
65,Mona Lisa Overdrive,William Gibson,Spectra,1987    ,Information Technology,978-0553281743,1
66,The Difference Engine,William Gibson,Spectra,1990    ,Information Technology,978-0553299021,17
67,The Emperor's New Mind,Roger Penrose,Oxford University Press,1989    ,Information Technology,978-0192861986,4
68,Let's Get Invisible!,Robert Lawrence Stine,Scholastic,1993    ,Information Technology,978-0545298414,16
69,JavaScript,David Flanagan,O'Reilly Media,1996    ,Information Technology,978-1491952023,11
70,The Hunger Games Trilogy (Hunger Games / Catching Fire / Mockingjay),Suzanne Collins,Scholastic Press,2010    ,Information Technology,978-0545634694,20
71,Stand on Zanzibar,John Brunner,Orb Books,1968    ,Information Technology,978-0765326782,8
72,Learning Python,Mark Lutz,O'Reilly Media,1999    ,Information Technology,978-1449355739,19
73,Intermediate algebra,Margaret L. Lial,Pearson,1972    ,Information Technology,978-0321969354,10
74,C++,Herbert Schildt,McGraw-Hill Education,1987    ,Information Technology,978-0078824760,10
75,Trois contes,Gustave Flaubert,Penguin Classics,1877    ,Information Technology,978-0140441659,10
76,Don Giovanni,Wolfgang Amadeus Mozart,Dover Publications,1800    ,Information Technology,978-0486211343,19
77,The Code Book,Simon Singh,Anchor,1999    ,Information Technology,978-0385495325,5
78,Marketing research,Naresh K. Malhotra,Pearson,1993    ,Information Technology,978-0134734842,20
79,Discrete Mathematics and Its Applications,Kenneth H. Rosen,McGraw-Hill Education,1988    ,Information Technology,978-1259676512,10
80,Stick Man,Julia Donaldson,Scholastic,2001    ,Information Technology,978-0439926614,11
81,Operating System Concepts,Abraham Silberschatz,Wiley,1988    ,Information Technology,978-1118063330,20
82,Battle royale,Kōshun Takami,VIZ Media LLC,1999    ,Information Technology,978-1569317785,8
83,Structure and Interpretation of Computer Programs (SICP),Harold Abelson,MIT Press,1985    ,Information Technology,978-0262510875,9
84,Discrete Mathematics with Applications,Susanna S. Epp,Cengage Learning,1990    ,Information Technology,978-1337694193,8
85,Introduction to Algorithms,Thomas H. Cormen,MIT Press,1990    ,Information Technology,978-0262033848,14
86,The C++ programming language,Bjarne Stroustrup,Addison-Wesley,1986    ,Information Technology,978-0321563842,7
87,Getting to yes,Roger Drummer Fisher,Penguin Books,1981    ,Information Technology,978-0143118756,18
88,The Innovators,Walter Isaacson,Simon & Schuster,2014    ,Information Technology,978-1476708706,14
89,The Gene,Siddhartha Mukherjee,Simon & Schuster,2016    ,Information Technology,978-1476733500,9
90,Computer science,J. Glenn Brookshear,Pearson,1985    ,Information Technology,978-0133760064,18
91,The miseducation of Cameron Post,Emily M. Danforth,Balzer + Bray,2012    ,Information Technology,978-0062020574,13
92,Storm of the Century,Stephen King,Pocket Books,1999    ,Information Technology,978-1501192036,12
93,Hackers,Steven Levy,O'Reilly Media,1984    ,Information Technology,978-1449388393,7
94,Mathematical structures for computer science,Judith L. Gersting,W. H. Freeman,1982    ,Information Technology,978-1429215107,10
95,How computers work,Ron White,Que Publishing,1993    ,Information Technology,978-0789749840,13
96,Teaching and learning with technology,Judy Lever-Duffy,Pearson,2002    ,Information Technology,978-0133594041,16
97,Bobby Fischer Teaches Chess,Bobby Fischer,Bantam,1966    ,Information Technology,978-0553263152,4
98,Eloquent Javascript,Marijn Haverbeke,No Starch Press,2009    ,Information Technology,978-1593279509,3
99,The Brilliant World of Tom Gates,Liz Pichon,Scholastic,2011    ,Information Technology,978-1407120690,9
100,Luces de bohemia,Ramón del Valle Inclán,Manchester Univ Press,1924    ,Information Technology,978-0719006128,9
101,The Psychology of Everyday Things,Donald A. Norman,Basic Books,1988    ,Information Technology,978-0465067107,9
102,Clean Code,Robert C. Martin,Prentice Hall,2008    ,Information Technology,978-0132350884,13
103,The art of computer programming,Donald Knuth,Addison-Wesley,1968    ,Information Technology,978-0321751041,1
104,Goals! How to Get Everything You Want--Faster Than You Ever Thought Possible,Brian Tracy,Berrett-Koehler,2003    ,Information Technology,978-1605094113,13
105,Design Patterns,Erich Gamma,Addison-Wesley,1995    ,Information Technology,978-0201633610,6
106,Digital image processing,Rafael C. Gonzalez,Pearson,1977    ,Information Technology,978-0133356724,10
107,The Shallows,Nicholas Carr,W. W. Norton & Co,2010    ,Information Technology,978-0393339758,5
108,Diaspora,Greg Egan,Orion,1997    ,Information Technology,978-0575081376,1
109,Dork Diaries 7,Rachel Renée Russell,Aladdin,2014    ,Information Technology,978-1442482395,13
110,Reamde,Neal Stephenson,William Morrow,2011    ,Information Technology,978-0062015846,8
111,Programming in ANSI C,E. Balagurusamy,McGraw Hill Education,1994    ,Information Technology,978-9339219666,17
112,Python,Mark Lutz,O'Reilly Media,1998    ,Information Technology,978-1449355739,20
113,Think Python,Allen B. Downey,O'Reilly Media,2009    ,Information Technology,978-1491939369,20
114,Storytelling with Data,Cole Nussbaumer Knaflic,Wiley,2015    ,Information Technology,978-1119002253,16
115,Armada,Ernest Cline,Crown,2015    ,Information Technology,978-0804137256,5
116,The Visual Display of Quantitative Information,Edward R. Tufte,Graphics Press,1983    ,Information Technology,978-0961392147,17
117,Object-oriented Programming with C++,E. Balagurusamy,McGraw Hill Education,1997    ,Information Technology,978-9352607990,12
118,George's Secret Key to the Universe,Stephen Hawking,Simon & Schuster,1998    ,Information Technology,978-1416954620,4
119,Superintelligence,Nick Bostrom,Oxford University Press,2014    ,Information Technology,978-0198739838,10
120,The art of game design,Jesse Schell,CRC Press,2008    ,Information Technology,978-1138632059,1
121,"Learning PHP, MySQL & JavaScript",Robin Nixon,O'Reilly Media,2009    ,Information Technology,978-1491978917,2
122,Designing Data-Intensive Applications,Martin Kleppmann,O'Reilly Media,2017    ,Information Technology,978-1449373320,18
123,Code Complete,Steve McConnell,Microsoft Press,1993    ,Information Technology,978-0735619678,2
124,The web application hacker's handbook,Dafydd Stuttard,Wiley,2007    ,Information Technology,978-1118026472,16
125,Discrete mathematics,Richard Johnsonbaugh,Pearson,1984    ,Information Technology,978-0321964687,1
126,Discrete Mathematical Structures,Bernard Kolman,Pearson,1996    ,Information Technology,978-0132297516,20
127,"An English translation of Parsifal, the sacred festival drama by Richard Wagner",Richard Wagner,Calder Publications,1879    ,Information Technology,978-0714541334,7
128,Clean Architecture,Robert C. Martin,Prentice Hall,2017    ,Information Technology,978-0134494166,19
129,Masters of Doom,David Kushner,Random House,2003    ,Information Technology,978-0812972153,5
130,The Pragmatic Programmer,Andy Hunt,Addison-Wesley,1999    ,Information Technology,978-0135957059,12
131,Code,Charles Petzold,Microsoft Press,1999    ,Information Technology,978-0137909100,1
132,Gray Hat Hacking,Shon Harris,McGraw-Hill Education,2004    ,Information Technology,978-1260108415,17
133,Fluent Python,Luciano Ramalho,O'Reilly Media,2015    ,Information Technology,978-1491946008,1
134,Operations research,Hamdy A. Taha,Pearson,1971    ,Information Technology,978-0134444017,12
135,Python Cookbook,Alex Martelli,O'Reilly Media,2002    ,Information Technology,978-1449311629,4
136,Computer Science,Carl French,Cengage Learning,1989    ,Information Technology,978-0826454607,9
137,Object-Oriented Software Engineering,Ivar Jacobson,Addison-Wesley,1992    ,Information Technology,978-0201544350,6
138,Database system concepts,Abraham Silberschatz,McGraw-Hill Education,1997    ,Information Technology,978-0073523323,16
139,Automate the Boring Stuff with Python,Al Sweigart,No Starch Press,2015    ,Information Technology,978-1593275990,18
140,Microprocessors and interfacing,Douglas V. Hall,McGraw-Hill,1900    ,Information Technology,978-0070257429,15
141,Programming Python,Mark Lutz,O'Reilly Media,1996    ,Information Technology,978-0596158101,18
142,All Systems Red,Martha Wells,Tordotcom,2017    ,Information Technology,978-0765397522,1
143,Domain-Driven Design,Eric Evans,Addison-Wesley,2003    ,Information Technology,978-0321125217,13
144,Radio Silence,Alice Oseman,HarperCollins,2016    ,Information Technology,978-0007559245,3
145,Desire Never Changes,Penny Jordan,Harlequin,1986    ,Information Technology,978-0373111442,11
146,Fundamentals of Data Structures in C++ 2nd Edition,Ellis Horowitz,Silicon Press,2006    ,Information Technology,978-0929306377,17
147,Rogue Protocol,Martha Wells,Tordotcom,2018    ,Information Technology,978-1250191786,12
148,The Mythical Man-Month,Frederick P. Brooks,Addison-Wesley,1975    ,Information Technology,978-0201835953,13
149,Programming with Java,E. Balagurusamy,McGraw Hill Education,2001    ,Information Technology,978-9353162337,2
150,Python For Data Analysis,Wes McKinney,O'Reilly Media,2012    ,Information Technology,978-1491957660,5
151,Don't Make Me Think,Steve Krug,New Riders,2000    ,Information Technology,978-0321965516,19
152,JavaScript and jQuery,Jon Duckett,Wiley,2014    ,Information Technology,978-1118531648,5
153,Java,Herbert Schildt,McGraw-Hill Education,1997    ,Information Technology,978-1259589331,3
154,Life 3.0,Max Tegmark,Knopf,2017    ,Information Technology,978-1101946596,20
155,Human Compatible,Stuart J. Russell,Viking,2019    ,Information Technology,978-0525558613,18
156,Linear Algebra with Applications,Gareth Williams,Jones & Bartlett,1984    ,Information Technology,978-1284120097,1
157,AI superpowers,Kai-Fu Lee,Houghton Mifflin Harcourt,2018    ,Information Technology,978-1328546395,5
158,Artificial Condition,Martha Wells,Tordotcom,2018    ,Information Technology,978-1250186959,1
159,Down the rabbit hole,Holly Madison,William Morrow,2015    ,Information Technology,978-0062372109,8
160,Motivation and goal-setting,Jim Cairo,Career Press,1989    ,Information Technology,978-1564143648,14
161,Daemon,Daniel Suarez,Dutton,2009    ,Information Technology,978-0525951117,16
162,C programming,K. N. King,W. W. Norton & Co,1996    ,Information Technology,978-0393979503,14
163,Deep Learning,Ian Goodfellow,MIT Press,2016    ,Information Technology,978-0262035613,7
164,100 Ways to Motivate Yourself,Steve Chandler,Career Press,1996    ,Information Technology,978-1601632449,14
165,The World of Ice & Fire,George R. R. Martin,Bantam,2014    ,Information Technology,978-0553805444,6
166,Back to the Batcave,Adam West,Berkley,1994    ,Information Technology,978-0425143704,6
167,Government by the people,James MacGregor Burns,Pearson,1952    ,Information Technology,978-0205865789,3
168,Data science from scratch,Joel Grus,O'Reilly Media,2015    ,Information Technology,978-1492041139,15
169,Head first Java,Kathy Sierra,O'Reilly Media,2003    ,Information Technology,978-1491910771,4
170,Software engineering,Shari Lawrence Pfleeger,Pearson,1987    ,Information Technology,978-0136061694,12
171,Let Us C++,Yashavant Kanetkar,BPB Publications,2002    ,Information Technology,978-9388176644,2
172,Judy Moody Saves the World!,Megan McDonald,Candlewick,2002    ,Information Technology,978-0763648534,6
173,Data Structures and Algorithms Made Easy,Narasimha Karumanchi,CareerMonk,2011    ,Information Technology,978-8193245279,1
174,Network Effect,Martha Wells,Tordotcom,2020    ,Information Technology,978-1250229861,9
175,Artificial Intelligence and Intelligent Systems,N. P. Padhy,Oxford University Press,2005    ,Information Technology,978-0195671544,19
176,Lehninger principles of biochemistry,Albert L. Lehninger,W. H. Freeman,2000    ,Information Technology,978-1464126116,13
177,How to Be Your Own Therapist,Patricia Farrell,Barnes & Noble,2002    ,Information Technology,978-0760790755,10
178,"Introduction to automata theory, languages, and computation",John E. Hopcroft,Pearson,1979    ,Information Technology,978-0321455369,13
179,PHP & MySQL,Jon Duckett,Wiley,2019    ,Information Technology,978-1119149224,14
180,"Compilers, principles, techniques, and tools",Alfred V. Aho,Pearson,1986    ,Information Technology,978-0321486813,9
181,The animator's survival kit,Richard Williams,Faber & Faber,2001    ,Information Technology,978-0571238347,14
182,Friends 'Til the End,David Wild,Headline,2004    ,Information Technology,978-0755313211,13
183,Schaum's outline of theory and problems of data structures,Seymour Lipschutz,McGraw-Hill Education,1986    ,Information Technology,978-0071818735,8
184,The wealth of networks,Yochai Benkler,Yale University Press,2006    ,Information Technology,978-0300121575,8
185,Scrum,Jeff Sutherland,Currency,2014    ,Information Technology,978-0385346450,9
186,The DevOps handbook,Gene Kim,IT Revolution Press,2016    ,Information Technology,978-1942788003,1
187,Python crash course,Eric Matthes,No Starch Press,2015    ,Information Technology,978-1593279288,10
188,Engineering mathematics,K. A. Stroud,Red Globe Press,1970    ,Information Technology,978-1352010275,11
189,Black Hat Python,Justin Seitz,No Starch Press,2014    ,Information Technology,978-1593275907,16
190,The Secret Diary of Laura Palmer,Jennifer Lynch,Gallery Books,1990    ,Information Technology,978-1451662078,15
191,Introduction to Machine Learning with Python,Andreas C. Mueller,O'Reilly Media,2016    ,Information Technology,978-1449369415,5
192,Fugitive Telemetry,Martha Wells,Tordotcom,2021    ,Information Technology,978-1250765376,20
193,Calculus with analytic geometry,Ron Larson,Cengage Learning,1979    ,Information Technology,978-1285057095,17
194,The world history of animation,Stephen Cavalier,University of California Press,2011    ,Information Technology,978-0520261129,19
195,Let us C,Yashavant P. Kanetkar,BPB Publications,2007    ,Information Technology,978-9387284494,6
196,The Program,Suzanne Young,Simon Pulse,2013    ,Information Technology,978-1442445819,5
197,National health programs of India,J. Kishore,Century Publications,2011    ,Information Technology,978-8188132928,10
198,C how to program,Harvey M. Deitel,Pearson,1992    ,Information Technology,978-0133976892,16
199,Computer Fundamentals and Programming in C,Reema Thareja,Oxford University Press,2012    ,Information Technology,978-0199463732,12
200,Gravity Falls,Alex Hirsch,Disney Press,2016    ,Information Technology,978-1484746691,10
201,The clean coder,Robert C. Martin,Prentice Hall,2011    ,Information Technology,978-0137081073,1
202,Universe,Roger A. Freedman,W. H. Freeman,2001    ,Information Technology,978-1319039448,16
203,UNIX System Programming Using C++,Terrence Chan,Prentice Hall,1997    ,Information Technology,978-0133315622,6
204,The Manager's Path,Camille Fournier,O'Reilly Media,2017    ,Information Technology,978-1491973899,19
205,Introducing Computers,Robert H. Blissmer,Wiley,1988    ,Information Technology,978-0471113584,7
206,Javascript,Andy Vickler,Independent,2021    ,Information Technology,978-1675764350,12
207,Richard Wagner über Tristan und Isolde,Richard Wagner,Reclam,1800    ,Information Technology,978-3150077405,4
208,Paths to recovery,"Al-Anon Family Group Headquarters, inc",Al-Anon Family Group,1997    ,Information Technology,978-0910034319,12
209,Sanford Meisner on acting,Sanford Meisner,Vintage,1987    ,Information Technology,978-0394750590,1
210,Robinson Crusoe,Daniel Defoe,Penguin Classics,1686    ,Information Technology,978-0141439822,3
211,"Python Crash Course, 2nd Edition",Eric Matthes,No Starch Press,2019    ,Information Technology,978-1593279288,5
212,Dangerous Lies,Becca Fitzpatrick,Simon & Schuster,2015    ,Information Technology,978-1481450775,9
213,Twelfth night,William Shakespeare,Simon & Schuster,1873    ,Information Technology,978-0743477123,18
214,Natural language processing and information retrieval,Tanveer Siddiqui,Oxford University Press,2008    ,Information Technology,978-0195692327,11
215,Mastering Bitcoin: Unlocking Digital Cryptocurrencies,Andreas M. Antonopoulos,O'Reilly Media,2014    ,Information Technology,978-1491954386,9
216,Pathways Through Science (Nuffield Modular Science),Nuffield-Chelsea Curriculum Trust,Longman,1992    ,Information Technology,978-0582048416,5
217,Head First design patterns,Eric Freeman,O'Reilly Media,2004    ,Information Technology,978-0596007126,17
218,The Singularity Is Near,Ray Kurzweil,Penguin Books,2005    ,Information Technology,978-0143037880,13
219,Operating systems,Stuart E. Madnick,McGraw-Hill,1974    ,Information Technology,978-0070394551,20
220,Stillwatch,Mary Higgins Clark,Simon & Schuster,1982    ,Information Technology,978-0671469528,11
221,Interactive Computing Series,Kenneth C. Laudon,McGraw-Hill,1997    ,Information Technology,978-0072340808,16
222,Grokking Algorithms: An illustrated guide for programmers and other curious people,Aditya Y. Bhargava,Manning Publications,2016    ,Information Technology,978-1617292231,19
223,"Der fliegende Holl""ander =",Richard Wagner,Boosey & Hawkes,1856    ,Information Technology,978-1480304673,20
224,The Waite Group's Turbo C programming for the PC,Robert Lafore,Sams Publishing,1988    ,Information Technology,978-0672226144,17
225,Much Ado about Nothing,William Shakespeare,Simon & Schuster,1845    ,Information Technology,978-0743482752,5
226,Cyber Security,Martti Lehto,Springer,2015    ,Information Technology,978-3319711584,15
227,Fundamentals of data structures in C,Ellis Horowitz,Silicon Press,1993    ,Information Technology,978-0929306407,3
228,Advances in Computers,Marshall C. Yovits,Academic Press,1971    ,Information Technology,978-0120121335,5
229,Meg,Steve Alten,Bantam,1997    ,Information Technology,978-0553579109,10
230,Course ILT,Course Technology,Cengage Learning,2000    ,Information Technology,978-1418843939,1
231,Warcross,Marie Lu,G.P. Putnam's Sons,2017    ,Information Technology,978-0399547966,2
232,Python Data Science Handbook,Jake VanderPlas,O'Reilly Media,2016    ,Information Technology,978-1491912058,18
233,Effective Java,Joshua Bloch,Addison-Wesley,2001    ,Information Technology,978-0134685991,14
234,Fundamentals of Signals and Systems Using the Web and Matlab,Edward W. Kamen,Pearson,2000    ,Information Technology,978-0131687370,18
235,The circulatory story,Mary K. Corcoran,Charlesbridge,2009    ,Information Technology,978-1570913891,5
236,Objects first with Java,David J. Barnes,Pearson,2002    ,Information Technology,978-0134477329,15
237,Invitation to Computer Science,G. Michael Schneider,Cengage Learning,1995    ,Information Technology,978-1337561914,19
238,Basic materials in music theory,Paul O. Harder,Pearson,1965    ,Information Technology,978-0131931008,9
239,Resolution Trust Corporation,United States. General Accounting Office,GAO,1990    ,Information Technology,978-1243542564,1
240,Hunger of memory,Richard Rodriguez,David R. Godine,1982    ,Information Technology,978-1567922707,3
241,The Gregg Reference Manual,William A. Sabin,McGraw-Hill Education,1970    ,Information Technology,978-0073397108,3
242,Othello,William Shakespeare,Simon & Schuster,1941    ,Information Technology,978-0743477550,7
243,C++ Programming,D. S. Malik,Cengage Learning,2004    ,Information Technology,978-1337115667,2
244,Archimedes and the door of science,Jeanne Bendick,Bethlehem Books,1962    ,Information Technology,978-1883937126,7
245,Lazarus - the complete guide,Michaël van Canneyt,ILA,2011    ,Information Technology,978-9081277303,5
246,Encyclopedia of modern bodybuilding,Arnold Schwarzenegger,Simon & Schuster,1985    ,Information Technology,978-0684857213,17
247,Differentiating Instruction With Menus,Laurie E. Westphal,Prufrock Press,2007    ,Information Technology,978-1593632144,8
248,Bodas de sangre,Federico García Lorca,Penguin Classics,1944    ,Information Technology,978-0141189338,2
249,"A study of Hamlet, Prince of Denmark",William Shakespeare,Oxford University Press,1800    ,Information Technology,978-0199535811,7
250,The Linux Command Line,William E. Shotts,No Starch Press,2011    ,Information Technology,978-1593273897,16
251,The Book of Why,Judea Pearl,Basic Books,2018    ,Information Technology,978-0465097609,2
252,The Atrocity Archives,Charles Stross,Ace,2004    ,Information Technology,978-0441013654,14
253,Numerical methods for engineers,Steven C. Chapra,McGraw-Hill Education,1985    ,Information Technology,978-0073397924,8
254,Calling All Creeps!,Robert Lawrence Stine,Scholastic,1996    ,Information Technology,978-0590494465,13
255,Data structures and algorithms,Alfred V. Aho,Addison-Wesley,1983    ,Information Technology,978-0201000238,7
256,Computational Linguistics and Intelligent Text Processing,Alexander Gelbukh,Springer,2003    ,Information Technology,978-3642191404,1
257,Cracking The Coding Interview,Gayle Laakmann McDowell,CareerCup,2010    ,Information Technology,978-0984782857,2
258,Tom Clancy's Net Force,Tom Clancy,Berkley,1998    ,Information Technology,978-0425161722,9
259,The Cathedral and the Bazaar,Eric S. Raymond,O'Reilly Media,1999    ,Information Technology,978-0596001087,4
260,Die Verfolgung und Ermordung Jean Paul Marats,Peter Weiss,Suhrkamp,1964    ,Information Technology,978-3518100684,3
261,Intelligent Robotics and Applications,Honghai Liu,Springer,2010    ,Information Technology,978-3642165832,17
262,Core Python programming,Wesley Chun,Prentice Hall,2006    ,Information Technology,978-0132269933,5
263,Artificial intelligence,George F. Luger,Pearson,1992    ,Information Technology,978-0321545701,9
264,Refactoring,Martin Fowler,Addison-Wesley,1999    ,Information Technology,978-0134757599,18
265,Learn to Program using Lazarus,Howard Page-Clark,Independent,2013    ,Information Technology,978-1542456678,13
266,System Design Interview - an Insider's Guide,Alex Xu,ByteByteGo,2020    ,Information Technology,978-1736049112,8
267,The Illuminati,Larry Burkett,Thomas Nelson,1991    ,Information Technology,978-0785267072,12
268,The Art of Seo,Eric Enge,O'Reilly Media,2009    ,Information Technology,978-1491948965,11
269,Faust,Charles Gounod,G. Schirmer,1800    ,Information Technology,978-0793521364,19
270,Java for dummies,Barry Burd,For Dummies,2011    ,Information Technology,978-1119235552,11
271,Codependents' guide to the twelve steps,Melody Beattie,Fireside,1990    ,Information Technology,978-0671761059,14
272,Microserfs,Douglas Coupland,Harper Perennial,1995    ,Information Technology,978-0061624261,20
273,Languages and machines,Thomas A. Sudkamp,Pearson,1988    ,Information Technology,978-0321322210,17
274,Accounting information systems,Marshall B. Romney,Pearson,1997    ,Information Technology,978-0134474021,8
275,In the Beginning...Was the Command Line,Neal Stephenson,Avon,1999    ,Information Technology,978-0380815937,3
276,Side by Side,Steven J. Molinsky,Pearson,1980    ,Information Technology,978-0131839359,16
277,Excel VBA Programming For Dummies,John Walkenbach,For Dummies,2004    ,Information Technology,978-1119077398,19
278,Systems engineering and analysis,Benjamin S. Blanchard,Pearson,1981    ,Information Technology,978-0132217354,19
279,Extreme programming explained,Kent Beck,Addison-Wesley,1999    ,Information Technology,978-0321278906,8
280,Computer Confluence,George Beekman,Pearson,1997    ,Information Technology,978-0131848573,3
281,Business @ the speed of thought,Bill Gates,Warner Books,1999    ,Information Technology,978-0446675963,4
282,IBM PC assembly language and programming,"Abel, Peter",Prentice Hall,1991    ,Information Technology,978-0130306555,15
283,The Human Use of Human Beings,Norbert Wiener,Da Capo Press,1950    ,Information Technology,978-0306803208,18
284,Allen Carr's Easy Way to Stop Smoking,Allen Carr,Sterling,1998    ,Information Technology,978-0615145792,4
285,Java software solutions,"Lewis, John",Pearson,1997    ,Information Technology,978-0134462028,7
286,The art of doing science and engineering,Richard Hamming,Stripe Press,1996    ,Information Technology,978-1732265172,2
287,#MurderTrending,Gretchen McNeil,Freeform,2018    ,Information Technology,978-1368010023,2
288,Abel's Island,William Steig,Square Fish,1976    ,Information Technology,978-0312372453,5
289,Beginning programming for dummies,Wallace Wang,For Dummies,1996    ,Information Technology,978-0470617977,11
290,Hit Refresh,Satya Nadella,Harper Business,2017    ,Information Technology,978-0062652508,14
291,Only You Can Save Mankind,Terry Pratchett,HarperCollins,1992    ,Information Technology,978-0060738877,2
292,The Boys in the Band,Mart Crowley,Samuel French,1968    ,Information Technology,978-0573606137,8
293,Arduino for Dummies,John Nussey,For Dummies,2013    ,Information Technology,978-1119489542,1
294,The Eye of Minds,James Dashner,Delacorte Press,2013    ,Information Technology,978-0385741392,8
295,Algorithms of Oppression,Safiya Umoja Noble,NYU Press,2018    ,Information Technology,978-1479837243,8
296,Atala,François-René de Chateaubriand,Oxford University Press,1788    ,Information Technology,978-0199554379,15
297,Django for Beginners,William S. Vincent,WelcomeToCode,2018    ,Information Technology,978-1732344532,10
298,Fundamentals of Programming using Java,Edward Currie,Independent,2006    ,Information Technology,978-1549721649,19
299,Structured Computer Organization,Andrew S. Tanenbaum,Pearson,1975    ,Information Technology,978-0132916523,10
300,Computer Science Distilled,Wladston Ferreira Filho,Code Energy,2017    ,Information Technology,978-0997316025,4
301,The member of the wedding,Carson McCullers,Mariner Books,1946    ,Information Technology,978-0156586399,1
302,Laelius de amicitia,Cicero,Oxford University Press,1511    ,Information Technology,978-0198144762,17
303,Technology in action,Alan Evans,Pearson,2004    ,Information Technology,978-0134837871,20
304,System Collapse,Martha Wells,Tordotcom,2023    ,Information Technology,978-1250826978,10
305,Accelerate,Nicole Forsgren,IT Revolution Press,2018    ,Information Technology,978-1942788331,5
306,Macbeth,William Shakespeare,Simon & Schuster,1883    ,Information Technology,978-0743477109,16
307,Systems analysis and design,"Kendall, Kenneth E.",Pearson,1988    ,Information Technology,978-0134785554,3
308,Exit Strategy,Martha Wells,Tordotcom,2018    ,Information Technology,978-1250191854,19
309,Engineering design graphics,James H. Earle,Pearson,1969    ,Information Technology,978-0132333009,13
310,JavaScript for dummies,Emily A. Vander Veer,For Dummies,1996    ,Information Technology,978-0764506543,20
311,"It's the Great Pumpkin, Charlie Brown",Charles M. Schulz,Simon Spotlight,1967    ,Information Technology,978-1481431606,18
312,Artificial Intelligence Applications and Innovations,Lazaros S. Iliadis,Springer,2006    ,Information Technology,978-3642305733,11
313,Test-driven development,Kent Beck,Addison-Wesley,2002    ,Information Technology,978-0321146533,14
314,Hackers & painters,"Graham, Paul",O'Reilly Media,2004    ,Information Technology,978-0596006624,11
315,A new kind of science,Stephen Wolfram,Wolfram Media,2002    ,Information Technology,978-1579550080,4
316,Software project management,Bob Hughes,McGraw-Hill Education,1999    ,Information Technology,978-0077122799,20
317,WordPress For Dummies,Lisa Sabin-Wilson,For Dummies,2007    ,Information Technology,978-1119323143,9
318,Quantum computation and quantum information,Michael A. Nielsen,Cambridge University Press,2000    ,Information Technology,978-1107002173,14
319,Introduction to Java Programming,Y. Daniel Liang,Pearson,1999    ,Information Technology,978-0134670942,11
320,Courage to Change,Al-Anon Family Group Head Inc,Al-Anon Family Group,1992    ,Information Technology,978-0910034791,1
321,DOS for Dummies,Dan Gookin,For Dummies,1991    ,Information Technology,978-1878058256,6
322,Pro Git,Scott Chacon,Apress,2009    ,Information Technology,978-1484200773,15
323,Machinerys Handbook,Erik Oberg,Industrial Press,1959    ,Information Technology,978-0831130916,10
324,Statistics for People Who (Think They) Hate Statistics,Neil J. Salkind,SAGE Publications,2000    ,Information Technology,978-1506333830,18
325,"Data structures, algorithms, and software principles in C",Thomas A. Standish,Addison-Wesley,1995    ,Information Technology,978-0201512748,4
326,Concrete mathematics,Ronald L. Graham,Addison-Wesley,1988    ,Information Technology,978-0201558029,16
327,In Real Life,Cory Doctorow,First Second,2014    ,Information Technology,978-1596436589,4
328,Mastering today's software,Edward G. Martin,Boyd & Fraser,1992    ,Information Technology,978-0877096672,3
329,Electric circuits,James William Nilsson,Pearson,1983    ,Information Technology,978-0133760033,2
330,AAT NVQ,Association of Accounting Technicians,BPP Learning Media,1993    ,Information Technology,978-1445371689,18
331,Distributed Systems,Andrew S. Tanenbaum,Prentice Hall,2001    ,Information Technology,978-0132392273,8
332,The hacker playbook,Peter Kim,Secure Planet LLC,2014    ,Information Technology,978-1494932633,19
333,Freedom™,Daniel Suarez,Dutton,2010    ,Information Technology,978-0525951575,6
334,The Clockwise Man,Justin Richards,BBC Books,2003    ,Information Technology,978-0563486282,11
335,Dynamic HTML,Danny Goodman,O'Reilly Media,1998    ,Information Technology,978-0596003166,20
336,Hands on Hacking,Jennifer Arcuri,Wiley,2019    ,Information Technology,978-1119560265,16
337,Python Playground,Mahesh Venkitachalam,No Starch Press,2015    ,Information Technology,978-1593276041,20
338,Burn,James Patterson,"Little, Brown and Co",2014    ,Information Technology,978-0316211185,6
339,The X-Files,Kevin J. Anderson,Harper Entertainment,1995    ,Information Technology,978-0061050275,11
340,"American History, a Survey",Alan Brinkley,McGraw-Hill Education,1900    ,Information Technology,978-0073385495,12
341,Avatar,Gene Luen Yang,Dark Horse Books,2013    ,Information Technology,978-1506705514,7
342,Lohengrin,Richard Wagner,G. Schirmer,1800    ,Information Technology,978-0793521357,17
343,Expressways 3 Test Package,Steven J. Molinsky,Pearson,1986    ,Information Technology,978-0133880342,8
344,My Year of Meats,Ruth Ozeki,Penguin Books,1998    ,Information Technology,978-0140280463,18
345,C Programming Absolute Beginner's Guide,Greg Perry,Que Publishing,2013    ,Information Technology,978-0789751980,18
346,An introduction to data structures with applications,Jean-Paul Tremblay,McGraw-Hill,1976    ,Information Technology,978-0070651579,7
347,City of Ghosts,V. E. Schwab,Scholastic,2018    ,Information Technology,978-1338111040,11
348,Words that change minds,Shelle Rose Charvet,Success Strategies,1995    ,Information Technology,978-1928014522,10
349,NSCA's guide to program design,National Strength & Conditioning Association (U.S.),Human Kinetics,2012    ,Information Technology,978-0736084024,5
350,Software Quality Assurance,Nina S. Godbole,Alpha Science Intl Ltd,2004    ,Information Technology,978-1842651711,8
351,I Am America (And So Can You!),Stephen Colbert,Grand Central Publishing,2007    ,Information Technology,978-0446580502,20
352,Much Ado About Nothing,William Shakespeare,Simon & Schuster,1935    ,Information Technology,978-0743482752,16
353,C How to Program,Paul J. Deitel,Pearson,2007    ,Information Technology,978-0133976892,9
354,Zach's Lie,Roland Smith,Hyperion,1999    ,Information Technology,978-0786814404,9
355,C++ primer,Stanley B. Lippman,Addison-Wesley,1989    ,Information Technology,978-0321714114,5
356,Inside the Minds,Aspatore Books,Aspatore Books,2001    ,Information Technology,978-1587621062,19
357,Hacker's Delight,Henry S. Warren Jr.,Addison-Wesley,2002    ,Information Technology,978-0321842688,5
358,Glut,Alex Wright,Joseph Henry Press,2007    ,Information Technology,978-0309102384,17
359,Juliet takes a breath,Gabby Rivera,Dial Books,2016    ,Information Technology,978-0525553533,17
360,Coders at Work,Peter Seibel,Apress,2009    ,Information Technology,978-1430219484,9
361,Superfund,United States. General Accounting Office,GAO,1987    ,Information Technology,978-1243542557,15
362,Ready-Set-Learn,TEACHER CREATED RESOURCES,Teacher Created Resources,2007    ,Information Technology,978-1420657517,9
363,Java how to program--early objects,Paul J. Deitel,Pearson,2011    ,Information Technology,978-0134743356,3
364,Adult Children,aca wso,ACA WSO,2006    ,Information Technology,978-0978928704,5
365,Uncanny Valley,Anna Wiener,MCD,2020    ,Information Technology,978-0374278014,12
366,Everybody Lies,Seth Stephens-Davidowitz,Harper,2017    ,Information Technology,978-0062390851,9
367,The basics of hacking and penetration testing,Pat Engebretson,Syngress,2011    ,Information Technology,978-0124116443,5
368,Physics for Computer Science Students,Narciso Garcia,Springer,1986    ,Information Technology,978-0387949031,4
369,Data structures using C and C++,Yedidyah Langsam,Prentice Hall,2000    ,Information Technology,978-0130369970,15
370,A Charlie Brown Christmas,Lee Mendelson,It Books,1967    ,Information Technology,978-0062272379,13
371,Internet & World Wide Web,Harvey M. Deitel,Pearson,1999    ,Information Technology,978-0132151009,16
372,A basic course in American sign language,Tom Humphries,T J Publishers,1981    ,Information Technology,978-0932666420,5
373,Medicare,United States. General Accounting Office,GAO,1986    ,Information Technology,978-1243542540,6
374,How to prove it,Daniel J. Velleman,Cambridge University Press,1994    ,Information Technology,978-1108424141,16
375,The Definitive Guide to DAX,Marco Russo,Microsoft Press,2015    ,Information Technology,978-1509306978,7
376,Java how to program,Paul J. Deitel,Pearson,2005    ,Information Technology,978-0134743356,1
377,Building Microservices,Sam Newman,O'Reilly Media,2015    ,Information Technology,978-1492034025,20
378,Solutions Manual for Radar Systems Analysis and Design Using MATLAB,Bassem R. Mahafza,Chapman & Hall/CRC,2000    ,Information Technology,978-1584883494,17
379,Mandragola,Niccolò Machiavelli,Waveland Press,1554    ,Information Technology,978-0881333107,15
380,Applied Cryptography,Bruce Schneier,Wiley,1994    ,Information Technology,978-1119096726,6
381,The Entropy Effect,Vonda N. McIntyre,Pocket Books,1981    ,Information Technology,978-0671437299,7
382,Head First Python,Paul Barry,O'Reilly Media,2010    ,Information Technology,978-1491919538,16
383,Java How to Program,Harvey M. Deitel,Prentice Hall,1997    ,Information Technology,978-0130125071,7
384,‏די ברידער אַשכּנזי‎ / Di brider Ashkenazi,Israel Joshua Singer,Schocken,1936    ,Information Technology,978-0805206616,8
385,Introductory circuit analysis,Robert L. Boylestad,Pearson,1968    ,Information Technology,978-0133923605,12
386,Artificial Intelligence,Melanie Mitchell,"Farrar, Straus and Giroux",2019    ,Information Technology,978-0374253837,9
387,Data structures and algorithm analysis in C,Mark Allen Weiss,Pearson,1993    ,Information Technology,978-0132847377,5
388,The hacker playbook 2,Peter Kim,Secure Planet LLC,2015    ,Information Technology,978-1512221404,7
389,The inmates are running the asylum,"Cooper, Alan",Sams Publishing,1999    ,Information Technology,978-0672326141,1
390,I choose you!,Tracey West,Scholastic,1999    ,Information Technology,978-0545224352,9
391,Blogging for dummies,Susannah Gardner,For Dummies,2008    ,Information Technology,978-0470617717,15
392,Cult of the Dead Cow,Joseph Menn,PublicAffairs,2019    ,Information Technology,978-1541762381,3
393,The Legend of Korra,Michael Dante DiMartino,Dark Horse Books,2013    ,Information Technology,978-1616551681,19
394,"Agile Software Development, Principles, Patterns, and Practices",Robert C. Martin,Pearson,2002    ,Information Technology,978-0135974445,2
395,Messiah,George Frideric Handel,G. Schirmer,1750    ,Information Technology,978-0793504350,3
396,Numerical methods using MATLAB,John H. Mathews,Pearson,1999    ,Information Technology,978-0130652485,11
397,The self-taught programmer,Cory Althoff,Self-Taught Media,2017    ,Information Technology,978-0999605400,15
398,BTEC National for IT Practitioners,Sharon Yull,Routledge,2008    ,Information Technology,978-0750664271,4
399,Computer systems,Randal Bryant,Pearson,2002    ,Information Technology,978-0134092669,7
400,Erebos,Ursula Poznanski,Annick Press,2010    ,Information Technology,978-1554513727,16
401,The Making of Star Trek,Stephen E. Whitfield,Ballantine Books,1968    ,Information Technology,978-0345340115,3
402,Welfare reform,United States. General Accounting Office,GAO,1995    ,Information Technology,978-1243542533,1
403,Angels in America,Tony Kushner,Theatre Communications,1993    ,Information Technology,978-1559362313,5
404,Discrete and combinatorial mathematics,Ralph P. Grimaldi,Pearson,1985    ,Information Technology,978-0201726343,13
405,English for everyone,Gill Johnson,DK,2016    ,Information Technology,978-1465447623,11
406,Patterns of Enterprise Application Architecture,Martin Fowler,Addison-Wesley,2002    ,Information Technology,978-0321127426,3
407,Introduction to Linear Optimization,Dimitris Bertsimas,Athena Scientific,1997    ,Information Technology,978-1886529199,17
408,How to read a film,"Monaco, James.",Oxford University Press,1977    ,Information Technology,978-0195321050,1
409,Diggers,Terry Pratchett,HarperCollins,1990    ,Information Technology,978-0060013158,16
410,Free Pascal,Michaël van Canneyt,Lulu.com,2000    ,Information Technology,978-1409252436,9
411,Computer graphics,Steven Harrington,McGraw-Hill,1983    ,Information Technology,978-0070267534,9
412,You Don't Know JS,Kyle Simpson,O'Reilly Media,2014    ,Information Technology,978-1491904244,5
413,Teach yourself C++,Herbert Schildt,McGraw-Hill,1990    ,Information Technology,978-0078824760,18
414,Big Java,Cay S. Horstmann,Wiley,2001    ,Information Technology,978-1118430316,8
415,Site Reliability Engineering,Betsy Beyer,O'Reilly Media,2016    ,Information Technology,978-1491929124,14
416,Countdown to Zero Day: Stuxnet and the Launch of the World's First Digital Weapon,Kim Zetter,Crown,2014    ,Information Technology,978-0770436193,17
417,Dataclysm,Christian Rudder,Crown,2014    ,Information Technology,978-0385347396,16
418,Introduction to machine learning,Ethem Alpaydin,MIT Press,2004    ,Information Technology,978-0262028189,10
419,Machines That Think,Isaac Asimov,Holt McDougal,1984    ,Information Technology,978-0030614514,5
420,QBasic by example,Greg M. Perry,Que Publishing,1992    ,Information Technology,978-1565294394,9
421,The Hacker Crackdown,Bruce Sterling,Bantam,1992    ,Information Technology,978-0553563702,5
422,Rapid application development,"Martin, James",Macmillan,1991    ,Information Technology,978-0023767753,4
423,The Rust Programming Language,Steve Klabnik,No Starch Press,2018    ,Information Technology,978-1593278281,5
424,Enterprise systems for management,Luvai F. Motiwalla,Pearson,2008    ,Information Technology,978-0132145763,2
425,Python Basics,Không rõ,Real Python,2019    ,Information Technology,978-1775093329,17
426,Treffpunkt Deutsch,E. Rosemarie Widmaier,Pearson,1991    ,Information Technology,978-0205783267,5
427,"Microprocessor Architecture, Programming, and Applications with the 8085",Ramesh S. Gaonkar,Penram Intl,1996    ,Information Technology,978-8187972884,10
428,Secrets,Danielle Steel,Dell,1985    ,Information Technology,978-0440176480,3
429,Caries prevalence in the National Preventive Dentistry Demonstration Program,Không rõ,NIDR,1981    ,Information Technology,978-0160032943,3
430,Java Concurrency in Practice,Brian Goetz,Addison-Wesley,2006    ,Information Technology,978-0321349606,14
431,Halting State,Charles Stross,Ace,2007    ,Information Technology,978-0441016075,4
432,Budget issues,United States. General Accounting Office,GAO,1986    ,Information Technology,978-1243542526,4
433,Applied statistics and the SAS programming language,Ronald P. Cody,Pearson,1985    ,Information Technology,978-0131465329,5
434,Introduction to C Programming,Reema Thareja,Oxford University Press,2013    ,Information Technology,978-0199452057,20
435,The anti-politics machine,James Ferguson,Univ of Minnesota,1990    ,Information Technology,978-0816624379,12
436,Mathematical methods for physicists,George B. Arfken,Academic Press,1966    ,Information Technology,978-0123846549,12
437,Dynamic Physical Education for Elementary School Children,Robert P. Pangrazi,Pearson,1968    ,Information Technology,978-0321844514,6
438,Dealers of Lightning,Michael A. Hiltzik,Harper Business,1999    ,Information Technology,978-0887309892,16
439,Social security,United States. General Accounting Office,GAO,1986    ,Information Technology,978-1243542519,18
440,Star Trek Adventures - The New Voyages,Sondra Marshak,Bantam Books,1976    ,Information Technology,978-0553118209,1
441,Data Structures and Algorithms in Python,Michael T. Goodrich,Wiley,2012    ,Information Technology,978-1118290279,2
442,The Dream Machine,M. Mitchell Waldrop,Stripe Press,2001    ,Information Technology,978-1732265110,5
443,An introduction to object-oriented programming,Timothy Budd,Addison-Wesley,1991    ,Information Technology,978-0201760316,15
444,Advanced Computing and Systems for Security,Rituparna Chaki,Springer,2015    ,Information Technology,978-9811053283,10
445,Presentation Zen,Garr Reynolds,New Riders,2007    ,Information Technology,978-0321811981,2
446,Introduction to chemistry for biology students,George I. Sackheim,Pearson,1966    ,Information Technology,978-0805330755,19
447,True Names,Vernor Vinge,Dell,1984    ,Information Technology,978-0440300137,11
448,Overcoming language barriers in television,Georg-Michael Luyken,European Inst.,1991    ,Information Technology,978-0948111167,16
449,Programming Pearls,Jon Bentley,Addison-Wesley,1999    ,Information Technology,978-0201657883,8
450,Soft Skills,John Z. Sonmez,Manning,2015    ,Information Technology,978-1617292392,11
451,PHP,Steven Holzner,McGraw-Hill,2007    ,Information Technology,978-0071544009,18
452,Mechatronics,W. Bolton,Pearson,1996    ,Information Technology,978-1292076683,4
453,Basic business statistics,Mark L. Berenson,Pearson,1979    ,Information Technology,978-0133593846,8
454,Game Programming Patterns,Robert Nystrom,Genever Benning,2011    ,Information Technology,978-0990582908,20
455,Connectionist modeling and brain function,Carl R. Olson,MIT Press,1990    ,Information Technology,978-0262610735,19
456,Software metrics,Norman E. Fenton,CRC Press,1991    ,Information Technology,978-1439838228,15
457,Medical Terminology,Marjorie Canfield Willis,Lippincott,1996    ,Information Technology,978-0781747806,18
458,The first affair,Emma McLaughlin,Atria Books,2013    ,Information Technology,978-1451675764,18
459,Continuous Delivery,Jez Humble,Addison-Wesley,2010    ,Information Technology,978-0321601919,20
460,Edition 1,Thomson Gale,Gale,1989    ,Information Technology,978-1414438184,9
461,Working effectively with legacy code,Michael C. Feathers,Prentice Hall,,Information Technology,978-0131177055,14
462,Programming Perl,Larry Wall,O'Reilly Media,1990    ,Information Technology,978-0596000271,9
463,Beginning Python,James R. Payne,Wrox,2010    ,Information Technology,978-0470414637,14
464,Software architecture in practice,Len Bass,Addison-Wesley,1998    ,Information Technology,978-0321815736,6
465,Shadows of the mind,Roger Penrose,Oxford University Press,1994    ,Information Technology,978-0198519034,3
466,Gramática estructural de la lengua española,Helena Beristáin,Limusa,1975    ,Information Technology,978-9681801830,18
467,SAP MM-Functionality and Technical Configuration,Martin Murray,SAP Press,2006    ,Information Technology,978-1592290451,12
468,The psychology of computer programming,Gerald M. Weinberg,Dorset House,1971    ,Information Technology,978-0932633422,1
469,How Linux Works,Brian Ward,No Starch Press,2004    ,Information Technology,978-1593275679,11
470,The Four,Scott Galloway,Portfolio,2017    ,Information Technology,978-0735213654,17
471,Practical Malware Analysis,Michael Sikorski,No Starch Press,2012    ,Information Technology,978-1593272906,9
472,"Java, Java, Java",R. Morelli,Pearson,2002    ,Information Technology,978-0131474345,5
473,Creating Web pages for dummies,Bud E. Smith,For Dummies,1996    ,Information Technology,978-0470373415,19
474,U.S. Department of Agriculture,United States. General Accounting Office,GAO,1989    ,Information Technology,978-1243542502,20
475,Designing Machine Learning Systems,Chip Huyen,O'Reilly Media,2022    ,Information Technology,978-1098107963,7
476,Chomp,Carl Hiaasen,Knopf,2012    ,Information Technology,978-0375868429,2
477,Medical Terminology For Health Professions,Ann Ehrlich,Cengage,1988    ,Information Technology,978-1305632356,20
478,AutoCAD and its applications,Terence M. Shumaker,Goodheart-Willcox,1989    ,Information Technology,978-1631267499,19
479,The Bromeliad,Terry Pratchett,HarperCollins,1996    ,Information Technology,978-0060013189,10
480,The  (new) turing omnibus,A.K. Dewdney,Computer Science,1993    ,Information Technology,978-0805071665,9
481,Talking as fast as I can,Lauren Graham,Ballantine Books,1916    ,Information Technology,978-0399181276,5
482,Deep Learning with Python,Francois Chollet,Manning,2017    ,Information Technology,978-1617294433,17
483,"Liliom, egy csirkefogó élete és halála",Ferenc Molnár,Franklin,1909    ,Information Technology,978-9634057819,7
484,Blockchain Basics,Daniel Drescher,Apress,2017    ,Information Technology,978-1484226032,20
485,Fleabag,Phoebe Waller-Bridge,Nick Hern Books,2014    ,Information Technology,978-1848423640,2
486,Wings,Terry Pratchett,HarperCollins,1990    ,Information Technology,978-0060013165,7
487,Mastering Regular Expressions,Jeffrey E. F. Friedl,O'Reilly Media,1997    ,Information Technology,978-0596528126,4
488,Release It!,Michael T. Nygard,Pragmatic Bookshelf,2012    ,Information Technology,978-1680502398,1
489,UX for Beginners,Joel Marsh,O'Reilly Media,2016    ,Information Technology,978-1491912683,9
490,I-Series,Stephen Haag,McGraw-Hill,2001    ,Information Technology,978-0072473483,14
491,Coding for dummies,Nikhil Abraham,For Dummies,2015    ,Information Technology,978-1119293323,18
492,For the Win,Cory Doctorow,Tor Teen,2010    ,Information Technology,978-0765333889,7
493,Software testing techniques,Boris Beizer,Dreamtech Press,1983    ,Information Technology,978-8177222609,1
494,Raspberry Pi User Guide,Eben Upton,Wiley,2012    ,Information Technology,978-1119264330,6
495,Book of CODESYS,Gary Pratt,BookBaby,2021    ,Information Technology,978-1543997231,3
496,Python machine learning,Sebastian Raschka,Packt Publishing,2015    ,Information Technology,978-1785281426,12
497,Technology for Success,Jennifer Campbell,Cengage,2019    ,Information Technology,978-0357124840,15
498,"Cooperative Design, Visualization, and Engineering",Yuhua Luo,Springer,2004    ,Information Technology,978-3319024318,4
499,HTML,Jennifer Niederst Robbins,O'Reilly Media,1999    ,Information Technology,978-0596527327,15
500,Learning Perl,Randal L. Schwartz,O'Reilly Media,1993    ,Information Technology,978-1491954324,2
501,Plants,Angela Royston,Heinemann,1992    ,Information Technology,978-1403446541,5
502,Lazarus,Michaël van Canneyt,ILA,2010    ,Information Technology,978-9081277303,18
503,Nmap Network Scanning,Gordon Lyon,Insecure.Com LLC,2009    ,Information Technology,978-0979958717,7
504,Pragmatic Thinking and Learning,Andy Hunt,Pragmatic Bookshelf,2008    ,Information Technology,978-1934356050,19
505,The New Voyages 2,Sondra Marshak,Bantam Books,1976    ,Information Technology,978-0553114003,11
506,Thinking in Java,Bruce Eckel,Prentice Hall,1997    ,Information Technology,978-0131872486,11
507,Quantum Computing Since Democritus,Scott Aaronson,Cambridge University Press,2013    ,Information Technology,978-0521199568,7
508,Advanced C programming by example,John W. Perry,PWS Publishing,1998    ,Information Technology,978-0534951405,12
509,Lost in math,Sabine Hossenfelder,Basic Books,2018    ,Information Technology,978-0465094257,15
510,The History Boys,Alan Bennett,Faber & Faber,2004    ,Information Technology,978-0571224647,18
511,The Alignment Problem,Brian Christian,W. W. Norton,2020    ,Information Technology,978-0393635829,3
512,Data Structures Using C,Aaron M. Tenenbaum,Prentice Hall,1990    ,Information Technology,978-0131997462,8
513,Enterprise integration patterns,Gregor Hohpe,Addison-Wesley,2003    ,Information Technology,978-0321200686,13
514,Advanced Roblox Coding Book,Heath Haskins,Adams Media,2019    ,Information Technology,978-1507209868,12
515,Reverse Design,Patrick Holleman,CRC Press,2018    ,Information Technology,978-1138503113,12
516,C++ program design,James P. Cohoon,McGraw-Hill,1997    ,Information Technology,978-0072411638,3
517,Family nursing,Marilyn M. Friedman,Pearson,1981    ,Information Technology,978-0130604392,5
518,Advanced programming in the Unix environment,W. Richard Stevens,Addison-Wesley,1992    ,Information Technology,978-0321637734,15
519,Economic theory and operations analysis,William J. Baumol,Prentice Hall,1961    ,Information Technology,978-0132271400,11
520,IEEE standard for information technology,Institute of Electrical and Electronics Engineers,IEEE,1991    ,Information Technology,978-0738144085,16
521,Data structures,Richard F. Gilberg,Cengage Learning,1998    ,Information Technology,978-0534390808,10
522,Computer science illuminated,Nell B. Dale,Jones & Bartlett,2002    ,Information Technology,978-1284155617,19
523,Bitcoin and cryptocurrency technologies,Arvind Narayanan,Princeton University Press,2016    ,Information Technology,978-0691171692,6
524,Star Trek 8,James Blish,Bantam Books,1972    ,Information Technology,978-0553120158,4
525,Krondor,Raymond E. Feist,Avon,1998    ,Information Technology,978-0380974757,5
526,Learn Programming,Antti Salonen,Independent,2018    ,Information Technology,978-1981242399,4
527,The Hundred-Page Machine Learning Book,Andriy Burkov,Andriy Burkov,2019    ,Information Technology,978-1999579500,9
528,Information Dashboard Design,Stephen Few,O'Reilly Media,2006    ,Information Technology,978-1933019345,20
529,The pattern on the stone,W. Daniel Hillis,Basic Books,1998    ,Information Technology,978-0465025756,18
530,User Story Mapping,Jeff Patton,O'Reilly Media,2013    ,Information Technology,978-1491904909,20
531,Discovering Computers 2018,Misty E. Vermaat,Cengage Learning,2017    ,Information Technology,978-1337285100,7
532,I Am Spock,Leonard Nimoy,Hyperion,1995    ,Information Technology,978-0786861828,15
533,Designing the user interface,Ben Shneiderman,Pearson,1987    ,Information Technology,978-0134380384,17
534,Software Testing,Ron Patton,Sams Publishing,2000    ,Information Technology,978-0672327988,2
535,The little disturbances of man,Grace Paley,Penguin Books,1959    ,Information Technology,978-0140188035,17
536,Python in a Nutshell,Alex Martelli,O'Reilly Media,2002    ,Information Technology,978-1449392925,16
537,প্রোগ্রামিং কনটেস্ট,মোঃ মাহবুবুল হাসান,Dimik Prokashani,2016    ,Information Technology,978-9843423719,7
538,Internetworking with TCP/IP,Douglas E. Comer,Pearson,1988    ,Information Technology,978-0136085300,3
539,Advances in Electronics and Electron Physics (Advances in Imaging and Electron Physics),Peter W. Hawkes,Academic Press,1984    ,Information Technology,978-0120146741,11
540,Python for Kids,Jason R. Briggs,No Starch Press,2012    ,Information Technology,978-1593274078,8
541,Advances in Swarm Intelligence,Ying Tan,Springer,2012    ,Information Technology,978-3642134944,5
542,Around the World in Eighty Days,Michael Palin,BBC Books,1989    ,Information Technology,978-0563208266,14
543,"Narcotic drugs, additional cooperative arrangements to curb illegal traffic",Mexico.,United Nations,1821    ,Information Technology,978-1243542496,16
544,Who Was Steve Jobs?,Pam Pollack,Penguin Workshop,2012    ,Information Technology,978-0448462110,15
545,"Beginning Web programming with HTML, XHTML, and CSS",Jon Duckett,Wrox,2004    ,Information Technology,978-0470259313,3
546,Mastering Blockchain,Imran Bashir,Packt Publishing,2017    ,Information Technology,978-1788839044,1
547,BASIC,Robert J. Bent,Brooks/Cole,1978    ,Information Technology,978-0534125868,8
548,Instructional design,Patricia L. Smith,Wiley,1993    ,Information Technology,978-0471393535,18
549,Ruthless.com,Jerome Preisler,Berkley,1998    ,Information Technology,978-0425165713,14
550,Java Programming,Joyce Farrell,Cengage Learning,1998    ,Information Technology,978-1337397070,19
551,Hush,Jacqueline Woodson,Putnam Juvenile,2002    ,Information Technology,978-0399231148,4
552,The Go Programming Language,Alan A. A. Donovan,Addison-Wesley,2015    ,Information Technology,978-0134190440,16
553,Software Engineering at Google,Titus Winters,O'Reilly Media,2020    ,Information Technology,978-1492056300,16
554,Software (Ware Tetralogy #1),Rudy Rucker,Prime Books,1982    ,Information Technology,978-1607012375,1
555,Game of Thrones,Cindy De La Hoz,Running Press,2015    ,Information Technology,978-0762452446,4
556,Discrete mathematics with graph theory,Edgar G. Goodaire,Pearson,1998    ,Information Technology,978-0131679955,7
557,First course in programming with C.,T. Jeyapoovan,Vikas Publishing,2010    ,Information Technology,978-8125912118,2
558,"Planning, Implementing, and Evaluating Health Promotion Programs",James F. McKenzie,Pearson,1992    ,Information Technology,978-0134219929,8
559,Data structures & algorithms in Java,Robert Lafore,Sams Publishing,2003    ,Information Technology,978-0672324536,9
560,Synners,Pat Cadigan,Gollancz,1991    ,Information Technology,978-0575094918,14
561,Computer power and human reason,Joseph Weizenbaum,W. H. Freeman,1975    ,Information Technology,978-0716704638,5
562,Patterns,IBM Redbooks,IBM,2002    ,Information Technology,978-0738421889,20
563,Principles of distributed database systems,M. Tamer Özsu,Springer,1999    ,Information Technology,978-3030325619,11
564,Beautiful Code,Andy Oram,O'Reilly Media,2007    ,Information Technology,978-0596510046,2
565,Medical terminology,Davi-Ellen Chabner,Saunders,1991    ,Information Technology,978-1455728466,17
566,The Elements of Statistical Learning,Trevor Hastie,Springer,2001    ,Information Technology,978-0387848570,14
567,Alcoholics Anonymous,Alcoholics Anonymous.,AA World Services,1939    ,Information Technology,978-1893007161,6
568,Cybersecurity Essentials,Charles J. Brooks,Sybex,2018    ,Information Technology,978-1119362319,4
569,Python for dummies,Stef Maruch,For Dummies,2006    ,Information Technology,978-0471778172,9
570,Building Embedded Linux Systems,Karim Yaghmour,O'Reilly Media,2003    ,Information Technology,978-0596529680,20
571,Practical C Programming,Steve Oualline,O'Reilly Media,1991    ,Information Technology,978-1565923065,19
572,Mathematics for Machine Learning,Marc Peter Deisenroth,Cambridge University Press,2019    ,Information Technology,978-1108455145,19
573,Business Analytics,Sanjiv Jaggia,McGraw-Hill,2020    ,Information Technology,978-1260444391,4
574,Absolute Java,Walter J. Savitch,Pearson,2003    ,Information Technology,978-0134041674,12
575,The Future of the Mind,Michio Kaku,Doubleday,2014    ,Information Technology,978-0385530828,19
576,Dreaming in code,Scott Rosenberg,Crown,2007    ,Information Technology,978-1400082469,19
577,Purely functional data structures,Chris Okasaki,Cambridge University Press,1998    ,Information Technology,978-0521663502,12
578,JavaScript bible,Danny Goodman,Wiley,1996    ,Information Technology,978-0470367308,19
579,An Introduction to Object-Oriented Programming With Java,C. Thomas Wu,McGraw-Hill,1998    ,Information Technology,978-0073523682,5
580,Your Office,Amy S. Kinser,Pearson,2012    ,Information Technology,978-0134479521,2
581,Game Ai Pro 360,Steve Rabin,CRC Press,2019    ,Information Technology,978-0367151041,13
582,Introduction To Computation And Programming Using Python,John Guttag,MIT Press,2013    ,Information Technology,978-0262542364,12
583,Rapid development,Steve McConnell,Microsoft Press,1996    ,Information Technology,978-1556159008,17
584,Life Coaching,Michael Neenan,Routledge,2002    ,Information Technology,978-1138814578,6
585,Solutions Manual for Signals and Systems Primer with MATLAB,Alexander D. Poularikas,CRC Press,2007    ,Information Technology,978-0849310850,13
586,Himachal Pradesh budget manual,Himachal Pradesh (India). Finance Dept.,Govt. Press,1971    ,Information Technology,978-1243542489,5
587,Digital Design,John F. Wakerly,Pearson,1990    ,Information Technology,978-0134460093,3
588,Easy Spanish step-by-step,Barbara Bregstein,McGraw-Hill,2005    ,Information Technology,978-0071463386,3
589,Bioinformatics,David W. Mount,CSHL Press,2001    ,Information Technology,978-0879697129,6
590,Algorithms,Robert Sedgewick,Addison-Wesley,1983    ,Information Technology,978-0321573513,11
591,Algorithms + data structures=programs,Niklaus Wirth,Prentice Hall,1976    ,Information Technology,978-0130224187,19
592,Feeding Hannibal,Janice Poon,Titan Books,2016    ,Information Technology,978-1783295722,3
593,People,Peter Spier,Doubleday,1980    ,Information Technology,978-0385131810,19
594,DOS,Kris A. Jamsa,McGraw-Hill,1987    ,Information Technology,978-0078819162,6
595,Flutter Apprentice,raywenderlich Tutorial Team,Razeware LLC,2021    ,Information Technology,978-1950325436,1
596,Applied numerical methods for engineers and scientists,"Rao, S. S.",Pearson,2002    ,Information Technology,978-0130894809,2
597,Sams teach yourself SQL in 10 minutes,Ben Forta,Sams Publishing,1999    ,Information Technology,978-0135122792,16
598,Automating Inequality,Virginia Eubanks,St. Martin's Press,2018    ,Information Technology,978-1250074317,12
599,The power of your other hand,Lucia Capacchione,Career Press,1988    ,Information Technology,978-1564144492,13
600,Computers!,Timothy N. Trainor,McGraw-Hill,1987    ,Information Technology,978-0070651814,5
601,Think like a Programmer,V. Anton Spraul,No Starch Press,2012    ,Information Technology,978-1593274245,17
602,No Humans Involved,Kelley Armstrong,Bantam,2007    ,Information Technology,978-0553587081,19
603,Learning SQL,Alan Beaulieu,O'Reilly Media,2005    ,Information Technology,978-1492057611,19
604,The Practice of Programming (Addison-Wesley Professional Computing Series),Brian W. Kernighan,Addison-Wesley,1999    ,Information Technology,978-0201615869,3
605,Starting out with Python,Tony Gaddis,Pearson,2008    ,Information Technology,978-0134444321,7
606,Here comes everybody,Clay Shirky,Penguin Books,2008    ,Information Technology,978-0143114949,1
607,The Humane Interface,Jef Raskin,Addison-Wesley,2000    ,Information Technology,978-0201379372,1
608,IBM PC Apprentice,Inc. Wordware Pub.,Wordware Publishing,1984    ,Information Technology,978-0915381531,17
609,Quick calculus,Daniel Kleppner,Wiley,1965    ,Information Technology,978-0471827221,18
610,The spirit of C,Henry Mullish,Bantam Books,1987    ,Information Technology,978-0553344042,11
611,Starting out with C++,Tony Gaddis,Pearson,2000    ,Information Technology,978-0134400242,14
612,Mindset Mathematics,Jo Boaler,Jossey-Bass,2017    ,Information Technology,978-1119358626,7
613,Game engine architecture,Jason Gregory,CRC Press,2009    ,Information Technology,978-1138035454,20
614,Data Structure and Algorithmic Thinking with Python: Data Structure and Algorithmic Puzzles,Narasimha Karumanchi,CareerMonk,2015    ,Information Technology,978-8192107592,16
615,Computer organization and design,David A. Patterson,Morgan Kaufmann,2004    ,Information Technology,978-0128122754,18
616,Determinants and matrices,Alexander Aitken,Oliver and Boyd,1939    ,Information Technology,978-0050013342,15
617,Professional JavaScript for Web developers,Nicholas C. Zakas,Wrox,2005    ,Information Technology,978-1118026694,6
618,Much Ado about Nothing by William Shakespeare the New Fully Annotated Edition,William Shakespeare,Simon & Schuster,1914    ,Information Technology,978-0743482752,14
619,Girlfriend in a coma,Douglas Coupland,Harper Perennial,1998    ,Information Technology,978-0060931414,12
620,High Wizardry (digest),Diane Duane,Harcourt,1990    ,Information Technology,978-0152162443,7
621,Learning React,Alex Banks,O'Reilly Media,2018    ,Information Technology,978-1492044239,10
622,Metasploit,David Kennedy,No Starch Press,2011    ,Information Technology,978-1593272883,19
623,Terraform : Up & Running,Yevgeniy Brikman,O'Reilly Media,2017    ,Information Technology,978-1492046905,19
624,Programming: Principles and Practice Using C++ (2nd Edition),Bjarne Stroustrup,Addison-Wesley,2014    ,Information Technology,978-0321992789,15
625,Crypto,Steven Levy,Penguin Books,2001    ,Information Technology,978-0140244328,10
626,A treatise on organon of medicine,Asok Kumar Das,B. Jain Publishers,1985    ,Information Technology,978-8131903025,9
627,Practical Analytics,Nitin Kale,Epistemy Press,2020    ,Information Technology,978-0997209211,10
628,Effective Python,Brett Slatkin,Addison-Wesley,2015    ,Information Technology,978-0134034287,7
629,Advanced 80386 programming techniques,James L. Turley,Osborne McGraw-Hill,1988    ,Information Technology,978-0078813429,12
630,Python programming,John M. Zelle,"Franklin, Beedle",2003    ,Information Technology,978-1590282755,11
631,Programming in C,Reema Thareja,Oxford University Press,2016    ,Information Technology,978-0199456147,5
632,TCP/IP,Craig Hunt,O'Reilly Media,1992    ,Information Technology,978-0596002978,7
633,The Fortune at the Bottom of the Pyramid,C. K. Prahalad,Wharton School,2004    ,Information Technology,978-0137009275,4
634,Criminal justice internships,Gary R. Gordon,Routledge,1984    ,Information Technology,978-1455731350,18
635,Essentials of oceanography,Tom S. Garrison,Cengage Learning,1995    ,Information Technology,978-1337098649,9
636,Star Trek - Uhura's Song,Janet Kagan,Pocket Books,1985    ,Information Technology,978-0671740092,7
637,Applying UML and patterns,Craig Larman,Prentice Hall,1998    ,Information Technology,978-0131489066,11
638,UML distilled,Martin Fowler,Addison-Wesley,1997    ,Information Technology,978-0321193681,13
639,C++ programming,Larry Ullman,Peachpit Press,2005    ,Information Technology,978-0321350145,2
640,Transformers for Natural Language Processing,Denis Rothman,Packt Publishing,2021    ,Information Technology,978-1800562455,7
641,El juego de Ripper,Isabel Allende,Plaza & Janés,2013    ,Information Technology,978-0804171694,20
642,Data structures and algorithms in C++,Adam Drozdek,Cengage Learning,1995    ,Information Technology,978-1133608424,18
643,Principles of everyday behavior analysis,L. Keith Miller,Cengage Learning,1975    ,Information Technology,978-0495506331,7
644,Basics of Hacking and Penetration Testing,Patrick Engebretson,Syngress,2011    ,Information Technology,978-0124116443,11
645,Computer Science With C++ Class,Sumita Arora,Dhanpat Rai & Co,2017    ,Information Technology,978-8177002348,15
646,MATLAB,Amos Gilat,Wiley,2003    ,Information Technology,978-1119299257,16
647,On intelligence,Jeff Hawkins,Times Books,2005    ,Information Technology,978-0805074567,16
648,"Growing object-oriented software, guided by tests",Steve Freeman,Addison-Wesley,2010    ,Information Technology,978-0321503626,6
649,Beginning JavaScript,Paul Wilton,Wrox,2000    ,Information Technology,978-0470525937,3
650,Essential Scrum,Kenneth S. Rubin,Addison-Wesley,2012    ,Information Technology,978-0137043293,7
651,97 Things Every Programmer Should Know,Kevlin Henney,O'Reilly Media,2010    ,Information Technology,978-0596809485,20
652,Linux,Daniel J. Barrett,O'Reilly Media,2004    ,Information Technology,978-1491937419,15
653,Mind Over Machine,Hubert L. Dreyfus,Free Press,1986    ,Information Technology,978-0029080610,15
654,The New Hacker's Dictionary,Eric S. Raymond,MIT Press,1991    ,Information Technology,978-0262680929,16
655,Agile Project Management For Dummies,Mark C. Layton,For Dummies,2012    ,Information Technology,978-1119405696,4
656,Working in Public,Nadia Asparouhova,Stripe Press,2020    ,Information Technology,978-1732265189,5
657,Responsive Web Design,Ethan Marcotte,A Book Apart,2011    ,Information Technology,978-1937557188,5
658,AI and Machine Learning for Coders,Laurence Moroney,O'Reilly Media,2020    ,Information Technology,978-1492078197,16
659,Intro to Python for Computer Science and Data Science,Paul J. Deitel,Pearson,2019    ,Information Technology,978-0135404676,7
660,5 Steps to a 5,Eric R. Dodge,McGraw-Hill,2016    ,Information Technology,978-1264267569,19
661,Effective C++,Scott Meyers,Addison-Wesley,1991    ,Information Technology,978-0321334879,18
662,Parallel Processing and Applied Mathematics,Roman Wyrzykowski,Springer,2003    ,Information Technology,978-3031043826,4
663,Introduction to text linguistics,Robert De Beaugrande,Routledge,1981    ,Information Technology,978-0582550025,17
664,Irresistible,Adam L. Alter,Penguin Books,2017    ,Information Technology,978-0735222847,9
665,Neural Information Processing,Tingwen Huang,Springer,2012    ,Information Technology,978-3642344749,19
666,Murach's MySQL,Joel Murach,Mike Murach & Assoc,2012    ,Information Technology,978-1943872367,9
667,French for reading,Karl C. Sandberg,Prentice Hall,1968    ,Information Technology,978-0133316032,19
668,Program evaluation,Emil J. Posavac,Routledge,1980    ,Information Technology,978-1138103962,9
669,An introduction to management science,David Ray Anderson,Cengage Learning,1976    ,Information Technology,978-1111823610,11
670,C++ Black Book,Steven Holzner,Paraglyph Press,2000    ,Information Technology,978-1932111101,2
671,C++ primer plus,Stephen Prata,Addison-Wesley,1995    ,Information Technology,978-0321776402,18
672,Problem solving and programming concepts,Maureen Sprankle,Pearson,1989    ,Information Technology,978-0132492645,5
673,IoT,Souvik Pal,CRC Press,2020    ,Information Technology,978-0367341336,6
674,Apprendre !,Stanislas Dehaene,Odile Jacob,2018    ,Information Technology,978-2738145222,1
675,Federal research,United States. General Accounting Office,GAO,1989    ,Information Technology,978-1243542472,16
676,Perceptrons,Marvin Minsky,MIT Press,1969    ,Information Technology,978-0262631111,16
677,Taming of the Shrew,William Shakespeare,Simon & Schuster,1734    ,Information Technology,978-0743477574,6
678,WordPress all-in-one for dummies,Lisa Sabin-Wilson,For Dummies,2011    ,Information Technology,978-1119551393,5
679,"Think Like a Programmer, Python Edition",V. Anton Spraul,No Starch Press,,Information Technology,978-1593278571,16
680,Richard Hittleman's Yoga,Richard Hittleman,Workman,1969    ,Information Technology,978-0894801389,6
681,An introduction to computer science,Jean-Paul Tremblay,McGraw-Hill,1979    ,Information Technology,978-0070651678,5
682,Representing landscapes,Nadia Amoroso,Routledge,2012    ,Information Technology,978-0415517805,5
683,Pattern Recognition,Cheng-Lin Liu,Springer,2012    ,Information Technology,978-3642335051,9
684,Hands-On Machine Learning with Scikit-Learn and TensorFlow,Aurélien Géron,O'Reilly Media,2017    ,Information Technology,978-1492032649,4
685,Discovering Statistics Using Ibm Spss Statistics,Andy Field,SAGE Publications,2013    ,Information Technology,978-1446249185,6
686,Sketching User Experiences,Bill Buxton,Morgan Kaufmann,2007    ,Information Technology,978-0123740373,8
687,Harlan Ellison's The city on the edge of forever (teleplay),Harlan Ellison,IDW Publishing,1995    ,Information Technology,978-1613779958,6
688,Optimal Thinking,Rosalene Glickman,Wiley,1990    ,Information Technology,978-0471414643,1
689,Not Your Sidekick,C. B. Lee,Duet,2016    ,Information Technology,978-1945053078,11
690,Learning Patterns,Lydia Hallie,O'Reilly Media,2021    ,Information Technology,978-1098138547,6
691,The art of UNIX programming,Eric S. Raymond,Addison-Wesley,2003    ,Information Technology,978-0131429017,12
692,Semiramide,Gioacchino Rossini,G. Schirmer,1800    ,Information Technology,978-0634069819,20
693,Route nationale,Lol Briggs,Nelson Thornes,1992    ,Information Technology,978-0174393665,20
694,Classical and object-oriented software engineering,Stephen R. Schach,McGraw-Hill,1996    ,Information Technology,978-0073523354,12
695,Preparing instructional objectives,Robert Frank Mager,David S. Lake,1962    ,Information Technology,978-1564146335,4
696,Lessons learned in software testing,Cem Kaner,Wiley,2001    ,Information Technology,978-0471081128,20
697,Rule 34,Charles Stross,Ace,2011    ,Information Technology,978-0441020348,9
698,Air traffic control,United States. General Accounting Office,GAO,1988    ,Information Technology,978-1243542465,7
699,Data mining,Charu C. Aggarwal,Springer,2015    ,Information Technology,978-3319141411,14
700,Web Programming,Chris Bates,Wiley,2000    ,Information Technology,978-0470017753,19
701,Dream Park,Larry Niven,Ace,1981    ,Information Technology,978-0441014842,2
702,Pattern classification and scene analysis,Richard O. Duda,Wiley-Interscience,1973    ,Information Technology,978-0471223610,14
703,Secrets and Lies,Bruce Schneier,Wiley,2000    ,Information Technology,978-0471453802,7
704,Programming languages,Terrence W. Pratt,Prentice Hall,1975    ,Information Technology,978-0130276780,7
705,Everybody lies,Seth Stephens-Davidowitz,Harper,2017    ,Information Technology,978-0062390851,11
706,Defense acquisitions,United States. General Accounting Office,GAO,1999    ,Information Technology,978-1243542458,20
707,SCADA,Stuart A. Boyer,ISA,1993    ,Information Technology,978-1941546956,19
708,Cyberpunk,Katie Hafner,Simon & Schuster,1991    ,Information Technology,978-0684818627,13
709,Intro stats,Richard D. De Veaux,Pearson,2003    ,Information Technology,978-0134210223,6
710,Systems programming,John J. Donovan,McGraw-Hill,1972    ,Information Technology,978-0070176034,2
711,Cryptography and Network Security,William Stallings,Pearson,2002    ,Information Technology,978-0134444284,16
712,Foundations of nursing research,Rose Marie Nieswiadomy,Pearson,1987    ,Information Technology,978-0134167213,10
713,Destinos,Bill VanPatten,McGraw-Hill,1991    ,Information Technology,978-0070672055,10
714,The Simpsons and Their Mathematical Secrets,Simon Singh,Bloomsbury,2013    ,Information Technology,978-1620400463,19
715,Android application development all-in-one for dummies,Barry Burd,For Dummies,2011    ,Information Technology,978-1119711674,10
716,Qpro 50 Win/Adv Qpro 50 Umd Pl BD P,Hutchinson,McGraw-Hill,1995    ,Information Technology,978-0078819582,11
717,Python All-in-One For Dummies,John Shovic,For Dummies,2019    ,Information Technology,978-1119787600,17
718,Phonics,Holly Fitzgerald,Pearson,1990    ,Information Technology,978-0205244584,14
719,Image Analysis and Recognition,Aurélio Campilho,Springer,2004    ,Information Technology,978-3642150777,1
720,"Emerging Research in Computing, Information, Communication and Applications",N. R. Shetty,Springer,2015    ,Information Technology,978-9811360008,16
721,Problem solving and program design in C,Jeri R. Hanly,Pearson,1993    ,Information Technology,978-0134014890,12
722,Java how to program--late objects version,Paul J. Deitel,Pearson,2009    ,Information Technology,978-0134462011,2
723,UML,Jason T. Roff,McGraw-Hill,2002    ,Information Technology,978-0072227482,11
724,Cryptography and network security,William Stallings,Pearson,2006    ,Information Technology,978-0133354690,15
725,Defense health care,United States. General Accounting Office,GAO,1990    ,Information Technology,978-1243542441,7
726,Maths Investigator,Caroline Clissold,Oxford University Press,2007    ,Information Technology,978-0198301547,2
727,Changing Places,David Lodge,Penguin Books,1975    ,Information Technology,978-0140170986,16
728,Beverly Hills 90210,Mel Gilden,HarperCollins,1991    ,Information Technology,978-0061060939,10
729,Kanban,David J Anderson,Blue Hole Press,2010    ,Information Technology,978-0984521401,11
730,Space demons,Gillian Rubinstein,Penguin Books,1988    ,Information Technology,978-0140320601,12
731,SPSS Explained,Perry R. Hinton,Routledge,2004    ,Information Technology,978-0415616027,3
732,Poison Island,Arthur Quiller-Couch,Dutch,1907    ,Information Technology,978-1414249155,4
733,The poetical works of Bret Harte,Bret Harte,Houghton Mifflin,1789    ,Information Technology,978-1354366622,13
734,Ethical Hacking and Penetration Testing Guide,Rafay Baloch,CRC Press,2014    ,Information Technology,978-1482231892,3
735,Doing Data Science,Rachel Schutt,O'Reilly Media,2013    ,Information Technology,978-1449358655,1
736,Star Fraction,Ken MacLeod,Legend,1995    ,Information Technology,978-0712677394,16
737,Algorithms and data structures,Niklaus Wirth,Prentice Hall,1986    ,Information Technology,978-0130220059,20
738,Simpsons comics Strike Back,Matt Groening,Harper Perennial,1996    ,Information Technology,978-0060951832,14
739,Show-Stopper!,G. Pascal Zachary,Free Press,1994    ,Information Technology,978-0029356715,7
740,Greetings from witness protection!,Jake Burt,Feiwel & Friends,2017    ,Information Technology,978-1250107114,8
741,Pedro and Me,Judd Winick,Henry Holt,2000    ,Information Technology,978-0805064032,18
742,Node.js,Sebastian Springer,Rheinwerk Computing,2022    ,Information Technology,978-1493222926,20
743,SPSS Survival Manual,Julie Pallant,McGraw-Hill,2001    ,Information Technology,978-0335261543,11
744,You're Never Weird on the Internet (Almost),Felicia Day,Touchstone,2015    ,Information Technology,978-1476785660,16
745,Making money online,Antonia Chitty,White Ladder,2013    ,Information Technology,978-1905410651,9
746,Star Trek - Log Five,Alan Dean Foster,Ballantine Books,1975    ,Information Technology,978-0345243652,16
747,Creating environments for learning,Julie Bullard,Pearson,2009    ,Information Technology,978-0134014548,16
748,Rise of the Rocket Girls,Nathalia Holt,"Little, Brown",2016    ,Information Technology,978-0316338929,8
749,The Night Listener,Armistead Maupin,HarperCollins,1969    ,Information Technology,978-0060199975,4
750,Computer architecture,John L. Hennessy,Morgan Kaufmann,1989    ,Information Technology,978-0128119051,5
751,Tierra,Eloy Moreno,Ediciones B,2020    ,Information Technology,978-8466664660,10
752,Working Effectively with Legacy Code,Michael C. Feathers,Prentice Hall,2004    ,Information Technology,978-0131177055,13
753,Cybercrime and Digital Forensics,Thomas J. Holt,Routledge,2015    ,Information Technology,978-1138238732,9
754,DATA MINING FOR BUSINESS ANALYTICS,Galit Shmueli,Wiley,2016    ,Information Technology,978-1118879368,19
755,Data Structures and Algorithms Made Easy in Java,Narasimha Karumanchi,CareerMonk,2011    ,Information Technology,978-8193245279,18
756,Medicaid,United States. General Accounting Office,GAO,1986    ,Information Technology,978-1243542434,20
757,System software,Leland L. Beck,Pearson,1985    ,Information Technology,978-0201444513,11
758,CompTIA Security+ Study Guide,Mike Chapple,Sybex,2021    ,Information Technology,978-1119736257,11
759,Teaching children science,Joseph Abruscato,Pearson,1982    ,Information Technology,978-0134533728,16
760,UI/UX Design,Jiajia Xia,SendPoints,2016    ,Information Technology,978-9887757306,16
761,The Manga Guide to Databases,Mana Takahashi,No Starch Press,2005    ,Information Technology,978-1593271909,13
762,Broad Band,Claire Lisa Evans,Portfolio,2018    ,Information Technology,978-0735211759,3
763,This Is How They Tell Me the World Ends,Nicole Perlroth,Bloomsbury,2021    ,Information Technology,978-1635576030,14
764,FastCARD,Thomson NETg Press,Thomson,2005    ,Information Technology,978-0619213121,7
765,The 8086 microprocessor,Kenneth J. Ayala,Cengage Learning,1995    ,Information Technology,978-8131501993,3
766,Ethics and technology,Herman T. Tavani,Wiley,2003    ,Information Technology,978-1119126522,17
767,Core Java 2.,Cay S. Horstmann,Prentice Hall,1999    ,Information Technology,978-0131118263,17
768,Atlas of AI,Kate Crawford,Yale University Press,2021    ,Information Technology,978-0300209570,9
769,Frogs into princes,John Grinder,Real People Press,1979    ,Information Technology,978-0911226195,4
770,Apprenticeship Patterns,Dave H. Hoover,O'Reilly Media,2009    ,Information Technology,978-0596518387,16
771,Game Design,Marc Saltzman,BradyGames,1999    ,Information Technology,978-0744004076,14
772,Let Us Python,Yashavant Kanetkar,BPB Publications,2019    ,Information Technology,978-9389845006,17
773,Fundamentals of software engineering,Carlo Ghezzi,Prentice Hall,1991    ,Information Technology,978-0133051575,13
774,Data structures and program design in C,Robert L. Kruse,Pearson,1991    ,Information Technology,978-0137256433,6
775,Kubernetes in Action,Marko Luksa,Manning,2017    ,Information Technology,978-1617293726,16
776,An Introduction to Computer Studies,Noel Kalicharan,Cambridge University Press,1988    ,Information Technology,978-0521316415,17
777,Doctor Who,Steve Lyons,BBC Books,2000    ,Information Technology,978-0563486244,5
778,Close to the Machine,Ellen Ullman,City Lights Publishers,1997    ,Information Technology,978-0872865709,3
779,"Web Design with HTML, CSS, JavaScript and jQuery Set",Jon Duckett,Wiley,2014    ,Information Technology,978-1118907443,4
780,"Infants, toddlers, and caregivers",Janet Gonzalez-Mena,McGraw-Hill,1989    ,Information Technology,978-0078110344,12
781,Long-term care,United States. General Accounting Office,GAO,1991    ,Information Technology,978-1243542427,14
782,Recovery,Russell Brand,Bluebird,2017    ,Information Technology,978-1509850563,2
783,Advances in visual computing,George Bebis,Springer,2005    ,Information Technology,978-3642239564,18
784,The Original Hitchhiker Radio Scripts,Douglas Adams,Pan Books,1985    ,Information Technology,978-0330419574,16
785,A Balanced Introduction to Computer Science,David Reed,Pearson,2005    ,Information Technology,978-0136017226,14
786,The Washingtonienne,Jessica Cutler,Hyperion,2005    ,Information Technology,978-1401302481,7
787,iPod,J. D. Biersdorfer,O'Reilly Media,2003    ,Information Technology,978-0596520625,12
788,Project APEX,Không rõ,Không rõ,1999    ,Information Technology,Không rõ,4
789,Java Cookbook,Ian F. Darwin,O'Reilly Media,2001    ,Information Technology,978-1449337049,5
790,Encyclopedia of Computer Science and Technology,Allen Kent,CRC Press,1996    ,Information Technology,978-0824722517,9
791,Supercharge Power BI,Matt Allington,"Tickling Keys, Inc.",2018    ,Information Technology,978-1615792559,9
792,Kotlin Programming,Matthew Mathias,Big Nerd Ranch,2018    ,Information Technology,978-0135161630,11
793,Coders,Clive Thompson,Penguin Press,2019    ,Information Technology,978-0735220560,1
794,Microsoft Secrets,Michael A. Cusumano,Free Press,1995    ,Information Technology,978-0028740485,14
795,Just Grandma and Me,Mercer Mayer,Golden Books,1983    ,Information Technology,978-0307126894,11
796,HTTP,David Gourley,O'Reilly Media,1997    ,Information Technology,978-1565925090,3
797,CompTIA IT Fundamentals Study Guide,Quentin Docter,Sybex,2015    ,Information Technology,978-1119513124,15
798,"Night Moves (Tom Clancy's Net Force, No. 3)",Tom Clancy,Berkley,1999    ,Information Technology,978-0425174005,11
799,Practical UI,Adham Dannaway,Adham Dannaway,2022    ,Information Technology,978-0646874883,6
800,Introduction to software engineering,Ronald J. Leach,CRC Press,2000    ,Information Technology,978-1498705271,17
801,Crafting Interpreters,Robert Nystrom,Genever Benning,2021    ,Information Technology,978-0990582939,9
802,Pinterest For Dummies,Kelby Carr,For Dummies,2012    ,Information Technology,978-1118328002,6
803,When Affirmative Action Was White,Ira Katznelson,W. W. Norton,2005    ,Information Technology,978-0393328516,10
804,Starting Out with Python,Tony Gaddis,Pearson,2020    ,Information Technology,978-0134444321,3
805,Army of none,Paul Scharre,W. W. Norton,2018    ,Information Technology,978-0393608984,10
806,Teaching science to children,Alfred E. Friedl,McGraw-Hill,1986    ,Information Technology,978-0072557008,17
807,Hadoop 2 Quick-Start Guide,Douglas Eadline,Addison-Wesley,2015    ,Information Technology,978-0321933423,14
808,Statistics and data analysis in geology,John C. Davis,Wiley,1973    ,Information Technology,978-0471175759,8
809,English 3200,Joseph C. Blumenthal,Harcourt Brace,1962    ,Information Technology,978-0155226753,20
810,Disrupted,Daniel Lyons,Hachette Books,2016    ,Information Technology,978-0316306058,10
811,Peter Norton's Introduction to Computers,Peter Norton,McGraw-Hill,1988    ,Information Technology,978-0078210587,13
812,How to Design Programs,Matthias Felleisen,MIT Press,2001    ,Information Technology,978-0262062183,1
813,The Desperate housewives cookbook,Christopher Styler,Hyperion,2006    ,Information Technology,978-1401302771,8
814,Inside COM,Dale Rogerson,Microsoft Press,1997    ,Information Technology,978-1572313491,16
815,SQL in a Nutshell,Kevin E. Kline,O'Reilly Media,2000    ,Information Technology,978-0596518844,14
816,C# in Depth,Jon Skeet,Manning,2008    ,Information Technology,978-1617294532,15
817,Awaken Your Strongest Self,Neil Fiore,McGraw-Hill,2006    ,Information Technology,978-0071463607,16
818,Understanding digital literacies,Rodney H. Jones,Routledge,2012    ,Information Technology,978-0415496162,4
819,The Cinderella murder,Mary Higgins Clark,Simon & Schuster,2014    ,Information Technology,978-1476763132,11
820,Managing Humans,Michael Lopp,Apress,2007    ,Information Technology,978-1484221570,17
821,Mathematics for elementary teachers,Sybilla Beckmann,Pearson,2004    ,Information Technology,978-0134392790,20
822,All Dressed in White,Mary Higgins Clark,Simon & Schuster,2015    ,Information Technology,978-1501118548,9
823,George shrinks,William Joyce,HarperCollins,1985    ,Information Technology,978-0060230708,7
824,Quick & easy medical terminology,Peggy C. Leonard,Saunders,1990    ,Information Technology,978-0323359207,2
825,Discovering computers,Gary B. Shelly,Cengage Learning,2006    ,Information Technology,978-1111530327,1
826,Environmental science,Richard T. Wright,Pearson,2002    ,Information Technology,978-0321897060,9
827,Algorithmic Trading,Ernie Chan,Wiley,2013    ,Information Technology,978-0470213278,17
828,MATLAB for engineers,Holly Moore,Pearson,2007    ,Information Technology,978-0134589640,8
829,Star Trek 11,James Blish,Bantam Books,1975    ,Information Technology,978-0553135022,13
830,Evaluation,Carol H. Weiss,Prentice Hall,1998    ,Information Technology,978-0133097252,15
831,Network Security Assessment,Chris McNab,O'Reilly Media,2004    ,Information Technology,978-1491910955,18
832,3D Game Environments,Luke Ahearn,Focal Press,2008    ,Information Technology,978-0240808956,13
833,"Worlds Together, Worlds Apart",Elizabeth Pollard,W. W. Norton,2014    ,Information Technology,978-0393922073,2
834,"Introduction to Java Programming and Data Structures, Comprehensive Version",Y. Liang,Pearson,2019    ,Information Technology,978-0134670942,6
835,SAS(R) 9.1.3 Intelligence Platform,SAS Publishing,SAS Institute,2006    ,Information Technology,978-1590476864,2
836,Cosmonaut Keep,Ken MacLeod,Tor Books,2000    ,Information Technology,978-0765340313,14
837,New perspectives on computer concepts,June Jamrich Parsons,Cengage Learning,1994    ,Information Technology,978-1305656284,17
838,AutoCad,Bill Fane,For Dummies,2016    ,Information Technology,978-1119560012,19
839,Triangle,Sondra Marshak,Bantam Books,1983    ,Information Technology,978-0553232881,7
840,Learn Java for Android Development,Jeff Friesen,Apress,2010    ,Information Technology,978-1430257226,15
841,An Introduction To Statistical Learning With Applications In R,Gareth James,Springer,2013    ,Information Technology,978-1461471370,8
842,SEO,Jerri L. Ledford,Wiley,2008    ,Information Technology,978-0470452646,6
843,An introduction to the Intel family of microprocessors,James L. Antonakos,Prentice Hall,1993    ,Information Technology,978-0132334464,12
844,Conversations with Richard Bandler,Richard Bandler,Elemental Press,2009    ,Information Technology,978-0976136811,14
845,Export controls,United States. General Accounting Office,GAO,1986    ,Information Technology,978-1243542410,17
846,Stop stealing sheep & find out how type works,Erik Spiekermann,Adobe Press,1993    ,Information Technology,978-0201703399,8
847,Intermediate Accounting,Jerry J. Weygandt,Wiley,1989    ,Information Technology,978-1118743201,5
848,The passionate programmer,Chad Fowler,Pragmatic Bookshelf,2011    ,Information Technology,978-1934356340,20
849,The Last One,Alexandra Oliva,Ballantine Books,2016    ,Information Technology,978-1101965085,5
850,Audit report,Michigan. Office of the Auditor General.,State of Michigan,1988    ,Information Technology,978-1243542403,1
851,Understanding coding with Python,Patricia Harris,Rosen Classroom,2016    ,Information Technology,978-1508170815,19
852,Construction management jumpstart,Barbara J. Jackson,Sybex,2006    ,Information Technology,978-0470609996,13
853,Lean Software Development,Mary Poppendieck,Addison-Wesley,2003    ,Information Technology,978-0321150783,8
854,Serious Cryptography,Jean-Philippe Aumasson,No Starch Press,2017    ,Information Technology,978-1593278267,19
855,Learn Android Studio,Adam Gerber,Apress,2014    ,Information Technology,978-1484211434,14
856,Theory of Fun for Game Design,Raph Koster,O'Reilly Media,2004    ,Information Technology,978-1449363215,17
857,Structured reading,Lynn Quitman Troyka,Pearson,1978    ,Information Technology,978-0205741649,11
858,The Rule of Thoughts (The Mortality Doctrine),James Dashner,Delacorte Press,2014    ,Information Technology,978-0385371445,20
859,Game Programming With Python (Game Development Series),Sean Riley,Charles River Media,2003    ,Information Technology,978-1584503132,8
860,Artificial Intelligence for Knowledge Management,Eunika Mercier-Laurent,Wiley,2014    ,Information Technology,978-1848217522,12
861,Python scripts for Abaqus,Gautam Puri,Gautam Puri,2011    ,Information Technology,978-0615520506,10
862,NLP,Steve Andreas,Real People Press,1994    ,Information Technology,978-0911226195,2
863,Blockchain,Melanie Swan,O'Reilly Media,2015    ,Information Technology,978-1491920497,4
864,"Introduction to Computation and Programming Using Python, third edition",John V. Guttag,MIT Press,2021    ,Information Technology,978-0262529624,11
865,Starting Out with Python (4th Edition),Tony Gaddis,Pearson,2017    ,Information Technology,978-0134444321,13
866,Chemical principles,Steven S. Zumdahl,Cengage Learning,1900    ,Information Technology,978-1305581982,7
867,Starting Out with C++,Tony Gaddis,Pearson,2006    ,Information Technology,978-0134400242,20
868,Excel 2013 For Dummies,Greg Harvey,For Dummies,2013    ,Information Technology,978-1118510124,3
869,Data-structures and programming,Malcolm C. Harrison,Courant Institute,1970    ,Information Technology,978-0810310247,3
870,"New New Thing, The",Michael Lewis,W. W. Norton,1999    ,Information Technology,978-0393047806,9
871,The C answer book,Clovis L. Tondo,Prentice Hall,1985    ,Information Technology,978-0131096530,18
872,Web Scraping with Python,Ryan Mitchell,O'Reilly Media,2015    ,Information Technology,978-1491910290,4
873,React and React Native,Adam Boduch,Packt Publishing,2017    ,Information Technology,978-1787282537,5
874,Business intelligence,Rajiv Sabherwal,Wiley,2010    ,Information Technology,978-0470461709,16
875,Star Trek - Corona,Greg Bear,Pocket Books,1984    ,Information Technology,978-0671473907,5
876,Data structures and algorithms in Java,Michael T. Goodrich,Wiley,2001    ,Information Technology,978-1118771334,20
877,Richard Bandler's guide to trance-formation,Richard Bandler,Health Communications,2008    ,Information Technology,978-0757307775,13
878,"Introduction to Java Programming and Data Structures, Comprehensive Version (11th Edition)",Y. Daniel Liang,Pearson,2017    ,Information Technology,978-0134670942,14
879,Beginning Programming with Java For Dummies,Barry Burd,For Dummies,2005    ,Information Technology,978-1118407813,20
880,Programming C#,Jesse Liberty,O'Reilly Media,2001    ,Information Technology,978-0596001179,16
881,Seven Languages in Seven Weeks,Bruce Tate,Pragmatic Bookshelf,2010    ,Information Technology,978-1934356593,3
882,Computational fluid dynamics,Jiyuan Tu,Butterworth-Heinemann,2007    ,Information Technology,978-0080477343,19
883,Advanced compiler design and implementation,Steven S. Muchnick,Morgan Kaufmann,1997    ,Information Technology,978-1558603202,12
884,Red Pill,Hari Kunzru,Knopf,2020    ,Information Technology,978-0525520306,3
885,Materials Management with SAP S/4HANA,Jawad Akhtar,SAP Press,2019    ,Information Technology,978-1493214846,17
886,Information technology,United States. General Accounting Office,GAO,1995    ,Information Technology,978-1243542397,1
887,Digital Design and Computer Architecture,Sarah Harris,Morgan Kaufmann,2010    ,Information Technology,978-0123944245,6
888,Assembly language for Intel-based computers,Kip R. Irvine,Pearson,1999    ,Information Technology,978-0136022121,11
889,Hands are not for hitting,Martine Agassi,Free Spirit,2000    ,Information Technology,978-1575420776,9
890,slide:ology,Nancy Duarte,O'Reilly Media,2008    ,Information Technology,978-0596522346,5
891,The One Device,Brian Merchant,"Little, Brown",2017    ,Information Technology,978-0316546164,10
892,Arctic tundra,Donald M. Silver,McGraw-Hill,1994    ,Information Technology,978-0070579170,9
893,If Then,Jill Lepore,Liveright,2020    ,Information Technology,978-1631493539,19
894,The Mobile Application Hacker's Handbook,Dominic Chell,Wiley,2015    ,Information Technology,978-1118958506,3
895,Information systems literacy,Hossein Bidgoli,Macmillan,1993    ,Information Technology,978-0023094859,14
896,Reversing,Eldad Eilam,Wiley,2005    ,Information Technology,978-0764574818,9
897,The United States-Japan Cooperative Medical Science Program,Không rõ,Không rõ,1985    ,Information Technology,Không rõ,8
898,Dark Victory,William Shatner,Pocket Books,1999    ,Information Technology,978-0671008826,13
899,SQL,Forrest Houlette,McGraw-Hill,2000    ,Information Technology,978-0072132380,4
900,Natural Language Processing and Information Systems,Elisabeth Métais,Springer,2005    ,Information Technology,978-3319079820,8
901,The Ruby programming language,David Flanagan,O'Reilly Media,2007    ,Information Technology,978-0596516178,13
902,Discrete mathematical structures,Bernard Kolman,Pearson,1996    ,Information Technology,978-0132297516,5
903,Getting Started with Lazarus IDE,Roderick Person,Packt Publishing,2013    ,Information Technology,978-1782164340,13
904,The UNIX programming environment,Brian W. Kernighan,Prentice Hall,1984    ,Information Technology,978-0139376818,15
905,Genealogy online,Elizabeth Powell Crowe,McGraw-Hill,1994    ,Information Technology,978-0071845458,9
906,Principles of compiler design,Alfred V. Aho,Addison-Wesley,1977    ,Information Technology,978-0201000221,17
907,Gideon's trumpet,"Lewis, Anthony",Vintage,1964    ,Information Technology,978-0679723127,17
908,Introduction to Microsoft Office and Office Manager,Stephanie Ross,Prentice Hall,1996    ,Information Technology,978-0131433236,15
909,A mind at play,Jimmy Soni,Simon & Schuster,2017    ,Information Technology,978-1476766256,6
910,PHP for the World Wide Web,Larry Ullman,Peachpit Press,2001    ,Information Technology,978-0321703545,14
911,Pythons' Autobiography by the Pythons,Monty Python,Orion,2003    ,Information Technology,978-0752864259,15
912,Control and Dynamic Systems,Cornelius T. Leondes,Academic Press,1982    ,Information Technology,978-0120127535,6
913,WordPress Web Design For Dummies,Lisa Sabin-Wilson,For Dummies,2011    ,Information Technology,978-1119527718,20
914,Qualitative Research,Renata Tesch,Routledge,1990    ,Information Technology,978-1850006091,19
915,Every breath you take,Mary Higgins Clark,Simon & Schuster,2017    ,Information Technology,978-0743206068,13
916,Steck-Vaughn GED,Liz Anderson,Steck-Vaughn,2001    ,Information Technology,978-0739852811,4
917,Cryptography engineering,Niels Ferguson,Wiley,2010    ,Information Technology,978-0470474242,8
918,Fundamentals of Computing,Kamaljeet Sanghera,Kendall Hunt,2005    ,Information Technology,978-1465223616,18
919,Star Trek Voyager - Mosaic,Jeri Taylor,Pocket Books,1996    ,Information Technology,978-0671563110,15
920,Pole to pole with Michael Palin,Michael Palin,BBC Books,1992    ,Information Technology,978-0563362302,3
921,Horizons in computer science research,Thomas S. Clary,Nova Science,2010    ,Information Technology,978-1614704607,1
922,The Waite Group's C programming using Turbo C++,Robert Lafore,Sams Publishing,1993    ,Information Technology,978-0672303524,2
923,The effective engineer,Edmond Lau,Effective Bookshelf,2015    ,Information Technology,978-0996128100,3
924,Structured COBOL programming,Nancy B. Stern,Wiley,1979    ,Information Technology,978-0471131113,17
925,Active Directory,Robbie Allen,O'Reilly Media,2003    ,Information Technology,978-1449320508,7
926,Glencoe Keyboarding Connections,McGraw-Hill,McGraw-Hill,2003    ,Information Technology,978-0028144214,2
927,The Google story,David A. Vise,Delacorte Press,2005    ,Information Technology,978-0553804577,8
928,PGP source code and internals,Philip Zimmermann,MIT Press,1995    ,Information Technology,978-0262240390,12
929,Introduction to graph theory,Robin J. Wilson,Pearson,1972    ,Information Technology,978-0273728894,9
930,Forces Around Us (It's Science!),Sally Hewitt,Children's Press,1997    ,Information Technology,978-0516211831,1
931,Excel 2019 Bible,Michael Alexander,Wiley,2018    ,Information Technology,978-1119514787,4
932,Designing brand identity,Alina Wheeler,Wiley,2012    ,Information Technology,978-1118099209,19
933,Programming PHP,Rasmus Lerdorf,O'Reilly Media,2002    ,Information Technology,978-1449392772,3
934,Think Stats,Allen B. Downey,O'Reilly Media,2011    ,Information Technology,978-1449307110,4
935,Natural Language Processing With Python,Edward Loper,O'Reilly Media,2009    ,Information Technology,978-0596516499,18
936,VBA for modelers,S. Christian Albright,Cengage Learning,2000    ,Information Technology,978-1285421001,18
937,The principalship,Thomas J. Sergiovanni,Pearson,1987    ,Information Technology,978-0132613644,10
938,COBOL,Robert T. Grauer,Prentice Hall,1991    ,Information Technology,978-0130324887,13
939,Modern Full-Stack Development,Frank Zammetti,Apress,2020    ,Information Technology,978-1484257371,7
940,"Concepts, techniques, and models of computer programming",Peter Van Roy,MIT Press,2004    ,Information Technology,978-0262220699,13
941,Computer networks,Larry L. Peterson,Morgan Kaufmann,1996    ,Information Technology,978-0123850591,11
942,Autodesk Revit 2024,ASCENT - Center for Technical Knowledge,ASCENT,2023    ,Information Technology,978-1630575748,16
943,Data Science and Big Data Analytics,EMC Education Services,Wiley,2014    ,Information Technology,978-1118876138,4
944,Swift programming,Matthew Mathias,Big Nerd Ranch,2015    ,Information Technology,978-0134610610,14
945,Introduction to expert systems,"Jackson, Peter",Addison-Wesley,1986    ,Information Technology,978-0201876864,6
946,Elements of programming interviews in Python,Adnan Aziz,EPI,2017    ,Information Technology,978-1512214826,8
947,ECGs made easy,Barbara Aehlert,Mosby,1995    ,Information Technology,978-0323401302,3
948,CSS Cookbook,Christopher Schmitt,O'Reilly Media,2004    ,Information Technology,978-0596155933,17
949,Mastering Visual Basic 6,Evangelos Petroutsos,Sybex,1998    ,Information Technology,978-0782122725,18
950,Reparative therapy of male homosexuality,Joseph Nicolosi,Jason Aronson,1991    ,Information Technology,978-0876685457,10
951,"The ""Simpsons""",Matt Groening,HarperPerennial,1997    ,Information Technology,978-0060965310,5
952,CNC programming handbook,Peter Smid,Industrial Press,2000    ,Information Technology,978-0831133474,12
953,Social Media Communication,Jeremy Harris Lipschultz,Routledge,2014    ,Information Technology,978-1138229266,18
954,Becoming a digital designer,Steven Heller,Wiley,2007    ,Information Technology,978-0470124659,18
955,The Gourman report,Jack Gourman,Princeton Review,1967    ,Information Technology,978-0375752148,7
956,"""Quantum Leap""",Ashley McConnell,Boulevard,1992    ,Information Technology,978-1572970540,19
957,Cooking for Geeks,Jeff Potter,O'Reilly Media,2010    ,Information Technology,978-1491924549,13
958,The AWK programming language,Alfred V. Aho,Addison-Wesley,1988    ,Information Technology,978-0201079814,10
959,Michael Palin Diaries 1969-1979,Michael Palin,St. Martin's Press,2006    ,Information Technology,978-0312373030,11
960,R for Data Science,Hadley Wickham,O'Reilly Media,2017    ,Information Technology,978-1491910399,19
961,Murach's Python Programming (2nd Edition),Joel Murach,Mike Murach & Assoc,2016    ,Information Technology,978-1943872428,5
962,Learn More Python 3 the Hard Way: The Next Step for New Python Programmers (Zed Shaw's Hard Way Series),Zed Shaw,Addison-Wesley,2017    ,Information Technology,978-0134123486,13
963,C by Discovery,W. D. Foster,Scott Foresman,2004    ,Information Technology,978-0673384263,18
964,The Sleeping Beauty Killer,Mary Higgins Clark,Simon & Schuster,2016    ,Information Technology,978-1501107566,18
965,"C, the complete reference",Herbert Schildt,McGraw-Hill,1987    ,Information Technology,978-0078824760,8
966,The Creativity Code,Marcus du Sautoy,Harvard University Press,2019    ,Information Technology,978-0674988071,8
967,Understanding computers,Deborah Morley,Cengage Learning,2010    ,Information Technology,978-1285767277,19
968,"Like mother, like daughter",Catherine Clark,Scholastic,2002    ,Information Technology,978-0545041041,13
969,Beginning Laravel,Sanjib Sinha,Apress,2019    ,Information Technology,978-1484249901,13
970,Life in code,Ellen Ullman,MCD,2017    ,Information Technology,978-0374534516,5
971,Solutions Manual for Advanced Engineering Mathematics with MATLAB,Dean G. Duffy,CRC Press,2003    ,Information Technology,978-1439834473,2
972,Foundations of Python network programming,John Goerzen,Apress,2004    ,Information Technology,978-1430230038,17
973,Pacific Crossing,Gary Soto,Harcourt Brace,1992    ,Information Technology,978-0152046965,8
974,Starting out with Java,Tony Gaddis,Pearson,2014    ,Information Technology,978-0134802213,19
975,Introduction to modern cryptography,Jonathan Katz,CRC Press,2007    ,Information Technology,978-1466570269,14
976,Computer Math and Games in Pascal,David Dirkse,Studentlitteratur,2015    ,Information Technology,978-9144365717,17
977,"Internship, Practicum, and Field Placement Handbook, The",Brian N. Baird,Routledge,1996    ,Information Technology,978-1138478701,6
978,The Usborne Complete Book of Astronomy and Space (Complete Books Series),Lisa Miles,Usborne,1998    ,Information Technology,978-0794503710,13
979,Python for Data Science for Dummies,John Paul Mueller,For Dummies,2015    ,Information Technology,978-1119547617,9
980,Understanding operating systems,Ida M. Flynn,Cengage Learning,1991    ,Information Technology,978-1439079201,9
981,Kean,Alexandre Dumas,Gallimard,1836    ,Information Technology,978-2070388271,17
982,Algorithm design,Jon Kleinberg,Pearson,1922    ,Information Technology,978-0321295354,6
983,Cloud computing,Rajkumar Buyya,Morgan Kaufmann,2010    ,Information Technology,978-0123848826,7
984,The good neighbor,Maxwell King,Abrams Press,2018    ,Information Technology,978-1419731631,18
985,George and the Unbreakable Code,Lucy Hawking,Simon & Schuster,2014    ,Information Technology,978-1481414746,4
986,Algorithms in C++,Robert Sedgewick,Addison-Wesley,1990    ,Information Technology,978-0201350883,1
987,Ethical and social issues in the information age,Joseph Migga Kizza,Springer,1998    ,Information Technology,978-3319401218,12
988,High Performance MySQL,Jeremy D. Zawodny,O'Reilly Media,2004    ,Information Technology,978-1449314286,9
989,The information society,"Masuda, Yoneji",World Future Society,1980    ,Information Technology,978-0930242138,18
990,Hadoop,Tom White,O'Reilly Media,2009    ,Information Technology,978-1449311520,7
991,The Rhesus Chart,Charles Stross,Ace,2014    ,Information Technology,978-0425273012,6
992,How to diagnose and fix everything electronic,Michael Jay Geier,McGraw-Hill,2011    ,Information Technology,978-0071848299,17
993,Fundamentals of C++ Programming,Richard L. Halterman,Southern Adventist Univ,2018    ,Information Technology,978-1517454234,1
994,Digital control of dynamic systems,Gene F. Franklin,Addison-Wesley,1980    ,Information Technology,978-0201820546,7
995,Lazarus Free Pascal,Matthieu Giroux,Amazon Digital,2011    ,Information Technology,978-1517042851,11
996,Alone Together,Sherry Turkle,Basic Books,2011    ,Information Technology,978-0465010219,7
997,Fragment,Warren Fahy,Del Rey,2009    ,Information Technology,978-0345504388,3
998,A guide to expert systems,D. A. Waterman,Addison-Wesley,1986    ,Information Technology,978-0201083132,10
999,Problem solving with C++,Walter J. Savitch,Pearson,1996    ,Information Technology,978-0134448282,9
1000,Black-box testing,Boris Beizer,Wiley,1995    ,Information Technology,978-0471120964,20
1001,Learn Python The Hard Way A Very Simple Introduction To The Terrifyingly Beautiful World Of Computers And Code,Zed Shaw,Addison-Wesley,2012    ,Information Technology,978-0321884916,3
1002,"Run, Ma, Run",Lois Hoadley Dick,Moody Publishers,1986    ,Information Technology,978-0802474100,11
1003,Business mathematics,Charles David Miller,Pearson,1974    ,Information Technology,978-0321500120,13
1004,RESTful Web APIs: Services for a Changing World,Leonard Richardson,O'Reilly Media,2013    ,Information Technology,978-1449358068,14
1005,Writing without teachers,Peter Elbow,Oxford Univ. Press,1973    ,Information Technology,978-0195120165,16
1006,Introduction to Turbo prolog,Carl Townsend,Sybex,1987    ,Information Technology,978-0895883599,1
1007,Learn C the hard way,Zed Shaw,Addison-Wesley,2015    ,Information Technology,978-0321884923,18
1008,Programming Collective Intelligence,Toby Segaran,O'Reilly Media,2007    ,Information Technology,978-0596529321,1
1009,Murach's Python for Data Analysis,Scott McCoy,Mike Murach & Assoc,2021    ,Information Technology,978-1943872664,2
1010,UNIX Power Tools,Jerry Peek,O'Reilly Media,1993    ,Information Technology,978-0596003302,7
1011,Bioinformatics and Functional Genomics,Jonathan Pevsner,Wiley-Blackwell,2003    ,Information Technology,978-1118581780,7
1012,You Don't Know JS Yet,Kyle Simpson,Getipub,2019    ,Information Technology,978-1949110043,14
1013,Java foundations,"Lewis, John",Pearson,2011    ,Information Technology,978-0133370461,20
1014,Techgnosis,Erik Davis,North Atlantic Books,1998    ,Information Technology,978-1583949306,10
1015,Qualitative research and evaluation methods,Michael Quinn Patton,SAGE Publications,2002    ,Information Technology,978-1412972123,12
1016,Defense computers,United States. General Accounting Office,GAO,1997    ,Information Technology,978-1428938168,7
1017,101 design methods,Vijay Kumar,Wiley,2012    ,Information Technology,978-1118082461,12
1018,Introductory combinatorics,Richard A. Brualdi,Pearson,1977    ,Information Technology,978-0136020400,18
1019,Gregg College Keyboarding and Document Processing,Scot Ober,McGraw-Hill,1999    ,Information Technology,978-0077319366,8
1020,Cascading Style Sheets,Eric A. Meyer,O'Reilly Media,2000    ,Information Technology,978-0596527334,13
1021,Information technology project management,Jack T. Marchewka,Wiley,2002    ,Information Technology,978-1118911013,13
1022,The Computational Beauty of Nature,Gary William Flake,MIT Press,1998    ,Information Technology,978-0262561273,20
1023,Life in parts,Bryan Cranston,JournalStone,2016    ,Information Technology,978-1945373305,2
1024,Google Hacks,Tara Calishain,O'Reilly Media,2003    ,Information Technology,978-0596008574,8
1025,Fundamentals of Software Engineering,Rajib Mall,PHI Learning,2004    ,Information Technology,978-8120348981,4
1026,South-Western college keyboarding,C. H. Duncan,Cengage Learning,1993    ,Information Technology,978-0538627344,12
1027,The whole Internet for Windows 95,Ed Krol,O'Reilly Media,1992    ,Information Technology,978-1565921559,17
1028,IBM SPSS for Introductory Statistics,"Morgan, George A.",Routledge,2006    ,Information Technology,978-1848729827,12
1029,Peter Greenaway,Peter Greenaway,Univ. Press of MS,1990    ,Information Technology,978-1578060108,16
1030,Inside Macintosh,Apple Computer Inc.,Addison-Wesley,1986    ,Information Technology,978-0201177374,6
1031,Foundations and Practice of Security,Joaquin Garcia-Alfaro,Springer,2012    ,Information Technology,978-3319041728,20
1032,Android Programming,Bill Phillips,Big Nerd Ranch,2015    ,Information Technology,978-0134706054,7
1033,Explorations in computing,John S. Conery,Chapman and Hall/CRC,2010    ,Information Technology,978-1439812624,13
1034,e-Business and Telecommunications,Mohammad S. Obaidat,Springer,2008    ,Information Technology,978-3642357541,18
1035,Advances in Computational Intelligence,Ignacio Rojas,Springer,2013    ,Information Technology,978-3642386787,3
1036,Requirements engineering,Gerald Kotonya,Wiley,1998    ,Information Technology,978-0471972082,13
1037,Spring in action,Craig Walls,Manning,2004    ,Information Technology,978-1617291203,20
1038,Professional C++,Marc Gregoire,Wiley,2011    ,Information Technology,978-1118822081,7
1039,Excel 2010 For Dummies,Greg Harvey,For Dummies,2010    ,Information Technology,978-0470489536,9
1040,The  physics of Star trek,Lawrence Maxwell Krauss,Basic Books,1995    ,Information Technology,978-0465002047,1
1041,Concepts of programming languages,Robert W. Sebesta,Pearson,1989    ,Information Technology,978-0133943023,9
1042,Things a Computer Scientist Rarely Talks About,Donald Knuth,CSLI Publications,2001    ,Information Technology,978-1575863269,3
1043,Artificial intelligence for games,Ian Millington,CRC Press,2006    ,Information Technology,978-0123747310,8
1044,Flash Mobile,Matthew David,Focal Press,2012    ,Information Technology,978-0240815596,16
1045,Introduction to computers,Peter Norton,McGraw-Hill,1994    ,Information Technology,978-0072978902,14
1046,C For Dummies,Dan Gookin,For Dummies,1994    ,Information Technology,978-0764570681,1
1047,Life in a fishbowl,Len Vlahos,Bloomsbury,2017    ,Information Technology,978-1681190358,10
1048,The unified modeling language user guide,Grady Booch,Addison-Wesley,1999    ,Information Technology,978-0321321275,18
1049,Introduction to computer theory,Daniel I. A. Cohen,Wiley,1986    ,Information Technology,978-0471137726,4
1050,Visualize this,Nathan Yau,Wiley,2011    ,Information Technology,978-0470944882,19
1051,Statistical Rethinking,Richard McElreath,CRC Press,2015    ,Information Technology,978-1482253443,10
1052,The electric tale of Pikachu!,Toshihiro Ono,VIZ Media,1997    ,Information Technology,978-1569313466,19
1053,"Excuse me, your life is waiting",Lynn Grabhorn,Hampton Roads,2003    ,Information Technology,978-1571743817,6
1054,Computability and logic,George Boolos,Cambridge Univ. Press,1974    ,Information Technology,978-0521701464,15
1055,Chaos and fractals,Heinz-Otto Peitgen,Springer,1992    ,Information Technology,978-0387202297,20
1056,The rule of thoughts,James Dashner,Delacorte Press,2014    ,Information Technology,978-0385741415,5
1057,Level Up!,Scott Rogers,Wiley,2010    ,Information Technology,978-1118877166,19
1058,Practical Natural Language Processing,Sowmya Vajjala,O'Reilly Media,2020    ,Information Technology,978-1492054054,1
1059,Civil and environmental systems engineering,Charles ReVelle,Pearson,1996    ,Information Technology,978-0130478221,9
1060,Rudiments of music [by] Robert W. Ottman [and] Frank Mainous,Robert W. Ottman,Pearson,1970    ,Information Technology,978-0131422704,18
1061,Understanding Computers Today and Tomorrow,Deborah Morley,Cengage Learning,2003    ,Information Technology,978-1285767277,9
1062,Wikinomics,Don Tapscott,Portfolio,2006    ,Information Technology,978-1591843672,2
1063,Turbo C/C++,Herbert Schildt,Osborne/McGraw-Hill,1990    ,Information Technology,978-0078817763,4
1064,A Tour of C++,Bjarne Stroustrup,Addison-Wesley,2013    ,Information Technology,978-0134997834,5
1065,Snobs,Julian Fellowes,St. Martin's Griffin,2004    ,Information Technology,978-0312351229,14
1066,iPhone for dummies,Edward C. Baig,For Dummies,2010    ,Information Technology,978-1119730040,1
1067,Learning to use Windows applications,Gary B. Shelly,Course Technology,1994    ,Information Technology,978-1565272095,17
1068,The net delusion,Evgeny Morozov,PublicAffairs,2011    ,Information Technology,978-1610391061,13
1069,An introduction to operating systems,Harvey M. Deitel,Addison-Wesley,1982    ,Information Technology,978-0201180381,7
1070,A first course in fuzzy logic,Hung T. Nguyen,CRC Press,1997    ,Information Technology,978-1420035643,5
1071,Object-oriented software development using Java,Xiaoping Jia,Addison-Wesley,1999    ,Information Technology,978-0201730302,6
1072,Social Security reform,United States. General Accounting Office,GAO,1997    ,Information Technology,978-1428938175,11
1073,Report to the General Assembly,South Carolina. General Assembly. Legislative Audit Council.,SC General Assembly,1991    ,Information Technology,978-1234567890,20
1074,Speech and language processing,Dan Jurafsky,Pearson,2000    ,Information Technology,978-0131873216,2
1075,MFC internals,"Shepherd, George",Addison-Wesley,1996    ,Information Technology,978-0201407211,7
1076,Operations Research,Hamdy A. Taha,Pearson,1971    ,Information Technology,978-0134444017,15
1077,Writing efficient programs,Jon Louis Bentley,Prentice Hall,1982    ,Information Technology,978-0139702518,2
1078,Financial modeling,Simon Benninga,MIT Press,1997    ,Information Technology,978-0262027281,2
1079,Threat modeling,Adam Shostack,Wiley,2014    ,Information Technology,978-1118809990,20
1080,Learning Java,Patrick Niemeyer,O'Reilly Media,2000    ,Information Technology,978-1449319243,13
1081,NUMERICAL RECIPES IN C,William H. Press,Cambridge Univ. Press,1988    ,Information Technology,978-0521431088,17
1082,Object-oriented software construction,Bertrand Meyer,Prentice Hall,1988    ,Information Technology,978-0136291558,16
1083,The Elements of Computing Systems,Noam Nisan,MIT Press,2005    ,Information Technology,978-0262640688,7
1084,Public policy,Michael E. Kraft,CQ Press,2003    ,Information Technology,978-1483345789,20
1085,Learning to use microcomputer applications,Gary B. Shelly,Course Technology,1992    ,Information Technology,978-0789542953,9
1086,When She Woke,Hillary Jordan,Algonquin Books,2011    ,Information Technology,978-1616201937,6
1087,Reinforcement Learning,Richard S. Sutton,MIT Press,1992    ,Information Technology,978-0262039246,7
1088,Health Program Planning and Evaluation,L. Michele Issel,Jones & Bartlett,2004    ,Information Technology,978-1284027310,7
1089,Essential System Administration,Æleen Frisch,O'Reilly Media,1991    ,Information Technology,978-0596003432,6
1090,A child's seasonal treasury,Betty Jones,SteinerBooks,1996    ,Information Technology,978-0914614258,19
1091,S. U. M. O,Paul McGee,Capstone,2008    ,Information Technology,978-1907312151,4
1092,Thing Of Beauty,Stephen Fried,Grove Press,1983    ,Information Technology,978-0802144515,13
1093,The Professional Product Owner,Don McGreal,Addison-Wesley,2018    ,Information Technology,978-0134686479,5
1094,Avid editing,Sam Kauffmann,Focal Press,2000    ,Information Technology,978-0240810775,11
1095,sed & awk,Dale Dougherty,O'Reilly Media,1990    ,Information Technology,978-1565922259,9
1096,The game production handbook,Heather Maxwell Chandler,Jones & Bartlett,2005    ,Information Technology,978-1449688097,18
1097,Parallel Computing Technologies,Victor Malyshkin,Springer,2003    ,Information Technology,978-3642399572,2
1098,"Knowledge Discovery, Knowledge Engineering and Knowledge Management",Ana Fred,Springer,2011    ,Information Technology,978-3642363177,3
1099,"Delegates to the eleventh National 4-H Club Camp, Washington, D. C., June 17 - 23, 1937",United States. Extension Service,USDA,1937    ,Information Technology,978-1178619379,10
1100,Foundations of Software Testing,Rex Black,Cengage Learning,2006    ,Information Technology,978-1844803552,17
1101,"Java, Java, Java!",R. Morelli,Prentice Hall,2000    ,Information Technology,978-0130333728,18
1102,Computer concepts basics,Dolores Wells Pusins,Course Technology,2000    ,Information Technology,978-0538694957,11
1103,Accelerated C++,Andrew Koenig,Addison-Wesley,2000    ,Information Technology,978-0201703535,12
1104,"Oh, Dad, poor Dad, Mama's hung you in the closet and I'm feelin' so sad",Arthur L Kopit,Hill and Wang,1959    ,Information Technology,978-0809005048,8
1105,Paradigms of Artificial Intelligence,Peter Norvig,Morgan Kaufmann,1991    ,Information Technology,978-1558601918,13
1106,Creating motion graphics with After Effects,Trish Meyer,Focal Press,2002    ,Information Technology,978-0240814155,8
1107,Linux device drivers,Alessandro Rubini,O'Reilly Media,1998    ,Information Technology,978-0596005900,14
1108,The Design and Analysis of Computer Algorithms,Alfred V. Aho,Addison-Wesley,1974    ,Information Technology,978-0201000290,10
1109,Adobe Photoshop,Adobe Systems Inc.,Adobe Press,1993    ,Information Technology,978-0321935571,8
1110,QBasic,Susan K. Baumann,Brooks/Cole,1992    ,Information Technology,978-0534929886,5
1111,Genetic and Evolutionary Computing,Jeng-Shyang Pan,Springer,2013    ,Information Technology,978-3319484983,18
1112,Snare of the Hunter,Helen MacInnes,Fawcett Crest,1974    ,Information Technology,978-0449229057,19
1113,System dynamics,Dean Karnopp,Wiley,1975    ,Information Technology,978-0470889084,3
1114,The Little Schemer,Daniel P. Friedman,MIT Press,1995    ,Information Technology,978-0262560993,7
1115,The Art of Community,Jono Bacon,O'Reilly Media,2009    ,Information Technology,978-1449312060,20
1116,Pharmacology,Joyce LeFever Kee,Saunders,1993    ,Information Technology,978-1455770595,3
1117,Kotlin Apprentice,raywenderlich Tutorial Team,Razeware LLC,2018    ,Information Technology,978-1942875499,16
1118,Karel the Robot,Richard E. Pattis,Wiley,1981    ,Information Technology,978-0471597254,4
1119,Hacking,John Covaleski,Cherry Lake,2013    ,Information Technology,978-1634725064,6
1120,Basic Montessori,David Gettman,St. Martin's Griffin,1987    ,Information Technology,978-0312046415,16
1121,Database,Mark L. Gillenson,Wiley,1985    ,Information Technology,978-0471262954,20
1122,7th Heaven,Amanda Christie,TV Books,1997    ,Information Technology,978-1575001227,12
1123,"Problem solving, abstraction, and design using C++",Frank L. Friedman,Addison-Wesley,1993    ,Information Technology,978-0201558500,20
1124,Problem Solving with C++,Walter Savitch,Pearson,2003    ,Information Technology,978-0134448282,2
1125,Advanced data structures,Peter Brass,Cambridge Univ. Press,2008    ,Information Technology,978-0521880374,14
1126,The Way of the Storyteller,Ruth Sawyer,Penguin Books,1942    ,Information Technology,978-0140044362,13
1127,Python for Finance: Analyze Big Financial Data,Yves Hilpisch,O'Reilly Media,2014    ,Information Technology,978-1491945285,15
1128,Evaluation of Novel Approaches to Software Engineering,Leszek A. Maciaszek,Springer,2011    ,Information Technology,978-3642214639,18
1129,Rebel code,Glyn Moody,Basic Books,2001    ,Information Technology,978-0738206707,5
1130,The experience of literature,Lionel Trilling,"Holt, Rinehart",1967    ,Information Technology,978-0030584701,19
1131,Software Defined Radio,Wally H. W. Tuttlebee,Wiley,2002    ,Information Technology,978-0470844267,10
1132,Dictionary of computing,S. M. H. Collin,A & C Black,1988    ,Information Technology,978-0713674972,7
1133,Space station,United States. General Accounting Office,GAO,1988    ,Information Technology,978-1428945647,13
1134,Oracle PL/SQL Language,Steven Feuerstein,O'Reilly Media,1999    ,Information Technology,978-1449324452,12
1135,History of the Canadian peoples,Margaret Conrad,Pearson Canada,1993    ,Information Technology,978-0132742917,13
1136,The Java programming language,"Arnold, Ken",Addison-Wesley,1996    ,Information Technology,978-0321349804,2
1137,Unix System V/386 Release 4,AT & T Bell Laboratories. Technical Publication Dept.,Prentice Hall,1990    ,Information Technology,978-0139470110,14
1138,PHP cookbook,David Sklar,O'Reilly Media,2003    ,Information Technology,978-1449363758,19
1139,Clinical Procedures for Medical Assistants,Kathy Bonewit-West,Saunders,1979    ,Information Technology,978-1437706598,12
1140,Entrepreneurship in America,United States. Congress. Senate. Committee on Small Business.,GPO,1995    ,Information Technology,978-1234567891,2
1141,Lean Six Sigma and Minitab,Quentin Brook,OPEX Resources,2010    ,Information Technology,978-0954681364,18
1142,Generic programming and the STL,Matthew H. Austern,Addison-Wesley,1998    ,Information Technology,978-0201309560,2
1143,How to Build a Billion Dollar App,George Berkowski,Piatkus,2014    ,Information Technology,978-0349401379,13
1144,Genealogy online for dummies,Matthew Helm,For Dummies,1998    ,Information Technology,978-1119434863,2
1145,Chemistry,Clifford C. Houk,Wiley,1977    ,Information Technology,978-0471121206,18
1146,Marriage at first sight,CJ Howard,Harlequin,2015    ,Information Technology,978-0373035359,19
1147,Exam prep,Ben A. Hirst,Jones & Bartlett,2004    ,Information Technology,978-0763740924,13
1148,Facts and Fallacies of Software Engineering,Robert L. Glass,Addison-Wesley,2002    ,Information Technology,978-0321117427,5
1149,Bioinformatics for dummies,Jean-Michel Claverie,For Dummies,2003    ,Information Technology,978-0470089859,18
1150,Data modeling essentials,Graeme Simsion,Morgan Kaufmann,1994    ,Information Technology,978-0126445510,20
1151,Food assistance,United States. General Accounting Office,GAO,1991    ,Information Technology,978-1428941212,2
1152,Pascal,Douglas W. Nance,West Publishing,1986    ,Information Technology,978-0314041135,16
1153,Refactoring Databases,Scott W. Ambler,Addison-Wesley,2006    ,Information Technology,978-0321293534,18
1154,Data abstraction and problem solving with C++,Frank M. Carrano,Pearson,1995    ,Information Technology,978-0134448282,9
1155,Guide to computer forensics and investigations,Bill Nelson,Cengage Learning,2007    ,Information Technology,978-1285060033,11
1156,Deep Learning for Coders with Fastai and Pytorch,Jeremy Howard,O'Reilly Media,2020    ,Information Technology,978-1492045526,6
1157,The art of agile development,James Shore,O'Reilly Media,2007    ,Information Technology,978-0596527679,16
1158,C program design for engineers,Jeri R. Hanly,Addison-Wesley,2000    ,Information Technology,978-0201708714,6
1159,Essentials of accounting,Robert Newton Anthony,Prentice Hall,1964    ,Information Technology,978-0136071822,17
1160,Introduction to Programming with C++,Y. Daniel Liang,Pearson,2007    ,Information Technology,978-0133252811,1
1161,"Foundations of Game Engine Development, Volume 2",Eric Lengyel,Terathon Software,2019    ,Information Technology,978-0985811747,2
1162,Cracking Codes with Python,Al Sweigart,No Starch Press,2018    ,Information Technology,978-1593278229,14
1163,Python essential reference,David M. Beazley,Addison-Wesley,2000    ,Information Technology,978-0672329784,10
1164,Understanding the constitution,Edward S. Corwin,"Holt, Rinehart",1949    ,Information Technology,978-0030018862,15
1165,Experiencing music technology,David Brian Williams,Oxford Univ. Press,1996    ,Information Technology,978-0195311914,5
1166,Learning web design,Jennifer Niederst Robbins,O'Reilly Media,2007    ,Information Technology,978-1449319274,11
1167,Programming abstractions in C,Eric Roberts,Addison-Wesley,1997    ,Information Technology,978-0201545418,8
1168,Contemporary Marketing,Louis E. Boone,Cengage Learning,1974    ,Information Technology,978-1133628460,17
1169,Teach yourself QBasic in 21 days,Namir Clement Shammas,Sams,1993    ,Information Technology,978-0672303227,5
1170,A first book of ANSI C,Gary J. Bronson,West Publishing,1992    ,Information Technology,978-0314067753,2
1171,Programming in Prolog,William F. Clocksin,Springer,1981    ,Information Technology,978-3540006787,20
1172,"Hacker, Hoaxer, Whistleblower, Spy",E. Gabriella Coleman,Verso,2014    ,Information Technology,978-1781685839,20
1173,SPSS survival manual,Julie Pallant,McGraw-Hill,2001    ,Information Technology,978-0335261543,18
1174,I am not Spock,Leonard Nimoy,Celestial Arts,1975    ,Information Technology,978-0890871171,4
1175,Debugging with GDB,Richard M. Stallman,Free Software Found.,1988    ,Information Technology,978-1882114887,2
1176,The perfect weapon,David E. Sanger,Crown,2018    ,Information Technology,978-0451497895,15
1177,An introduction to formal languages and automata,Peter Linz,Jones & Bartlett,1990    ,Information Technology,978-1284077247,9
1178,Evaluating Research in Academic Journals,Fred Pyrczak,Routledge,1999    ,Information Technology,978-1138686724,9
1179,Data structures & problem solving using Java,Mark Allen Weiss,Pearson,1998    ,Information Technology,978-0321370136,3
1180,Software Technologies,Andreas Holzinger,Springer,2014    ,Information Technology,978-3319255781,7
1181,Introduction to computer science,Neill Graham,West Publishing,1979    ,Information Technology,978-0314648716,14
1182,Working with Involuntary Clients,Chris Trotter,SAGE,1999    ,Information Technology,978-1412918848,18
1183,Primetime Propaganda,Ben Shapiro,Broadside Books,2011    ,Information Technology,978-0061934773,12
1184,"Programming in Visual Basic, version 6.0",Julia Case Bradley,Irwin/McGraw-Hill,1999    ,Information Technology,978-0072311907,2
1185,Options,Robert W. Kolb,Wiley,1990    ,Information Technology,978-0471241928,3
1186,Programming the Raspberry Pi,Simon Monk,McGraw-Hill,2012    ,Information Technology,978-0071807838,3
1187,Hard drive,James Wallace,HarperBusiness,1992    ,Information Technology,978-0887306297,2
1188,Software Requirements,Karl Eugene Wiegers,Microsoft Press,1999    ,Information Technology,978-0735679665,9
1189,Flutter Engineering,Majid Hajian,Packt Publishing,2024    ,Information Technology,978-1800560864,19
1190,Expediente X - 1/x File - 1,Garth Nix,Scholastic,1997    ,Information Technology,978-0590035118,4
1191,Star Wars - Absolutely Everything You Need to Know,Adam Bray,DK,2015    ,Information Technology,978-1465436900,8
1192,Assembly Language and Computer Architecture Using C++ and Java,Anthony J. Dos Reis,Course Technology,2004    ,Information Technology,978-0495111054,5
1193,Unix System V Release 4: Programmer's Guide,AT & T Bell Laboratories. Technical Publication Dept.,Prentice Hall,1990    ,Information Technology,978-0139470110,6
1194,Star Trek cookbook,Ethan Phillips,Pocket Books,1999    ,Information Technology,978-0671000394,10
1195,Ape House,Sara Gruen,Spiegel & Grau,2010    ,Information Technology,978-0385523219,13
1196,Game design workshop,Tracy Fullerton,CRC Press,2004    ,Information Technology,978-1482217162,16
1197,Programming the World Wide Web,Robert W. Sebesta,Pearson,2001    ,Information Technology,978-0133775983,13
1198,"Get Coding! Learn HTML, CSS, and JavaScript and Build a Website, App, and Game",Young Rewired State,Candlewick,2017    ,Information Technology,978-0763695767,17
1199,"[Papers presented at the 20th Annual Conference of the Ontario Educational Research Council, Toronto, Ontario, December 1-2, 1978]",Ontario Educational Research Council. Conference,OERC,1966    ,Information Technology,978-1111111111,18
1200,Programming interviews exposed,John Mongan,Wiley,2007    ,Information Technology,978-1118261361,13
1201,"Information and Communication Technologies in Education, Research, and Industrial Applications",Vadim Ermolayev,Springer,2013    ,Information Technology,978-3319039978,9
1202,Foundations of software testing,Aditya Mathur,Pearson,2008    ,Information Technology,978-8131716601,15
1203,Software Estimation,Steve McConnell,Microsoft Press,2006    ,Information Technology,978-0735605350,12
1204,The Internet book,Douglas E. Comer,Pearson,1995    ,Information Technology,978-0132335539,10
1205,The Object-Oriented Thought Process,Matt Weisfeld,Addison-Wesley,2000    ,Information Technology,978-0135181966,8
1206,Neural network and regression approximations in high speed civil transport aircraft design optimization,Không rõ,Wiley,1998    ,Information Technology,978-1119013563,17
1207,Joe Celko's SQL for Smarties,Joe Celko,Morgan Kaufmann,1995    ,Information Technology,978-0123820228,19
1208,Year 2000 computing challenge,Joel C. Willemssen,GAO,1999    ,Information Technology,978-1428938229,17
1209,Free as in freedom,Sam Williams,O'Reilly Media,2002    ,Information Technology,978-0596002879,12
1210,Real-time system design and analysis,Phillip A. Laplante,IEEE Press,1992    ,Information Technology,978-0470343487,8
1211,Software engineering concepts,R. E. Fairley,McGraw-Hill,1985    ,Information Technology,978-0070199026,10
1212,Get Ready for School,Heather Stella,Little Bee Books,2016    ,Information Technology,978-1499800531,9
1213,Agile estimating and planning,Mike Cohn,Prentice Hall,2005    ,Information Technology,978-0131479418,6
1214,Introduction to bioinformatics,Arthur M. Lesk,Oxford Univ. Press,2002    ,Information Technology,978-0199651566,8
1215,Microsoft Excel functions & formulas,Bernd Held,Microsoft Press,2006    ,Information Technology,978-0735623293,6
1216,Student Solutions Guide for Discrete Mathematics and Its Applications,Kenneth H. Rosen,McGraw-Hill,1995    ,Information Technology,978-0077353506,6
1217,Brainiac,Ken Jennings,Villard,2006    ,Information Technology,978-1400064458,13
1218,Key Maths GCSE (Key Maths),Barbara Job,Nelson Thornes,1998    ,Information Technology,978-0748754113,1
1219,Introducing Python,Bill Lubanovic,O'Reilly Media,2013    ,Information Technology,978-1492051367,5
1220,Design for escape,I. A. Richards,Harcourt Brace,1968    ,Information Technology,978-0151252152,8
1221,All of Statistics,Larry Wasserman,Springer,2004    ,Information Technology,978-0387402727,10
1222,NET FORCE HIDDEN AGENDAS,Tom Clancy,Berkley,1999    ,Information Technology,978-0425171394,6
1223,Discovering Computer Science,Jessen Havill,CRC Press,2015    ,Information Technology,978-1482254143,8
1224,Learn C++ by making games,Erik Yuzwa,Packt Publishing,2006    ,Information Technology,978-1785287343,4
1225,Practical VIM,Drew Neil,Pragmatic Bookshelf,2012    ,Information Technology,978-1934356982,19
1226,Live from New York,Tom Shales,"Little, Brown",2002    ,Information Technology,978-0316735650,7
1227,The rat brain in stereotaxic coordinates,George Paxinos,Academic Press,1982    ,Information Technology,978-0125476126,7
1228,Smalltalk best practice patterns,Kent Beck,Prentice Hall,1997    ,Information Technology,978-0134769042,12
1229,Darwin among the machines,George Dyson,Basic Books,1997    ,Information Technology,978-0201406498,10
1230,Quantitative Social Science,Kosuke Imai,Princeton Univ. Press,2017    ,Information Technology,978-0691170398,13
1231,The hacker ethic,Pekka Himanen,Random House,2000    ,Information Technology,978-0375502323,7
1232,Front-End Developer,Dominic Myers,Crimson Publishing,2020    ,Information Technology,978-1780592503,4
1233,Hobson's Choice,Harold Brighouse,Methuen Drama,1964    ,Information Technology,978-0413495402,2
1234,Roberto Devereux,Gaetano Donizetti,Ricordi,1838    ,Information Technology,978-0226157641,1
1235,Literacy in the colleges and institutes,Không rõ,NCTE,1989    ,Information Technology,978-0814129708,16
1236,C# programming,Kevin Hoffman,Wrox,2004    ,Information Technology,978-0764548406,12
1237,Version control with Git,Jon Loeliger,O'Reilly Media,2009    ,Information Technology,978-1449316389,9
1238,CIPP Evaluation Model,Daniel L. Stufflebeam,Guilford Press,2017    ,Information Technology,978-1462530755,15
1239,Practical Common Lisp,Peter Seibel,Apress,2005    ,Information Technology,978-1590592397,2
1240,Dive into Python,Mark Pilgrim,Apress,2004    ,Information Technology,978-1590593561,20
1241,Programming languages: design and implementation,Terrence W. Pratt,Prentice Hall,1975    ,Information Technology,978-0130276780,20
1242,Engage the Brain,Marcia L. Tate,Corwin Press,2007    ,Information Technology,978-1412959636,3
1243,The Waite Group's object-oriented programming in C++,Robert Lafore,Sams,1995    ,Information Technology,978-0672323089,14
1244,Fundamentals of Business Process Management,Marlon Dumas,Springer,2013    ,Information Technology,978-3642331428,19
1245,Applied Statistics For Engineers and Scientists Using Microsoft Excel and MINITAB (With CD-ROM),David M. Levine,Pearson,2001    ,Information Technology,978-0131456532,13
1246,Marley Dias gets it done,Marley Dias,Scholastic,2018    ,Information Technology,978-1338136890,18
1247,Introducing SEO,Aravind Shenoy,Apress,2016    ,Information Technology,978-1484218532,12
1248,"School, family, and community partnerships",Joyce Levy Epstein,Westview Press,1997    ,Information Technology,978-0813344478,12
1249,The Design of Design,Frederick P. Brooks,Addison-Wesley,2010    ,Information Technology,978-0201362480,3
1250,Hacking exposed,Stuart McClure,McGraw-Hill,1999    ,Information Technology,978-0071780285,18
1251,C pointers and dynamic memory management,Michael C. Daconta,Wiley,1993    ,Information Technology,978-0471049982,7
1252,Programming In Lua,Roberto Ierusalimschy,Lua.org,2003    ,Information Technology,978-8590375752,9
1253,Types and Programming Languages,Benjamin C. Pierce,MIT Press,2002    ,Information Technology,978-0262162098,15
1254,Android tablets for dummies,Dan Gookin,For Dummies,2013    ,Information Technology,978-1118127339,4
1255,Program or be Programmed,Douglas Rushkoff,OR Books,2010    ,Information Technology,978-1935928157,13
1256,Excel formulas & functions for dummies,Ken Bluttman,For Dummies,2005    ,Information Technology,978-1119076629,6
1257,Process plant simulation,B. V. Babu,Oxford Univ. Press,2004    ,Information Technology,978-0195668056,17
1258,Practical Object Oriented Design In Ruby,Sandi Metz,Addison-Wesley,2012    ,Information Technology,978-0321721334,18
1259,Prolog programming for artificial intelligence,Ivan Bratko,Addison-Wesley,1986    ,Information Technology,978-0321417466,9
1260,Applied Numerical Analysis Using MATLAB,Laurene v. Fausett,Pearson,2007    ,Information Technology,978-0132397285,2
1261,Reading comprehension,Carson-Dellosa Publishing Company,Carson-Dellosa,2001    ,Information Technology,978-1620573969,2
1262,Python Algorithms,Magnus Lie Hetland,Apress,2010    ,Information Technology,978-1430232377,15
1263,C/C + + for Expert Systems,David Hu,MIS Press,1988    ,Information Technology,978-1558280540,15
1264,Calculus&Mathematica,Bill Davis,Addison-Wesley,1994    ,Information Technology,978-0201501179,13
1265,Introduction to Python Programming,Gowrishankar S,CRC Press,2018    ,Information Technology,978-0815394372,8
1266,Interactive computer graphics,Edward Angel,Pearson,1997    ,Information Technology,978-0133574845,7
1267,Integral Methods in Science and Engineering,Christian Constanda,Birkhauser,2008    ,Information Technology,978-0817641214,3
1268,Structured analysis and system specification,Tom DeMarco,Yourdon Press,1978    ,Information Technology,978-0138543808,4
1269,SPSS demystified,Ronald D. Yockey,Routledge,2007    ,Information Technology,978-1138638167,16
1270,Teach yourself game-programming in 21 days,André LaMothe,Sams,1994    ,Information Technology,978-0672304699,5
1271,Computers and information processing,Steven L. Mandell,West Publishing,1987    ,Information Technology,978-0314002624,8
1272,Practical Reverse Engineering,Bruce Dang,Wiley,2014    ,Information Technology,978-1118787311,7
1273,Creative activities for young children,Mary Mayesky,Cengage Learning,1974    ,Information Technology,978-1111298128,20
1274,Basics Of The Us Health Care System,Nancy J. Niles,Jones & Bartlett,2015    ,Information Technology,978-1284102994,1
1275,Equal employment opportunity,United States. General Accounting Office,GAO,1987    ,Information Technology,978-1428938168,16
1276,Wizard's Bane,Rick Cook,Baen Books,1989    ,Information Technology,978-0671698034,4
1277,Visions,Michio Kaku,Anchor,1997    ,Information Technology,978-0385484992,2
1278,Domain Modeling Made Functional,Scott Wlaschin,Pragmatic Bookshelf,2018    ,Information Technology,978-1680502541,9
1279,"Minds, brains, and science",John R. Searle,Harvard Univ. Press,1984    ,Information Technology,978-0674576339,4
1280,A discipline for software engineering,Watts S. Humphrey,Addison-Wesley,1995    ,Information Technology,978-0201546644,11
1281,Spring: Microservices with Spring Boot: Build and deploy microservices with Spring Boot,Ranga Rao Karanam,Packt Publishing,2018    ,Information Technology,978-1786466624,15
1282,Test-Driven Development with Python,Harry J.W. Percival,O'Reilly Media,2014    ,Information Technology,978-1491933572,15
1283,Object-Oriented Programming in C++,Robert Lafore,Sams,1997    ,Information Technology,978-0672323089,13
1284,Web Design,Jennifer Niederst Robbins,O'Reilly Media,1998    ,Information Technology,978-1491918395,8
1285,The essence of artificial intelligence,Alison Cawsey,Prentice Hall,1998    ,Information Technology,978-0135717790,18
1286,Daiyon kampyoki,Abe Kōbō,Shinchosha,1970    ,Information Technology,978-4101121017,6
1287,Pointers on C,Kenneth A. Reek,Pearson,1998    ,Information Technology,978-0673999863,19
1288,"Algorithms in C, Parts 1-4",Robert Sedgewick,Addison-Wesley,1997    ,Information Technology,978-0201314526,9
1289,Core Java,Cay S. Horstmann,Prentice Hall,2008    ,Information Technology,978-0134685991,14
1290,Engineering Software Products,Ian Sommerville,Pearson,2019    ,Information Technology,978-0135210642,18
1291,Evil Genius (Genius #1),Catherine Jinks,Harcourt,2005    ,Information Technology,978-0152055981,1
1292,Decision support and expert systems,Efraim Turban,Prentice Hall,1988    ,Information Technology,978-0130894656,3
1293,Active learning,Melvin L. Silberman,Pearson,1996    ,Information Technology,978-0205178667,4
1294,"Computing Information Directory, 1996",D. M. Hilderbrandt,Computing Press,1986    ,Information Technology,978-0937375136,6
1295,Object-oriented systems analysis and design using UML,Simon Bennett,McGraw-Hill,1999    ,Information Technology,978-0077092368,7
1296,When HARLIE Was One,David Gerrold,Ballantine Books,1972    ,Information Technology,978-0553272932,7
1297,The Hitchhiker’s Guide To Python,Kenneth Reitz,O'Reilly Media,2016    ,Information Technology,978-1491933176,12
1298,Starting Out with Java,Tony Gaddis,Pearson,2004    ,Information Technology,978-0134802213,7
1299,Star Trek The Next Generation - Starfleet Academy - Survival,Peter David,Pocket Books,1993    ,Information Technology,978-0671797522,12
1300,Foundations of Computer Science,Behrouz Forouzan,Cengage Learning,2017    ,Information Technology,978-1473751392,13
1301,Intelligent Computing,Kohei Arai,Springer,2018    ,Information Technology,978-3319942209,6
1302,Parallel Programming in C with MPI and OpenMP,Michael J. Quinn,McGraw-Hill,2003    ,Information Technology,978-0072822564,17
1303,Calculus using Mathematica,K. D. Stroyan,Academic Press,1993    ,Information Technology,978-0126729702,15
1304,Emotional healing for dummies,Helen Whitten,For Dummies,2009    ,Information Technology,978-0470747643,11
1305,Math in the Garden Hands-On Activities that bring Math to Life,Jennifer White,National Gardening,2006    ,Information Technology,978-0915873463,18
1306,OpenGL programming guide,Dave Shreiner,Addison-Wesley,2005    ,Information Technology,978-0321773036,10
1307,Testing computer software,Cem Kaner,Wiley,1988    ,Information Technology,978-0471358466,3
1308,The Year Without Pants,Scott Berkun,Jossey-Bass,2013    ,Information Technology,978-1118660638,6
1309,All these wonders,Catherine Burns,Grove Press,2017    ,Information Technology,978-0802126443,7
1310,"Art of Computer Programming, The, Volumes 1-3 Boxed Set (2nd Edition) (The Art of Computer Programming Series)",Donald Knuth,Addison-Wesley,1998    ,Information Technology,978-0201896831,3
1311,Change your mind--and keep the change,Connirae Andreas,Real People Press,1987    ,Information Technology,978-0911226270,9
1312,Leaving Microsoft to Change the World,John Wood,Harper Business,2006    ,Information Technology,978-0061121074,8
1313,Training in interpersonal skills,Stephen P. Robbins,Pearson,1989    ,Information Technology,978-0132317559,5
1314,"The absolute, ultimate guide to Lehninger principles of biochemistry",Marcy Osgood,W. H. Freeman,2000    ,Information Technology,978-1429212427,4
1315,Usability Engineering (Interactive Technologies),Jakob Nielsen,Morgan Kaufmann,1993    ,Information Technology,978-0125184069,5
1316,The Information Diet,Clay A. Johnson,O'Reilly Media,2011    ,Information Technology,978-1449304683,5
1317,Exploring,Mary Anne Poatsy,Pearson,2013    ,Information Technology,978-0134415512,14
1318,Software testing,Paul Jorgensen,CRC Press,1995    ,Information Technology,978-1466560666,13
1319,Statistical computing with R,Maria L. Rizzo,Chapman and Hall/CRC,2007    ,Information Technology,978-1420076967,6
1320,The Story Of Martha,David Roden,BBC Books,2008    ,Information Technology,978-1846074219,20
1321,"Discovering genomics, proteomics, and bioinformatics",A. Malcolm Campbell,Benjamin Cummings,2006    ,Information Technology,978-0805382198,14
1322,Fundamentals of Game Design,Ernest Adams,New Riders,2006    ,Information Technology,978-0321929679,15
1323,C,Mitchell Waite,Howard W. Sams,1989    ,Information Technology,978-0672225826,10
1324,Agile testing,Lisa Crispin,Addison-Wesley,2009    ,Information Technology,978-0321534460,2
1325,Computers Helping People with Special Needs,Klaus Miesenberger,Springer,2003    ,Information Technology,978-3642315213,2
1326,World Without End,Joe Haldeman,Ace,1979    ,Information Technology,978-0441011315,8
1327,Star Trek - Log Four,Alan Dean Foster,Ballantine Books,1975    ,Information Technology,978-0345241856,1
1328,A people's history of computing in the United States,Joy Lisi Rankin,Harvard Univ. Press,2018    ,Information Technology,978-0674970977,9
1329,"Avatar, the last airbender","Mason, Tom",Simon Spotlight,2007    ,Information Technology,978-1416913405,14
1330,Virtual reality,Howard Rheingold,Summit Books,1991    ,Information Technology,978-0671693664,13
1331,E-business & e-commerce,Harvey M. Deitel,Prentice Hall,2000    ,Information Technology,978-0130153401,20
1332,Multilevel and longitudinal modeling with IBM SPSS,Ronald H. Heck,Routledge,2010    ,Information Technology,978-0415817110,2
1333,Star Trek Deep Space Nine - The Dominion War - Call To Arms...,Diane Carey,Pocket Books,1998    ,Information Technology,978-0671867119,1
1334,Data analysis & decision making with Microsoft Excel,S. Christian Albright,South-Western,1999    ,Information Technology,978-0538476126,16
1335,Reachability Problems,Parosh Aziz Abdulla,Springer,2010    ,Information Technology,978-3319022079,19
1336,Teaching science for all children,"Martin, Ralph E.",Allyn & Bacon,1994    ,Information Technology,978-0205593538,8
1337,Exploration seismology,Robert E. Sheriff,Cambridge Univ. Press,1982    ,Information Technology,978-0521468268,2
1338,Data Structures and Abstractions with Java,Frank M. Carrano,Pearson,2002    ,Information Technology,978-0133744057,11
1339,Tilings and patterns,Branko Grunbaum,W. H. Freeman,1986    ,Information Technology,978-0716711933,13
1340,The Bug,Ellen Ullman,Nan A. Talese,2003    ,Information Technology,978-1400032297,5
1341,Developing your own 32-bit operating system,Richard A. Burgess,Sams,1995    ,Information Technology,978-0672306082,14
1342,Computer Security Basics,Deborah Russell,O'Reilly Media,1991    ,Information Technology,978-0596006693,4
1343,Computer Engineering and Technology,Weixia Xu,Springer,2013    ,Information Technology,978-3642352812,12
1344,Raspberry Pi,Craig Newport,Casemate,2017    ,Information Technology,978-1612004273,17
1345,Building Evolutionary Architectures: Support Constant Change,Neal Ford,O'Reilly Media,2017    ,Information Technology,978-1491986127,18
1346,Sword Art Online: Aincrad - manga (Sword Art Online Manga),Reki Kawahara,Yen Press,2014    ,Information Technology,978-0316371230,7
1347,Microservices Patterns,Chris Richardson,Manning,2018    ,Information Technology,978-1617294549,13
1348,Avogadro Corp,William Hertling,Liquid Idea,2011    ,Information Technology,978-0984755714,17
1349,Introducción a la programación,Francisco Charte Ojeda,Anaya Multimedia,2001    ,Information Technology,978-8441531772,4
1350,Programmed statistics,B. L. Agarwal,New Age International,2003    ,Information Technology,978-8122421316,8
1351,English 3200 with writing applications,Joseph C. Blumenthal,Harcourt Brace,1994    ,Information Technology,978-0155008656,10
1352,Rules of play,Katie Salen,MIT Press,2003    ,Information Technology,978-0262240451,18
1353,Computer algorithms,Sara Baase,Addison-Wesley,1978    ,Information Technology,978-0201612448,5
1354,Community Treatment of Drug Misuse,Nicholas Seivewright,Routledge,1999    ,Information Technology,978-0415175401,14
1355,Lifelong kindergarten,Mitchel Resnick,MIT Press,2017    ,Information Technology,978-0262037297,20
1356,VHDL,Douglas L. Perry,McGraw-Hill,1991    ,Information Technology,978-0071400893,17
1357,Medical terminology quick & concise,Marjorie Canfield Willis,Lippincott,2010    ,Information Technology,978-0781771146,8
1358,Counterterrorism and Cybersecurity,Newton Lee,Springer,2013    ,Information Technology,978-3319172439,16
1359,Distributed Operating Systems,Andrew S. Tanenbaum,Prentice Hall,1995    ,Information Technology,978-0132199087,13
1360,Deployment Guide Series,IBM Redbooks,IBM,2005    ,Information Technology,978-0738411699,20
1361,Feynman lectures on computation,Richard Phillips Feynman,CRC Press,1996    ,Information Technology,978-0738202846,6
1362,Crash course in artificial intelligence and expert systems,Louis E. Frenzel,Howard W. Sams,1987    ,Information Technology,978-0672224430,3
1363,Solutions manual for Fundamentals of data structures in C++,Dinesh P. Mehta,CRC Press,1996    ,Information Technology,978-1420054361,1
1364,Data and Reality,William Kent,Technics Publications,1978    ,Information Technology,978-1935504214,19
1365,Contract pricing,United States. General Accounting Office,GAO,1986    ,Information Technology,978-1428938229,4
1366,"Problem solving in chemical and biochemical engineering with POLYMATH, Excel, and MATLAB",Michael B Cutlip,Prentice Hall,2007    ,Information Technology,978-0131835511,7
1367,The Cassini Division,Ken MacLeod,Tor Books,1998    ,Information Technology,978-0312870423,12
1368,Principles of programming languages,Bruce J. MacLennan,Oxford Univ. Press,1983    ,Information Technology,978-0195113068,1
1369,Pthreads programming,Bradford Nichols,O'Reilly Media,1996    ,Information Technology,978-1565921153,9
1370,Game feel,Steve Swink,CRC Press,2008    ,Information Technology,978-0123743220,1
1371,Street fighter II turbo strategy guide,James Goddard,GamePro,1993    ,Information Technology,978-1883656003,14
1372,Computational physics,Rubin H. Landau,Wiley-VCH,1997    ,Information Technology,978-3527406265,9
1373,Designing with the Mind in Mind,"Johnson, Jeff",Morgan Kaufmann,2010    ,Information Technology,978-0124079144,10
1374,Linked,Albert-Laszlo Barabasi,Basic Books,2002    ,Information Technology,978-0465008575,13
1375,Unix Network Programming,W. Richard Stevens,Prentice Hall,1990    ,Information Technology,978-0131411555,1
1376,An introduction to community health,James F. McKenzie,Jones & Bartlett,1995    ,Information Technology,978-0763746346,19
1377,The elements of computing systems,Noam Nisan,MIT Press,2004    ,Information Technology,978-0262640688,13
1378,U.S.-Mexico trade,United States. General Accounting Office,GAO,1991    ,Information Technology,978-1428938168,5
1379,WWW,Robert J. Sawyer,Ace,2011    ,Information Technology,978-0441018338,16
1380,Shame and attachment loss,Joseph Nicolosi,IVP Academic,2009    ,Information Technology,978-0830828333,5
1381,Raspberry Pi Cookbook,Simon Monk,O'Reilly Media,2014    ,Information Technology,978-1449365487,18
1382,The art of Prolog,Leon Sterling,MIT Press,1986    ,Information Technology,978-0262193382,1
1383,Architectural Approach to Level Design,Christopher W. Totten,CRC Press,2015    ,Information Technology,978-1466585416,9
1384,Data Science,Rui Mao,Springer,2017    ,Information Technology,978-3662580714,1
1385,Computer Algebra in Scientific Computing,Vladimir P. Gerdt,Springer,2009    ,Information Technology,978-3642329746,20
1386,Microcomputer engineering,Gene H. Miller,Prentice Hall,1993    ,Information Technology,978-0131428034,18
1387,Requirements engineering for software and systems,Phillip A. Laplante,Wiley,2009    ,Information Technology,978-0470404010,4
1388,Developing Java software,R. Winder,Wiley,1997    ,Information Technology,978-0471976554,1
1389,Agile software development,Alistair Cockburn,Addison-Wesley,2001    ,Information Technology,978-0321482754,4
1390,Artificial general intelligence,Ben Goertzel,Springer,2007    ,Information Technology,978-3540675143,8
1391,Software manual for the elementary functions,William James Cody,Prentice Hall,1980    ,Information Technology,978-0138220648,18
1392,The Little Typer,Daniel P. Friedman,MIT Press,2018    ,Information Technology,978-0262535519,19
1393,Linux System Programming,Robert Love,O'Reilly Media,2007    ,Information Technology,978-1449339531,6
1394,Make your own neural network,Tariq Rashid,Amazon Digital,2016    ,Information Technology,978-1533177940,9
1395,Twilight zone anthology,Carol Serling,Forge Books,2009    ,Information Technology,978-0765324313,6
1396,Math for meds,Anna M. Curren,Cengage Learning,1976    ,Information Technology,978-1111540593,3
1397,"Java: The Complete Reference, Eleventh Edition",Herbert Schildt,McGraw-Hill,2018    ,Information Technology,978-1260440232,3
1398,The geek feminist revolution,Kameron Hurley,Tor Books,2016    ,Information Technology,978-0765386243,10
1399,Al-Anon's twelve steps & twelve traditions,"Al-Anon Family Group Headquarters, inc.",Al-Anon Family,1981    ,Information Technology,978-0910034241,15
1400,Unix System V Release 4,AT & T Bell Laboratories. Technical Publication Dept.,Prentice Hall,1990    ,Information Technology,978-0139470110,14
1401,Reproducible Research with R and RStudio,Christopher Gandrud,CRC Press,2013    ,Information Technology,978-1466561595,9
1402,Foundations of computer science,Alfred V. Aho,W. H. Freeman,1992    ,Information Technology,978-0716782339,2
1403,Android Hackers Handbook,Collin Mulliner,Wiley,2014    ,Information Technology,978-1118608647,9
1404,Learning Scientific Programming with Python,Christian Hill,Cambridge Univ. Press,2015    ,Information Technology,978-1107428225,2
1405,The little SAS book,Lora D. Delwiche,SAS Institute,1995    ,Information Technology,978-1612903439,5
1406,Isolation,Katherine Applegate,Scholastic,2002    ,Information Technology,978-0590307376,13
1407,Java programming,D. S. Malik,Cengage Learning,2004    ,Information Technology,978-1133626381,20
1408,Game Design Workshop,Tracy Fullerton,CRC Press,2004    ,Information Technology,978-1482217162,19
1409,High Performance Python: Practical Performant Programming for Humans,Micha Gorelick,O'Reilly Media,2014    ,Information Technology,978-1449361594,20
1410,Computers today,Donald H. Sanders,McGraw-Hill,1983    ,Information Technology,978-0070547148,7
1411,Java in a Nutshell,David Flanagan,O'Reilly Media,1996    ,Information Technology,978-1491900864,2
1412,Android Programming with Kotlin for Beginners,"Horton, John",Packt Publishing,2019    ,Information Technology,978-1789531640,18
1413,"Design, User Experience, and Usability",Aaron Marcus,Springer,2013    ,Information Technology,978-3642392405,19
1414,Advances in Information Systems Science,Julius T. Tou,Plenum Press,1985    ,Information Technology,978-1461582212,12
1415,A woman's way through the twelve steps,Stephanie Covington,Hazelden,1994    ,Information Technology,978-0894869938,5
1416,Physically Based Rendering,Matt Pharr,Morgan Kaufmann,2004    ,Information Technology,978-0128007006,16
1417,Python GUI Programming with Tkinter: Develop responsive and powerful GUI applications with Tkinter,Alan D. Moore,Packt Publishing,2018    ,Information Technology,978-1788835886,15
1418,Schaum's Outline of Programming with C,Byron S. Gottfried,McGraw-Hill,2007    ,Information Technology,978-0070238541,3
1419,Lean Enterprise,Jez Humble,O'Reilly Media,2014    ,Information Technology,978-1449368425,20
1420,Software and Data Technologies,José Cordeiro,Springer,2009    ,Information Technology,978-3642230462,4
1421,Thinking in complexity,Klaus Mainzer,Springer,1994    ,Information Technology,978-3540722274,5
1422,Programming Windows 3.1,Charles Petzold,Microsoft Press,1992    ,Information Technology,978-1556153952,8
1423,Another Thing to Fall,Laura Lippman,William Morrow,2008    ,Information Technology,978-0061128820,19
1424,Waking Up Just in Time,Abraham J. Twerski,St. Martin's Press,1990    ,Information Technology,978-0312064907,6
1425,The analytical engine,Rick Decker,Brooks/Cole,1990    ,Information Technology,978-0534951405,10
1426,Database design and implementation,Edward Sciore,Wiley,2008    ,Information Technology,978-0471757160,14
1427,Think Complexity: Complexity Science and Computational Modeling,Allen B. Downey,O'Reilly Media,2012    ,Information Technology,978-1449314637,17
1428,The Infinite Machine,Camila Russo,Harper Business,2020    ,Information Technology,978-0062886392,10
1429,The unified software development process,Ivar Jacobson,Addison-Wesley,1999    ,Information Technology,978-0201571691,12
1430,In All Our Affairs,Al-Anon Family Group Headquarters,Al-Anon Family,1990    ,Information Technology,978-0910034821,7
1431,Nurse As Educator,Susan B. Bastable,Jones & Bartlett,2003    ,Information Technology,978-1284127201,11
1432,"Oh, Valentine, we've lost our minds!",Dan Gutman,HarperCollins,1964    ,Information Technology,978-0061963841,19
1433,Breathing under water,Richard Rohr,Franciscan Media,2011    ,Information Technology,978-1616361570,17
1434,Membrane Computing,Marian Gheorghe,Springer,2012    ,Information Technology,978-3642144387,8
1435,Being Geek,Michael Lopp,O'Reilly Media,2010    ,Information Technology,978-0596155407,14
1436,Business Modeling and Software Design,Boris Shishkov,Springer,2012    ,Information Technology,978-3319005232,10
1437,E-Moderating,Gilly Salmon,Routledge,2000    ,Information Technology,978-0415883795,7
1438,Programming the 80386,John H. Crawford,Sybex,1987    ,Information Technology,978-0895883810,19
1439,We’ll Always Have Paris,Jessica Hart,Harlequin,2011    ,Information Technology,978-0373039647,20
1440,Advances in artificial intelligence,Canadian Society for Computational Studies of Intelligence. Conference,Springer,1996    ,Information Technology,978-3540675143,13
1441,The successful internship,H. Frederick Sweitzer,Cengage Learning,1998    ,Information Technology,978-1285072579,5
1442,Advanced MS DOS programming,Ray Duncan,Microsoft Press,1988    ,Information Technology,978-1556151576,18
1443,Information literacy,Zorana Ercegovac,Libraries Unlimited,1998    ,Information Technology,978-1591584285,16
1444,Programming Logic and Design,Joyce Farrell,Cengage Learning,2004    ,Information Technology,978-1285776712,14
1445,Professional WordPress Plugin Development,Brad Williams,Wrox,2011    ,Information Technology,978-0470616420,9
1446,"Martha Stewart's gardening, month by month",Martha Stewart,Clarkson Potter,1991    ,Information Technology,978-0517584125,5
1447,Advances in Computing and Data Sciences,Mayank Singh,Springer,2017    ,Information Technology,978-9811319358,2
1448,Coding All-in-One For Dummies (For Dummies (Computers)),Nikhil Abraham,For Dummies,2017    ,Information Technology,978-1119315148,7
1449,Effective Modern C++: 42 Specific Ways to Improve Your Use of C++11 and C++14,Scott Meyers,O'Reilly Media,2014    ,Information Technology,978-1491903995,7
1450,Microsoft sourcebook for the help desk,Microsoft Press,Microsoft Press,1995    ,Information Technology,978-1572314597,20
1451,Violent Python A Cookbook For Hackers Forensic Analysts Penetration Testers And Security Engineers,Tj O'Connor,Syngress,2012    ,Information Technology,978-1597499576,5
1452,Developmentally Appropriate Curriculum,Marjorie J. Kostelnik,Pearson,1998    ,Information Technology,978-0134516332,6
1453,Mental health and social policy,David Mechanic,Pearson,1969    ,Information Technology,978-0205546275,12
1454,Implementation patterns,Kent Beck,Addison-Wesley,2007    ,Information Technology,978-0321413611,14
1455,C programmer's guide to serial communications,Joe Campbell,Sams,1987    ,Information Technology,978-0672225840,9
1456,Star Trek The Next Generation - The Dominion War - Behind Enemy Lines,John Vornholt,Pocket Books,1998    ,Information Technology,978-0671024970,8
1457,Introductory discrete mathematics,V. K. Balakrishnan,Dover Publications,1991    ,Information Technology,978-0486691152,15
1458,Brain-Computer Interface Research,Christoph Guger,Springer,2013    ,Information Technology,978-3319022772,9
1459,Click here to kill everybody,Bruce Schneier,W. W. Norton,2018    ,Information Technology,978-0393608885,7
1460,Beginning C,Ivor Horton,Apress,2006    ,Information Technology,978-1430248811,11
1461,Computer literacy,Arthur Luehrmann,McGraw-Hill,1983    ,Information Technology,978-0070390317,9
1462,The art of software testing,Glenford J. Myers,Wiley,2004    ,Information Technology,978-1118031964,3
1463,The logical thinking process,H. William Dettmer,ASQ Quality Press,2007    ,Information Technology,978-0873897235,19
1464,Algorithms unlocked,Thomas H. Cormen,MIT Press,2013    ,Information Technology,978-0262518802,14
1465,The psychology of human-computer interaction,Stuart K. Card,CRC Press,1983    ,Information Technology,978-0898592436,14
1466,Buying a computer for dummies,Dan Gookin,For Dummies,1995    ,Information Technology,978-0764570773,18
1467,Neuro-linguistic programming for dummies,Romilla Ready,For Dummies,2004    ,Information Technology,978-1119106111,9
1468,Intelligent Computing Theories and Application,De-Shuang Huang,Springer,2016    ,Information Technology,978-3319422909,17
1469,Basic programming,John G. Kemeny,Wiley,1967    ,Information Technology,978-0471018636,18
1470,Expert systems,John Durkin,Prentice Hall,1993    ,Information Technology,978-0023309717,5
1471,Excel Hacks,David E. Hawley,O'Reilly Media,2004    ,Information Technology,978-0596528348,14
1472,Acide sulfurique,Amélie Nothomb,Albin Michel,2005    ,Information Technology,978-2226167200,7
1473,Starting out with Visual C#,Tony Gaddis,Pearson,2019    ,Information Technology,978-0134382609,16
1474,DNS and BIND,Paul Albitz,O'Reilly Media,1996    ,Information Technology,978-0596100575,11
1475,Stephen Fry In America,Stephen Fry,HarperCollins,2008    ,Information Technology,978-0007266128,13
1476,Agile Project Management with Scrum (Microsoft Professional),Ken Schwaber,Microsoft Press,2004    ,Information Technology,978-0735619937,16
1477,Programming in Visual Basic.Net,Julia Case Bradley,McGraw-Hill,2002    ,Information Technology,978-0072464016,5
1478,Linux Command Line and Shell Scripting Bible,Richard Blum,Wiley,2008    ,Information Technology,978-1118983843,15
1479,Model And Data Engineering,Ladjel Bellatreche,Springer,2011    ,Information Technology,978-3319252070,3
1480,Learning GNU Emacs,Debra Cameron,O'Reilly Media,1991    ,Information Technology,978-0596006488,7
1481,SAP FI/CO,V. Narayanan,Jones & Bartlett,2008    ,Information Technology,978-1934015230,16
1482,Architectural programming,Donna P. Duerk,Wiley,1993    ,Information Technology,978-0471285106,4
1483,Excel 2019 For Dummies,Greg Harvey,For Dummies,2018    ,Information Technology,978-1119513322,18
1484,Mastering Excel,Mark Moore,Amazon Digital,2013    ,Information Technology,978-1517416416,3
1485,Welfare to work,United States. General Accounting Office,GAO,1991    ,Information Technology,978-1428938168,19
1486,Committee meeting of Joint Committee on the Public Schools,New Jersey. Legislature. Joint Committee on the Public Schools.,NJ State Govt,1994    ,Information Technology,978-1111111111,1
1487,SPICE,Paul W. Tuinenga,Prentice Hall,1988    ,Information Technology,978-0131464407,5
1488,The Dart Programming Language,Gilad Bracha,Addison-Wesley,2015    ,Information Technology,978-0321927705,12
1489,Algorithms for HVAC acoustics,Douglas D. Reynolds,ASHRAE,1991    ,Information Technology,978-0910110754,11
1490,SQL for SQL server,Bijoy Bordoloi,Prentice Hall,2003    ,Information Technology,978-0131105355,5
1491,Observing the user experience,Mike Kuniavsky,Morgan Kaufmann,2003    ,Information Technology,978-0124201958,3
1492,An Introduction to Statistical Learning,Gareth James,Springer,2013    ,Information Technology,978-1461471370,3
1493,Language Exploration & Awareness,Larry Andrews,Routledge,1992    ,Information Technology,978-0805843088,6
1494,Introduction to algorithms,Udi Manber,Addison-Wesley,1989    ,Information Technology,978-0201120370,8
1495,Computational Logistics,Francesco Corman,Springer,2013    ,Information Technology,978-3319242637,13
1496,Programming WCF Services,Juval Löwy,O'Reilly Media,2007    ,Information Technology,978-1449380601,19
1497,Clojure programming,Chas Emerick,O'Reilly Media,2012    ,Information Technology,978-1449394707,17
1498,Computational Thinking,Peter J. Denning,MIT Press,2019    ,Information Technology,978-0262536561,9
1499,Language acquisition made practical,Tom Brewster,Lingua House,1976    ,Information Technology,978-0916636005,1
1500,Ferguson Career Coach,Shelly Field,Ferguson,2008    ,Information Technology,978-0816071722,10
1501,Application development without programmers,James Martin,Prentice Hall,1981    ,Information Technology,978-0130389435,9
1502,Computational Intelligence,Andries P. Engelbrecht,Wiley,2002    ,Information Technology,978-0470035610,9
1503,Microcontrollers,Fernando E. Valdés Pérez,CRC Press,2009    ,Information Technology,978-0849318887,12
1504,The Essential Turing,Alan Mathison Turing,Oxford Univ. Press,2002    ,Information Technology,978-0198250807,12
1505,Structured Object-Oriented Formal Language and Method,Shaoying Liu,Springer,2013    ,Information Technology,978-3319226804,13
1506,Arduino Cookbook,Michael Margolis,O'Reilly Media,2011    ,Information Technology,978-1449313876,13
1507,Computer Architecture,Charles Fox,Chapman and Hall/CRC,2024    ,Information Technology,978-1439836378,11
1508,Including students with special needs,Marilyn Friend,Pearson,1999    ,Information Technology,978-0134754093,14
1509,Head first object-oriented analysis and design,Không rõ,O'Reilly Media,2006    ,Information Technology,978-0596008673,2
1510,Web Development and Design Foundations with HTML5,Terry Felke-Morris,Pearson,2012    ,Information Technology,978-0134322759,1
1511,El diario de El Chavo del Ocho,Roberto Gómez Bolaños,Santillana,1995    ,Information Technology,978-9707702462,8
1512,Java software structures,"Lewis, John",Pearson,2003    ,Information Technology,978-0133250121,11
1513,Building Java programs,Stuart Reges,Pearson,2011    ,Information Technology,978-0134322766,15
1514,A grammatical view of logic programming,Pierre Deransart,MIT Press,1993    ,Information Technology,978-0262041379,7
1515,Beginning Arduino,Michael McRoberts,Apress,2010    ,Information Technology,978-1430232407,11
1516,Angel,Nancy Holder,Simon Spotlight,1999    ,Information Technology,978-0689843112,11
1517,Library,Blake A. Hoena,Cherry Lake,2007    ,Information Technology,978-1634725071,13
1518,Flask Web Development,Miguel Grinberg,O'Reilly Media,2014    ,Information Technology,978-1491991732,15
1519,Learn Python 3 the Hard Way: A Very Simple Introduction to the Terrifyingly Beautiful World of Computers and Code (Zed Shaw's Hard Way Series),Zed Shaw,Addison-Wesley,2017    ,Information Technology,978-0134692883,16
1520,Game Anim,Jonathan Cooper,CRC Press,2019    ,Information Technology,978-1138094871,1
1521,Learning Web design,Jennifer Niederst Robbins,O'Reilly Media,2001    ,Information Technology,978-1491960301,19
1522,C++ plus data structures,Nell B. Dale,Jones & Bartlett,1999    ,Information Technology,978-1284089189,18
1523,Programming and problem solving with C++,Nell B. Dale,Jones & Bartlett,1996    ,Information Technology,978-1284079593,16
1524,Laravel,Matt Stauffer,O'Reilly Media,2016    ,Information Technology,978-1491936085,2
1525,Computer algorithms/C++,Ellis Horowitz,Computer Science Pr,1996    ,Information Technology,978-0716783152,4
1526,Computer Information Systems and Industrial Management,Khalid Saeed,Springer,2012    ,Information Technology,978-3319084909,19
1527,Java 2,Herbert Schildt,Osborne/McGraw-Hill,2000    ,Information Technology,978-0072127423,4
1528,DOS plus manual for the Amstrad PC1512,Không rõ,Amstrad,1987    ,Information Technology,978-1111111111,2
1529,Software engineering economics,Barry W. Boehm,Prentice Hall,1981    ,Information Technology,978-0138221225,5
1530,Statisticheskai︠a︡ fizika,L.D Landau,Nauka,1938    ,Information Technology,978-5020144927,3
1531,Head first HTML with CSS & XHTML,Elisabeth Freeman,O'Reilly Media,2005    ,Information Technology,978-0596101978,16
1532,Tools And Weapons,Brad Smith,Dutton,2019    ,Information Technology,978-1524745097,8
1533,Improving Spelling Performance,Cedar Rapids Community School District Staff,Kendall Hunt,1981    ,Information Technology,978-0787229566,13
1534,Understanding Computation,Tom Stuart,O'Reilly Media,2013    ,Information Technology,978-1449329273,3
1535,Functional Programming In Scala,Paul Chiusano,Manning,2013    ,Information Technology,978-1617290657,15
1536,A Primer on Scientific Programming with Python (Texts in Computational Science and Engineering),Hans Petter Langtangen,Springer,2009    ,Information Technology,978-3642549588,6
1537,Up in the Air,Walter Kirn,Doubleday,2001    ,Information Technology,978-0385501552,11
1538,Electric Circuits,James W. Nilsson,Pearson,1996    ,Information Technology,978-0134746968,5
1539,Python for bioinformatics,Sebastian Bassi,CRC Press,2009    ,Information Technology,978-1498704045,19
1540,Blockchain revolution,Don Tapscott,Portfolio,2016    ,Information Technology,978-1101980132,1
1541,The Love Thing,Dixie Browning,Silhouette,1984    ,Information Technology,978-0373059485,2
1542,The art of the metaobject protocol,Gregor Kiczales,MIT Press,1991    ,Information Technology,978-0262610742,7
1543,Emissary,J. M. Dillard,Pocket Books,1993    ,Information Technology,978-0671794880,16
1544,Cryptography for dummies,Chey Cobb,For Dummies,2004    ,Information Technology,978-0764541889,9
1545,Structured design,Edward Yourdon,Yourdon Press,1975    ,Information Technology,978-0138544140,2
1546,Natural Language Processing and Chinese Computing,Juanzi Li,Springer,2013    ,Information Technology,978-3319252605,14
1547,The Amazing Mystery Show,Gertrude Chandler Warner,Albert Whitman,2010    ,Information Technology,978-0807502907,5
1548,Kaplan SAT II,Kaplan Publishing,Kaplan,1999    ,Information Technology,978-0743217828,4
1549,"Wicked problems, righteous solutions",Peter DeGrace,Yourdon Press,1990    ,Information Technology,978-0135901267,11
1550,A Smarter Way to Learn JavaScript. The new tech-assisted approach that requires half the effort,Mark Myers,Amazon Digital,2014    ,Information Technology,978-1497408180,4
1551,How to Use Spss,Brian C. Cronk,Routledge,2002    ,Information Technology,978-1138303621,19
1552,Peak performance every time,Simon Hartley,Routledge,2012    ,Information Technology,978-0415676014,10
1553,Pottymouth and Stoopid,James Patterson,"Little, Brown",2016    ,Information Technology,978-0316349635,7
1554,Doctor Who: Who-ology,Cavan Scott,BBC Books,2013    ,Information Technology,978-1849906197,5
1555,Complete ABAP,Kiran Bandari,SAP Press,2016    ,Information Technology,978-1493212729,15
1556,Algorithms Illuminated,Tim Roughgarden,SoundLikeYourself,2018    ,Information Technology,978-0999282908,9
1557,Beginning Programming with Python for Dummies,John Paul Mueller,For Dummies,2014    ,Information Technology,978-1119457893,18
1558,Kotlin in Action,Dmitry Jemerov,Manning,2017    ,Information Technology,978-1617293290,10
1559,The Peter Norton Programmer's guide to the IBM PC,Peter Norton,Microsoft Press,1985    ,Information Technology,978-0914845461,7
1560,Growing up Brady,Barry Williams,HarperPerennial,1992    ,Information Technology,978-0060965747,13
1561,Masterminds of Programming,Federico Biancuzzi,O'Reilly Media,2008    ,Information Technology,978-0596515171,12
1562,Advances in Data Mining. Applications and Theoretical Aspects,Petra Perner,Springer,2009    ,Information Technology,978-3642314605,16
1563,Tabletop Game Design for Video Game Designers,Ethan Ham,CRC Press,2015    ,Information Technology,978-0415627658,3
1564,Payroll accounting,Bernard J. Bieg,Cengage Learning,1989    ,Information Technology,978-1337620345,7
1565,I funny TV,James Patterson,"Little, Brown",2015    ,Information Technology,978-0316273244,19
1566,"Analytics, Data Science, & Artificial Intelligence",Ramesh Sharda,Pearson,2019    ,Information Technology,978-0135192016,19
1567,Data Visualization,Kieran Healy,Princeton Univ. Press,2018    ,Information Technology,978-0691181622,4
1568,Medical terminology made easy,Jean Tannis Dennerll,Cengage Learning,1993    ,Information Technology,978-1418015381,20
1569,R for Programmers,Dan Zhang,Chapman and Hall/CRC,2016    ,Information Technology,978-1498725835,5
1570,"La damnation de Faust, H 111",Hector Berlioz,Bärenreiter,1900    ,Information Technology,978-0226044392,4
1571,Idomeneo,Wolfgang Amadeus Mozart,Bärenreiter,1870    ,Information Technology,978-0226543451,14
1572,Speaking JavaScript,Axel Rauschmayer,O'Reilly Media,2014    ,Information Technology,978-1449365035,2
1573,Introduction to Computing Using Python,Ljubomir Perkovic,Wiley,2011    ,Information Technology,978-1118890943,19
1574,Mobile Networks and Management,Andreas Timm-Giel,Springer,2013    ,Information Technology,978-3319042763,18
1575,Pro MERN Stack,Vasan Subramanian,Apress,2019    ,Information Technology,978-1484243909,14
1576,The Book of Shaders,Patricio Gonzalez Vivo,Self-Published,2015    ,Information Technology,978-1111111111,6
1577,Epic,Conor Kostick,Viking,2004    ,Information Technology,978-0670061792,11
1578,Assembly language book for the IBM PC,Peter Norton,Brady Books,1986    ,Information Technology,978-0130495372,10
1579,Game Mechanics,Ernest Adams,New Riders,2012    ,Information Technology,978-0321820274,20
1580,Designing The Internet Of Things,Adrian McEwen,Wiley,2012    ,Information Technology,978-1118430637,16
1581,Decision support systems and intelligent systems,Efraim Turban,Prentice Hall,1998    ,Information Technology,978-0130894656,20
1582,Operas,Sir Arthur Sullivan,Dover Publications,1900    ,Information Technology,978-0486233130,10
1583,Understanding object-oriented programming with Java,Timothy Budd,Addison-Wesley,1998    ,Information Technology,978-0201576979,17
1584,Super Mario,Jeff Ryan,Portfolio,2011    ,Information Technology,978-1591845638,13
1585,Oracle PL/SQL Programming,Steven Feuerstein,O'Reilly Media,1995    ,Information Technology,978-1449324452,14
1586,Using MPI,William Gropp,MIT Press,1994    ,Information Technology,978-0262571333,7
1587,"Discrete structures, logic, and computability",James L. Hein,Jones & Bartlett,1994    ,Information Technology,978-0763772062,1
1588,Implementing Domaindriven Design,Vaughn Vernon,Addison-Wesley,2012    ,Information Technology,978-0321834577,1
1589,Computers and intractability,Michael R. Garey,W. H. Freeman,1979    ,Information Technology,978-0716710455,1
1590,C++ Plus Data Structures,Nell Dale,Jones & Bartlett,2016    ,Information Technology,978-1284089189,7
1591,Object Oriented Design and Patterns,Cay S. Horstmann,Wiley,2003    ,Information Technology,978-0471744870,13
1592,Advanced engineering mathematics with MATLAB,Dean G. Duffy,CRC Press,2003    ,Information Technology,978-1498739641,4
1593,Effective NLP skills,Richard Youell,Teach Yourself,2011    ,Information Technology,978-1444128505,4
1594,One Boss Too Many (Full House Sisters),Devra Newberger Speregen,Scholastic,1998    ,Information Technology,978-0590483032,16
1595,Matchmakers (Full House Sisters),Diana Burke,Steeple Hill,2000    ,Information Technology,978-0373873463,13
1596,MongoDB,Michael Dirolf,O'Reilly Media,2010    ,Information Technology,978-1449381561,4
1597,User Stories Applied,Mike Cohn,Addison-Wesley,2004    ,Information Technology,978-0321205681,13
1598,Drop the Rock,Bill P.,Hazelden,2005    ,Information Technology,978-1568380346,13
1599,Inventing the Internet,Janet Abbate,MIT Press,1999    ,Information Technology,978-0262511155,16
1600,Friends,Lauren Johnson,Cherry Lake,2003    ,Information Technology,978-1634725057,6
1601,The game of lives,James Dashner,Delacorte Press,2015    ,Information Technology,978-0385387118,10
1602,Civil rights,Thomas Sowell,Basic Books,1984    ,Information Technology,978-0465011506,4
1603,Never Say Never,Phyllis George,McGraw-Hill,2002    ,Information Technology,978-0071387606,16
1604,Operating system concepts,Abraham Silberschatz,Wiley,1998    ,Information Technology,978-1118063330,7
1605,Project to Product,Mik Kersten,IT Revolution Press,2018    ,Information Technology,978-1942788393,20
1606,Probability and statistics with R,María Dolores Ugarte,CRC Press,2008    ,Information Technology,978-1466504394,4
1607,The Nature of Code,Daniel Shiffman,Self-Published,2012    ,Information Technology,978-0985942205,20
1608,Data Analysis with Open Source Tools,Philipp K. Janert,O'Reilly Media,2010    ,Information Technology,978-0596802356,6
1609,21st Century C,Ben Klemens,O'Reilly Media,2012    ,Information Technology,978-1491903896,6
1610,Mindstorms,Rena Hixon,Basic Books,2016    ,Information Technology,978-0465046744,17
1611,Physics for computer science students,Narciso Garcia,Springer,1986    ,Information Technology,978-0387949031,7
1612,Embedded Systems,James K. Peckol,Wiley,2007    ,Information Technology,978-1119457503,5
1613,Beginning Arduino programming,Brian Evans,Apress,2011    ,Information Technology,978-1430237778,18
1614,A simple guide to SPSS for Windows,Lee A. Kirkpatrick,Wadsworth,1997    ,Information Technology,978-0534510008,5
1615,How to solve it by computer,R. G. Dromey,Prentice Hall,1982    ,Information Technology,978-0134340012,2
1616,Mostly BASIC,Howard Berebon,Howard W. Sams,1980    ,Information Technology,978-0672220647,8
1617,From survival to recovery,"Al-Anon Family Group Headquarters, inc",Al-Anon Family,1994    ,Information Technology,978-0910034975,10
1618,Head First Android Development,Dawn Griffiths,O'Reilly Media,2017    ,Information Technology,978-1491974056,4
1619,Good Eats,Alton Brown,"Stewart, Tabori & Chang",2009    ,Information Technology,978-1584797951,1
1620,Advanced Informatics for Computing Research,Ashish Kumar Luhach,Springer,2017    ,Information Technology,978-9811331404,12
1621,Cambridge International AS and a Level Computer Science,"Watson, David",Hodder Education,2019    ,Information Technology,978-1471831256,12
1622,Learning JavaScript Design Pattern,Addy Osmani,O'Reilly Media,2012    ,Information Technology,978-1449331818,7
1623,File structures,Michael J. Folk,Addison-Wesley,1987    ,Information Technology,978-0201557138,17
1624,Somebody Else's Kids,Torey L. Hayden,William Morrow,1981    ,Information Technology,978-0380599401,5
1625,Supply Chain Analytics,Peter W. Robertson,Routledge,2020    ,Information Technology,978-0367540067,17
1626,Minitab handbook,Barbara F. Ryan,Cengage Learning,1985    ,Information Technology,978-0534491246,10
1627,Kill It with Fire,Marianne Bellotti,No Starch Press,2021    ,Information Technology,978-1718501188,6
1628,Instructor's guide and solutions manual to An Introduction to formal languages and automata,Peter Linz,Jones & Bartlett,1990    ,Information Technology,978-0763737993,20
1629,The art and science of digital compositing,Ron Brinkmann,Morgan Kaufmann,1999    ,Information Technology,978-0123706386,7
1630,97 things every software architect should know,Richard Monson-Haefel,O'Reilly Media,2009    ,Information Technology,978-0596522698,4
1631,Exercises in Programming Style,Cristina Videira Lopes,CRC Press,2014    ,Information Technology,978-0367350208,12
1632,Starting Out with Programming Logic and Design,Tony Gaddis,Pearson,2018    ,Information Technology,978-0134801155,8
1633,Microprocessor X86 Programming,"K.R. Venugopal, Raj Kumar",McGraw-Hill,2003    ,Information Technology,978-0074623718,16
1634,Computer programming,Ivan Flores,Pallisade,1966    ,Information Technology,978-0911078008,1
1635,The mind tool,Neill Graham,W. C. Brown,1976    ,Information Technology,978-0697097125,14
1636,SRA reading mastery,Siegfried Engelmann,SRA/McGraw-Hill,2002    ,Information Technology,978-0026863551,4
1637,Size 0,D. M. Paige,CreateSpace,2013    ,Information Technology,978-1453880432,5
1638,Essential COM,Don Box,Addison-Wesley,1998    ,Information Technology,978-0201634464,4
1639,Game Development Using Python,James R. Parker,Mercury Learning,2018    ,Information Technology,978-1683921806,8
1640,Python in Easy Steps,Mike McGrath,In Easy Steps,2013    ,Information Technology,978-1840788129,7
1641,The seasoned schemer,Daniel P. Friedman,MIT Press,1995    ,Information Technology,978-0262561006,18
1642,Programming language/one,Frank Bates,Prentice Hall,1967    ,Information Technology,978-0137294596,6
1643,Explorations in art and technology,Linda Candy,Springer,2002    ,Information Technology,978-1852335458,20
1644,Invent your Own Computer Games with Python,Al Sweigart,No Starch Press,2009    ,Information Technology,978-1593277956,17
1645,Microsoft Office 2003,Gary B. Shelly,Course Technology,2003    ,Information Technology,978-0619200237,18
1646,Python 3 object oriented programming,Dusty Phillips,Packt Publishing,2010    ,Information Technology,978-1789615852,7
1647,Apache,Ben Laurie,O'Reilly Media,1997    ,Information Technology,978-0596002030,7
1648,CompTIA® Security+®,Logical Operations,Logical Operations,2013    ,Information Technology,978-1427653659,17
1649,Windows PowerShell cookbook,Lee Holmes,O'Reilly Media,2007    ,Information Technology,978-1449320683,9
1650,3D Game Engine Design,David H. Eberly,Morgan Kaufmann,2000    ,Information Technology,978-0122290633,20
1651,BUNDLE : Field,Andy Field,SAGE Publications,2014    ,Information Technology,978-1483324029,17
1652,Object oriented systems development,Ali Bahrami,Irwin/McGraw-Hill,1999    ,Information Technology,978-0256253481,10
1653,Beginning Game Development with Python and Pygame,Will McGugan,Apress,2007    ,Information Technology,978-1590598726,14
1654,Proofs from the book,Martin Aigner,Springer,1998    ,Information Technology,978-3662572641,2
1655,Department of Education,United States. General Accounting Office,GAO,1989    ,Information Technology,978-1428938229,5
1656,Digital media tools,Nigel P. Chapman,Wiley,2001    ,Information Technology,978-0470512234,7
1657,Concept of programming languages,Robert W. Sebesta,Pearson,2009    ,Information Technology,978-0133943023,20
1658,Developing Web Applications,Ralph Moseley,Wiley,2007    ,Information Technology,978-0470017197,1
1659,Logic and Discrete Mathematics,Willem Conradie,Wiley,2015    ,Information Technology,978-1119065166,4
1660,Game Hacking,Nick Cano,No Starch Press,2016    ,Information Technology,978-1593276690,9
1661,Neuro-linguistic programming workbook for dummies,Romilla Ready,For Dummies,2008    ,Information Technology,978-1118106174,12
1662,Doing It Now,Edwin C. Bliss,Bantam,1983    ,Information Technology,978-0553273151,14
1663,Apache Cookbook,Ken Coar,O'Reilly Media,2003    ,Information Technology,978-0596529949,6
1664,Programming,Bjarne Stroustrup,Addison-Wesley,2008    ,Information Technology,978-0321992789,7
1665,Computer Forensics,John R. Vacca,Mercury Learning,2002    ,Information Technology,978-1936420551,11
1666,Welding,NCCER,Pearson,1999    ,Information Technology,978-0134163116,14
1667,Programming in Haskell,Graham Hutton,Cambridge Univ. Press,2007    ,Information Technology,978-1316626221,12
1668,Catalogue of artificial intelligence tools,Alan Bundy,Springer,1984    ,Information Technology,978-3540579311,8
1669,Care Bears,Sonia Sander,Scholastic,2003    ,Information Technology,978-0439563123,4
1670,Software modeling and design,Hassan Gomaa,Cambridge Univ. Press,2010    ,Information Technology,978-0521764148,17
1671,Essential English,Louis Fidge,Nelson Thornes,1996    ,Information Technology,978-0748765409,7
1672,Fifteen minutes,Karen Kingsbury,Zondervan,2013    ,Information Technology,978-0310266297,3
1673,Classical FORTRAN,Michael Kupferschmid,CRC Press,2002    ,Information Technology,978-0824708023,15
1674,Kill All Normies,Angela Nagle,Zero Books,2017    ,Information Technology,978-1785355431,16
1675,Large-scale C++ software design,John Lakos,Addison-Wesley,1996    ,Information Technology,978-0201633627,4
1676,Practical C++ Programming,Steve Oualline,O'Reilly Media,1995    ,Information Technology,978-0596004194,11
1677,Applied software architecture,Christine Hofmeister,Addison-Wesley,1999    ,Information Technology,978-0201325712,19
1678,Invitation to computer science,G. Michael Schneider,Cengage Learning,2010    ,Information Technology,978-1337561914,15
1679,Linux network administrator's guide,Olaf Kirch,O'Reilly Media,1994    ,Information Technology,978-0596007317,16
1680,Stranger Things : Worlds Turned Upside Down,Gina McIntyre,Del Rey,2018    ,Information Technology,978-1984817426,11
1681,Introduction to Programming Using Microsoft Visual Basic 2008,Jan Marrelli,McGraw-Hill,2010    ,Information Technology,978-0078294693,3
1682,PowerShell,Roger Wilson,CreateSpace,2021    ,Information Technology,978-1517551001,15
1683,"Django for Beginners, 5th Edition",William Vincent,WelcomeToCode,2024    ,Information Technology,978-1735467726,19
1684,"Data structures, algorithms, and applications in C++",Sartaj Sahni,Silicon Press,1998    ,Information Technology,978-0929306322,14
1685,Digital radiography and PACS,Christi E. Carter,Mosby/Elsevier,2007    ,Information Technology,978-0323044073,16
1686,Canadian fundamentals of nursing,Patricia A. Potter,Elsevier Canada,1997    ,Information Technology,978-1926648538,16
1687,A new approach to ear training,Leo Kraft,W. W. Norton,1999    ,Information Technology,978-0393976632,12
1688,A.B.Guide to Music Theory,Eric Taylor,ABRSM,1989    ,Information Technology,978-1854724465,13
1689,Introduction to Neural and Cognitive Modeling,Daniel S. Levine,Routledge,1991    ,Information Technology,978-0805820072,2
1690,SPSS For Dummies,Arthur Griffith,For Dummies,2007    ,Information Technology,978-0470097397,20
1691,Parallel And Concurrent Programming In Haskell,Simon Marlow,O'Reilly Media,2013    ,Information Technology,978-1449335946,7
1692,Linear programming and network flows,M. S. Bazaraa,Wiley,1977    ,Information Technology,978-0470462720,19
1693,Birth,Uwe Ahrens,Taschen,1978    ,Information Technology,978-3822813133,15
1694,Hands-on introduction to LabVIEW for scientists and engineers,John Essick,Oxford Univ. Press,2009    ,Information Technology,978-0190853068,2
1695,Fundamental statistics for the behavioral sciences,David C. Howell,Cengage Learning,1985    ,Information Technology,978-1285076911,19
1696,Mastering Oracle SQL,Sanjay Mishra,O'Reilly Media,2002    ,Information Technology,978-0596006327,19
1697,Dependency injection in .NET,Mark Seemann,Manning,2012    ,Information Technology,978-1935182504,1
1698,Visual Basic 6 how to program,Harvey M. Deitel,Prentice Hall,1999    ,Information Technology,978-0134569550,10
1699,Infographics for dummies,Justin Beegel,For Dummies,2014    ,Information Technology,978-1118792384,8
1700,Qualitative research & evaluation methods,Michael Quinn Patton,SAGE Publications,1990    ,Information Technology,978-1412972123,18
1701,OPPAGA justification review,Florida. Office of Program Policy Analysis and Government Accountability.,nan,2000    ,Information Technology,978-1111111111,17
1702,Data Structures with C++ Using STL,William H. Ford,OPPAGA,2001    ,Information Technology,978-0130858504,16
1703,Data Science at the Command Line,Jeroen Janssens,Prentice Hall,2014    ,Information Technology,978-1492031277,7
1704,Understanding UNIX/LINUX Programming,Bruce Molay,O'Reilly Media,2002    ,Information Technology,978-0130083029,2
1705,Hacking Gmail,Ben Hammersley,Pearson,2005    ,Information Technology,978-0764596117,17
1706,The Inside Story,Gary Russell,Wiley,1996    ,Information Technology,978-1840232479,16
1707,Applied Computational Thinking with Python,Sofía De Jesús,BBC Books,2020    ,Information Technology,978-1839214431,5
1708,100 science experiments,Georgina Andrews,Packt Publishing,2005    ,Information Technology,978-0794503796,14
1709,Usability engineering,Jakob Nielsen,Usborne,1993    ,Information Technology,978-0125184069,1
1710,An introduction to database systems,C. J. Date,Morgan Kaufmann,2000    ,Information Technology,978-0321197849,18
1711,Job Scheduling Strategies for Parallel Processing,Walfredo Cirne,Pearson,2013    ,Information Technology,978-3540310242,18
1712,The art of the story-teller,"Shedlock, Marie L.",Springer,1915    ,Information Technology,978-0486206356,3
1713,Data Mining for Association Rules and Sequential Patterns,Jean-Marc Adamo,Dover Publications,2000    ,Information Technology,978-1461371427,7
1714,"Python Programming: An Introduction to Computer Science, 3rd Ed.",John Zelle,Springer,2016    ,Information Technology,978-1590282410,3
1715,Making Embedded Systems,Elecia White,"Franklin, Beedle",2011    ,Information Technology,978-1449302146,4
1716,"Models, Algorithms and Technologies for Network Analysis",Mikhail V. Batsyn,O'Reilly Media,2012    ,Information Technology,978-3319062501,6
1717,Graphics programming in C,Roger T. Stevens,Springer,1989    ,Information Technology,978-1558510180,2
1718,Insects,Andrew Haslam,M&T Books,1987    ,Information Technology,978-1854344403,9
1719,Swarm Intelligence Algorithms,Adam Slowik,Two-Can,2020    ,Information Technology,978-1138384491,4
1720,Computer Vision -- ECCV 2014,David Fleet,CRC Press,2014    ,Information Technology,978-3319105895,20
1721,Schaum's outline of theory and problems of discrete mathematics,Seymour Lipschutz,Springer,1976    ,Information Technology,978-0070380318,20
1722,Information security and cryptology,Helger Lipmaa,McGraw-Hill,2006    ,Information Technology,978-3540302339,7
1723,Statistics,Michael J. Crawley,Springer,2005    ,Information Technology,978-1118322963,17
1724,Experimentation in software engineering,Claes Wohlin,Wiley,1999    ,Information Technology,978-3642290435,8
1725,Catia V5 Macro Programming With Visual Basic Script,Kyle Brand,Springer,2013    ,Information Technology,978-0071700009,10
1726,"Art of Computer Programming, Volume 3",Donald Knuth,McGraw-Hill,1998    ,Information Technology,978-0201896848,12
1727,Software design,Eric J. Braude,Addison-Wesley,2003    ,Information Technology,978-0471209249,3
1728,Programming in Python 3,Mark Summerfield,Wiley,2009    ,Information Technology,978-0321680563,16
1729,Advanced Computing in Industrial Mathematics,Krassimir Georgiev,Addison-Wesley,2017    ,Information Technology,978-3319763569,6
1730,The art of software security assessment,Mark Dowd,Springer,2006    ,Information Technology,978-0321444425,16
1731,The anomaly,Michael Rutger,Addison-Wesley,2018    ,Information Technology,978-1538761823,10
1732,Practical techniques for enhancing self-esteem,Diane Frey,Grand Central Pub,1991    ,Information Technology,978-0895886361,11
1733,Cloud Computing Security,John R. Vacca,Sybex,2016    ,Information Technology,978-1482260946,16
1734,The Kindaichi case files,Yōzaburō Kanari,CRC Press,2003    ,Information Technology,978-1591823292,12
1735,Analog and digital signal processing,Ashok Ambardar,Tokyopop,1995    ,Information Technology,978-0534954093,4
1736,The AutoCAD Book,James M. Kirkpatrick,Brooks/Cole,1992    ,Information Technology,978-0131144316,16
1737,Functional JavaScript,Michael Fogus,Pearson,2013    ,Information Technology,978-1449360726,4
1738,Technical analysis for the trading professional,Constance M. Brown,O'Reilly Media,1999    ,Information Technology,978-0071759144,4
1739,Ancient Egyptians and their neighbors,Marian Broida,McGraw-Hill,1999    ,Information Technology,978-1556523601,8
1740,Design of digital computers,Hans W. Gschwind,Chicago Review Pr,1967    ,Information Technology,978-3540074571,18
1741,SAP HANA,Berg Dr,Springer,2012    ,Information Technology,978-1493214150,19
1742,Designing object-oriented software,Rebecca Wirfs-Brock,SAP Press,1990    ,Information Technology,978-0136298250,7
1743,Head first Android development,Dawn Griffiths,Prentice Hall,2015    ,Information Technology,978-1449362188,5
1744,Mobile First,Luke Wroblewski,O'Reilly Media,2011    ,Information Technology,978-1937557027,20
1745,Batman,Scott Beatty,A Book Apart,2001    ,Information Technology,978-0756611316,5
1746,Inside OLE 2,Kraig Brockschmidt,DK Publishing,1993    ,Information Technology,978-1556156182,15
1747,Object-oriented methods,Ian Graham,Microsoft Press,1991    ,Information Technology,978-0201593717,1
1748,Better than life,Grant Naylor,Addison-Wesley,1990    ,Information Technology,978-0140134421,15
1749,ARM Assembly language,William Hohl,Penguin Books,2009    ,Information Technology,978-1482229851,4
1750,Teach like a champion,Doug Lemov,CRC Press,2010    ,Information Technology,978-1118898628,7
1751,The Practice of Computing Using Python,William F. Punch,Jossey-Bass,2012    ,Information Technology,978-0134379760,6
1752,Mastering Go,Mihalis Tsoukalos,Pearson,2018    ,Information Technology,978-1788626545,13
1753,Power Pivot and Power Bi,Rob Collie,Packt Publishing,2016    ,Information Technology,978-1615470396,14
1754,Patterns of software,Richard P. Gabriel,Holy Macro! Books,1996    ,Information Technology,978-0195121230,17
1755,Kubernetes: Up and Running: Dive into the Future of Infrastructure,Kelsey Hightower,Oxford Univ. Press,2017    ,Information Technology,978-1491935675,6
1756,Managing and using information systems,Keri E. Pearlson,O'Reilly Media,2003    ,Information Technology,978-1119244288,20
1757,Computational Science and Its Applications - ICCSA 2014,Beniamino Murgante,Wiley,2014    ,Information Technology,978-3642396366,9
1758,Succeeding with agile,Mike Cohn,Springer,2009    ,Information Technology,978-0321579362,17
1759,Recent Advances in Computer Science and Information Engineering,Zhihong Qian,Addison-Wesley,2012    ,Information Technology,978-3642289118,14
1760,An introduction to programming and object-oriented design using JAVA,Jaime Niño,Springer,2002    ,Information Technology,978-0471221777,7
1761,Television's second golden age,Robert J. Thompson,Wiley,1996    ,Information Technology,978-0826409010,11
1762,The LaTeX companion,Frank Mittelbach,Continuum,2004    ,Information Technology,978-0201362992,3
1763,BioInquiry,Nancy L. Pruitt,Addison-Wesley,2001    ,Information Technology,978-0471444107,2
1764,Machine Learning and Data Mining in Pattern Recognition,Petra Perner,Wiley,2003    ,Information Technology,978-3642221309,19
1765,Intelligent systems for engineers and scientists,Adrian A. Hopgood,Springer,2000    ,Information Technology,978-0849304569,3
1766,Turtles all the way down,John Grinder,CRC Press,1995    ,Information Technology,978-0929963006,7
1767,The Site Reliability Workbook,Niall Richard Murphy,Grinder & Assoc,2018    ,Information Technology,978-1492029502,12
1768,Learning OpenCV 3,Adrian Kaehler,O'Reilly Media,2017    ,Information Technology,978-1491937990,11
1769,Learning Robotic Process Automation: Create Software robots and automate business processes with the leading RPA tool – UiPath,Alok Mani Tripathi,O'Reilly Media,2018    ,Information Technology,978-1788470940,14
1770,Pattern recognition and image analysis,Earl Gose,Packt Publishing,1996    ,Information Technology,978-0132364157,4
1771,NLP & relationships,Robin Prior,Prentice Hall,2000    ,Information Technology,978-1845900229,13
1772,Star Trek The Next Generation - Starfleet Academy - Nova Command,Brad Strickland,Anglo American,1995    ,Information Technology,978-0671019082,4
1773,Constructing the user interface with statecharts,Ian Horrocks,Pocket Books,1999    ,Information Technology,978-0201342789,6
1774,Ruby cookbook,Lucas Carlson,Addison-Wesley,2006    ,Information Technology,978-0596523695,11
1775,Perl in a Nutshell,Ellen Siever,O'Reilly Media,1998    ,Information Technology,978-0596000271,3
1776,Statistical Analysis with Excel For Dummies,Joseph Schmuller,O'Reilly Media,2009    ,Information Technology,978-1119271154,1
1777,HTML5 games,Jacob Seidelin,For Dummies,2011    ,Information Technology,978-1119975083,14
1778,Microinteractions,Dan Saffer,Wiley,2013    ,Information Technology,978-1449341299,15
1779,Agile retrospectives,Esther Derby,O'Reilly Media,2012    ,Information Technology,978-0977616640,3
1780,Handbook of Game-Based Learning,Jan L. Plass,Pragmatic Bookshelf,2020    ,Information Technology,978-0262043519,13
1781,xUnit Test Patterns,Gerard Meszaros,MIT Press,2007    ,Information Technology,978-0131476714,9
1782,lex & yacc,Doug Brown Doug,Addison-Wesley,1990    ,Information Technology,978-1565920002,8
1783,Star Trek Federation Cassette,Judith Reeves-Stevens,O'Reilly Media,1991    ,Information Technology,978-0671850111,4
1784,An Introduction to Management Science,David Ray Anderson,Pocket Books,1982    ,Information Technology,978-1111822514,14
1785,Star Trek - Log Ten,Alan Dean Foster,Cengage Learning,1977    ,Information Technology,978-0345272188,20
1786,Changing belief systems with NLP,Robert B. Dilts,Ballantine Books,1990    ,Information Technology,978-0916990244,8
1787,Extending the Linear Model with R,Julian J. Faraway,Meta Publications,2004    ,Information Technology,978-1498731287,13
1788,React Native,Jamie Oates,Chapman and Hall/CRC,2022    ,Information Technology,978-1786460967,2
1789,"Internet of Things, Smart Spaces, and Next Generation Networks and Systems",Olga Galinina,Packt Publishing,2014    ,Information Technology,978-3319439006,11
1790,Pandas for Everyone,Daniel Chen,Springer,2017    ,Information Technology,978-0134546933,7
1791,Everyday Life,Walter A. Hazen,Addison-Wesley,1997    ,Information Technology,978-1596470002,11
1792,Design patterns explained,Alan Shalloway,Good Year Books,2002    ,Information Technology,978-0321247148,7
1793,On LISP,Paul Graham,Addison-Wesley,1993    ,Information Technology,978-0130305527,12
1794,Electronic Government,Ida Lindgren,Prentice Hall,2012    ,Information Technology,978-3030273248,2
1795,The Difference Between God and Larry Ellison,Mike Wilson,Springer,1997    ,Information Technology,978-0688149253,10
1796,Communication Technologies for Vehicles,Marion Berbineau,William Morrow,2013    ,Information Technology,978-3642400650,19
1797,Etudes for programmers,Charles Wetherell,Springer,1978    ,Information Technology,978-0132918077,4
1798,Learn you a Haskell for great good!,Miran Lipovača,Prentice Hall,2011    ,Information Technology,978-1593272838,4
1799,"Data Structures Using C_x000D_
            _x000D_
                Oxford Higher Education",Reema Thareja,No Starch Press,2011    ,Information Technology,978-0198099307,20
1800,C and the 8051,Thomas W. Schultz,Oxford Univ. Press,1993    ,Information Technology,978-0137548392,14
1801,Have you seen the dog lately?,Serena Makofsky,Scholastic,1995    ,Information Technology,978-0439401777,3
1802,Life with hope,Marijuana Anonymous,Marijuana Anonymous,2001    ,Information Technology,978-0966050721,20
1803,The Arctic Incident,Eoin Colfer,Disney-Hyperion,2009    ,Information Technology,978-0786808540,9
1804,Statistics for managers using Microsoft Excel,David M. Levine,Pearson,1999    ,Information Technology,978-0134173030,16
1805,Neuro-fuzzy and soft computing,Jyh-Shing Roger Jang,Prentice Hall,1996    ,Information Technology,978-0132610667,2
1806,Continuemos!,Ana C. Jarvis,Cengage Learning,1979    ,Information Technology,978-1133934332,17
1807,The definitive guide to Django,Adrian Holovaty,Apress,2007    ,Information Technology,978-1590599969,13
1808,Lost in London,Cindy Callaghan,Aladdin,2013    ,Information Technology,978-1442460140,20
1809,"Politicians, Partisans, and Parasites",Tucker Carlson,Warner Books,2003    ,Information Technology,978-0446529877,14
1810,The creative curriculum for preschool,"Dodge, Diane Trister.",Teaching Strategies,2002    ,Information Technology,978-1879083561,1
1811,Go! All in One,Shelley Gaskin,Pearson,2014    ,Information Technology,978-0134178301,4
1812,Computational Science and Its Applications -- ICCSA 2015,Osvaldo Gervasi,Springer,2015    ,Information Technology,978-3540260424,18
1813,Professional Java server programming,Subrahmanyam Allamaraju,Wrox,2001    ,Information Technology,978-1861004659,17
1814,HNC/HND Business (HNC/HND Business Series),BPP,BPP Learning Media,1996    ,Information Technology,978-1472719133,5
1815,Adventures in Raspberry Pi,Carrie Anne Philbin,Wiley,2013    ,Information Technology,978-1119046028,12
1816,"Data Management, Analytics and Innovation",Valentina Emilia Balas,Springer,2018    ,Information Technology,978-9811312731,7
1817,Programming pearls,Jon Louis Bentley,Addison-Wesley,1986    ,Information Technology,978-0201657883,5
1818,Bio-inspired Computing : Theories and Applications,Cheng He,Springer,2014    ,Information Technology,978-3030005603,13
1819,Logic programming,Ewing Lusk,MIT Press,1989    ,Information Technology,978-0262620680,2
1820,Andrea Chénier,Umberto Giordano,G. Schirmer,1896    ,Information Technology,978-0634068553,15
1821,A bug hunter's diary,Tobias Klein,No Starch Press,2011    ,Information Technology,978-1593273859,5
1822,"Swarm, Evolutionary, and Memetic Computing",Bijaya Ketan Panigrahi,Springer,2010    ,Information Technology,978-3642175626,1
1823,Secure software design,Theodor Richardson,Jones & Bartlett,2012    ,Information Technology,978-1449626327,20
1824,Understanding Big Data. Analytics for Enterprise Class Hadoop and Streaming Data,Paul C Zikopoulos,McGraw-Hill,2012    ,Information Technology,978-0071790536,18
1825,Life Skills Training,Gilbert J. Botvin,Princeton Health,1996    ,Information Technology,978-0965042642,10
1826,Apple Training Series,Peachpit Press,Peachpit Press,2004    ,Information Technology,978-0321635310,14
1827,Linux command line and shell scripting bible,Richard Blum,Wiley,2008    ,Information Technology,978-1118983843,9
1828,Security without Obscurity,Jeff Stapleton,CRC Press,2016    ,Information Technology,978-1466592148,5
1829,Doctor Who: the Wheel of Ice,Stephen Baxter,BBC Books,2012    ,Information Technology,978-1849904797,20
1830,"Futures, options, and swaps",Robert W. Kolb,Blackwell,1994    ,Information Technology,978-1405150491,4
1831,Construction inspector training,United States. Bureau of Reclamation.,Bureau of Reclam.,1989    ,Information Technology,978-1111111111,13
1832,AP computer science A,Roselyn Teukolsky,Barron's,2013    ,Information Technology,978-1438004129,15
1833,Hacking Android,Srinivasa Rao Kotipalli,Packt Publishing,2016    ,Information Technology,978-1785883149,14
1834,Analysis Patterns,Martin Fowler,Addison-Wesley,1996    ,Information Technology,978-0201895421,13
1835,International Conference on Innovative Computing and Communications,Deepak Gupta,Springer,2018    ,Information Technology,978-9811326844,16
1836,SAS for dummies,Stephen McDaniel,For Dummies,2007    ,Information Technology,978-0470526941,9
1837,Get the Life You Want,Richard Bandler,Health Comm. Inc,2009    ,Information Technology,978-0757307768,20
1838,The elements of programming style,Brian W. Kernighan,McGraw-Hill,1974    ,Information Technology,978-0070342071,15
1839,Floating-point computation,Pat H. Sterbenz,Prentice Hall,1973    ,Information Technology,978-0133224955,9
1840,Computer Networks,Andrzej Kwiecien,Springer,2009    ,Information Technology,978-3642549410,5
1841,Troubleshooting your PC for Dummies,Dan Gookin,For Dummies,2002    ,Information Technology,978-0470230770,19
1842,Trek,James Van Hise,Pioneer Books,1989    ,Information Technology,978-1556982934,10
1843,Computing fundamentals,Peter Norton,McGraw-Hill,1996    ,Information Technology,978-0078214370,15
1844,Information Systems,Efrem G. Mallach,McGraw-Hill,2015    ,Information Technology,978-0072836264,4
1845,DOS internals,Geoff Chappell,Addison-Wesley,1994    ,Information Technology,978-0201608359,6
1846,Differential equations,C. H. Edwards,Pearson,1995    ,Information Technology,978-0131437388,3
1847,Concepts of Programming Languages,Robert W. Sebesta,Pearson,2002    ,Information Technology,978-0133943023,2
1848,Learn to Program Using Python,Alan Gauld,Addison-Wesley,2000    ,Information Technology,978-0201709384,7
1849,"Free Software, Free Society",Richard Stallman,GNU Press,2002    ,Information Technology,978-0983159209,7
1850,Biomedical Engineering Systems and Technologies,Ana Fred,Springer,2008    ,Information Technology,978-3642117206,1
1851,C programming for embedded systems,Kirk Zurell,R&D Books,2000    ,Information Technology,978-1929629046,2
1852,LISP,Patrick Henry Winston,Addison-Wesley,1981    ,Information Technology,978-0201083194,13
1853,Spreadsheet modeling and decision analysis,Cliff T. Ragsdale,Cengage Learning,1995    ,Information Technology,978-1285418681,3
1854,Data structures using PASCAL,Aaron M. Tenenbaum,Prentice Hall,1981    ,Information Technology,978-0131962538,5
1855,"Systems, Software and Services Process Improvement",Jakub Stolfa,Springer,2011    ,Information Technology,978-3319642178,15
1856,Contemporary High Performance Computing,Jeffrey S. Vetter,CRC Press,2013    ,Information Technology,978-1466568341,18
1857,"Unity Game Development in 24 Hours, Sams Teach Yourself",Mike Geig,Sams Publishing,2000    ,Information Technology,978-0672336965,8
1858,Software tools,Brian W. Kernighan,Addison-Wesley,1976    ,Information Technology,978-0201036695,14
1859,Distributed Sensor Networks,S. Sitharama Iyengar,CRC Press,2004    ,Information Technology,978-1439862827,10
1860,Neural Networks and Deep Learning,Charu C. Aggarwal,Springer,2018    ,Information Technology,978-3319944623,14
1861,Star Trek - Dreams of the Raven,Carmen Carter,Pocket Books,1987    ,Information Technology,978-0671650889,17
1862,Coding Freedom,E. Gabriella Coleman,Princeton Univ. Pr,2012    ,Information Technology,978-0691144610,9
1863,Building a medical vocabulary,Peggy C. Leonard,Saunders,1983    ,Information Technology,978-1455711451,14
1864,Expert C programming!,Peter Van der Linden,Prentice Hall,1994    ,Information Technology,978-0131774292,7
1865,Python programming in context,Bradley N. Miller,Jones & Bartlett,2009    ,Information Technology,978-1449699390,14
1866,"C, a reference manual",Samuel P. Harbison,Prentice Hall,1984    ,Information Technology,978-0130895929,5
1867,E-learning uncovered,Diane Elkins,CreateSpace,2010    ,Information Technology,978-1481977791,19
1868,Human Behavior Understanding,Albert Ali Salah,Springer,2011    ,Information Technology,978-3642160554,13
1869,Advances in Software Science and Technology,Nihon Sofutowea Kagakkai,Springer,1990    ,Information Technology,978-3540574590,9
1870,"Computational physics, FORTRAN version",Steven E. Koonin,Addison-Wesley,1986    ,Information Technology,978-0201126136,11
1871,RESTful Web Services,Leonard Richardson,O'Reilly Media,2007    ,Information Technology,978-0596529260,12
1872,Algorithms and Programming,Alexander Shen,Birkhäuser,1996    ,Information Technology,978-0817647605,6
1873,Android Fully Loaded,Rob Huddleston,Wiley,2010    ,Information Technology,978-1118114469,12
1874,Electronic Government and the Information Systems Perspective,Andrea Kő,Springer,2010    ,Information Technology,978-3642403576,12
1875,UNIX in a Nutshell,Arnold Robbins,O'Reilly Media,1999    ,Information Technology,978-0596100292,6
1876,A basic course in statistics,G. M. Clarke,Arnold,1978    ,Information Technology,978-0340814062,19
1877,Software architecture,Richard N. Taylor,Wiley,2010    ,Information Technology,978-0470167489,18
1878,Hidden Markov models for time series,W. Zucchini,CRC Press,2009    ,Information Technology,978-1584880523,6
1879,Head first JavaScript,Michael Morrison,O'Reilly Media,2007    ,Information Technology,978-0596527747,5
1880,Star Trek Deep Space Nine - The 34th Rule,Armin Shimerman,Pocket Books,1999    ,Information Technology,978-0671007935,20
1881,Murach's Python Programming,Michael Urban,Mike Murach & Assoc,2016    ,Information Technology,978-1890774974,11
1882,Defense infrastructure,United States. General Accounting Office,GAO,1996    ,Information Technology,978-1428941014,6
1883,Tools of the mind,Elena Bodrova,Pearson,1995    ,Information Technology,978-0130278043,16
1884,"Distributed, Ambient, and Pervasive Interactions",Norbert Streitz,Springer,2013    ,Information Technology,978-3540732815,1
1885,Instant AutoCAD,Stephen J. Ethier,Prentice Hall,2000    ,Information Technology,978-0130922892,3
1886,Java Examples in a Nutshell,David Flanagan,O'Reilly Media,1997    ,Information Technology,978-0596006204,18
1887,Star Wars - Clone Wars - Character Encyclopedia,Jason Fry,DK Publishing,2010    ,Information Technology,978-0756663087,2
1888,Federal workforce,United States. General Accounting Office,GAO,1986    ,Information Technology,978-1428941076,14
1889,Data Structures and Algorithms in Java,Michael T. Goodrich,Wiley,2014    ,Information Technology,978-1118771334,18
1890,APIs,Daniel Jacobson,O'Reilly Media,2011    ,Information Technology,978-1449308926,9
1891,SPSS for Windows step by step,Darren George,Pearson,1999    ,Information Technology,978-0205011247,9
1892,Spaceland,Rudy Rucker,Tor Books,2002    ,Information Technology,978-0765303660,18
1893,Click'd,Tamara Ireland Stone,"Little, Brown",2017    ,Information Technology,978-1484784976,1
1894,Tax policy,United States. General Accounting Office,GAO,1986    ,Information Technology,978-1428941137,11
1895,Getting Started with SQL,Thomas Nield,O'Reilly Media,2016    ,Information Technology,978-1491938614,1
1896,Friend Or Flamingo? (Full House Club: Stephanie),Wendy Haley,Scholastic,1998    ,Information Technology,978-0439540582,16
1897,Social statistics for a diverse society,Chava Frankfort-Nachmias,SAGE Publications,1997    ,Information Technology,978-1483344683,3
1898,Exploring motion graphics,Rebecca Gallagher,Cengage Learning,2006    ,Information Technology,978-1418011666,6
1899,Community development,United States. General Accounting Office,GAO,1986    ,Information Technology,978-1428941199,6
1900,SQL all-in-one for dummies,Allen G. Taylor,For Dummies,2011    ,Information Technology,978-0470929964,6
1901,Dictionary of computer terms,Douglas Downing,Barron's,1986    ,Information Technology,978-0764141607,14
1902,The Simpsons Uncensored Family Album (Simpsons),Matt Groening,HarperCollins,1991    ,Information Technology,978-0060965822,5
1903,Stop staring,Jason Osipa,Sybex,2003    ,Information Technology,978-0470602904,1
1904,3D math primer for graphics and game development,Fletcher Dunn,CRC Press,2002    ,Information Technology,978-1568817231,20
1905,Business Information Systems Workshops,Witold Abramowicz,Springer,2009    ,Information Technology,978-3642023019,17
1906,Halbleiter-Schaltungstechnik,U. Tietze,Springer,1969    ,Information Technology,978-3540428497,7
1907,Alan Turing,Dermot Turing,Pitkin,2015    ,Information Technology,978-1841657561,6
1908,Delete,Viktor Mayer-Schönberger,Princeton Univ Pr,2009    ,Information Technology,978-0691138619,14
1909,A mathematical introduction to logic,Herbert B. Enderton,Academic Press,1972    ,Information Technology,978-0122384523,18
1910,Serious Games,Tim Marsh,Springer,2015    ,Information Technology,978-3319458403,5
1911,Enhanced Discovering Computers ©2017,Misty E. Vermaat,Cengage Learning,2016    ,Information Technology,978-1285845500,7
1912,Numerical methods for scientists and engineers,Richard Hamming,Dover Publications,1962    ,Information Technology,978-0486652412,9
1913,Getting down to business,Norma Shapiro,Oxford Univ Press,1981    ,Information Technology,978-0194372336,7
1914,Star Trek The Next Generation Technical Manual,Rick Sternbach,Pocket Books,1991    ,Information Technology,978-0671704278,11
1915,Designing interfaces,Jenifer Tidwell,O'Reilly Media,2005    ,Information Technology,978-1449379704,2
1916,SQL antipatterns,Bill Karwin,Pragmatic Bookshelf,2010    ,Information Technology,978-1934356555,16
1917,Graph theory and its applications,Jonathan L. Gross,CRC Press,1999    ,Information Technology,978-1584885054,7
1918,Professional issues in software engineering,Frank Bott,CRC Press,2000    ,Information Technology,978-0748409518,9
1919,C++ for dummies,Stephen Randy Davis,For Dummies,1994    ,Information Technology,978-1118823774,18
1920,Robot building for beginners,David Cook,Apress,2002    ,Information Technology,978-1430227540,9
1921,The World of Star Trek,David Gerrold,Bluejay Books,1973    ,Information Technology,978-0312944636,9
1922,Patterns in Java,Mark Grand,Wiley,1998    ,Information Technology,978-0471258391,7
1923,Food Stamp Program,United States. General Accounting Office,GAO,1986    ,Information Technology,978-1428941250,5
1924,Cloud Computing and Security,Xingming Sun,Springer,2016    ,Information Technology,978-3030000059,11
1925,"Computergraphik, Computerkunst",Herbert W. Franke,Springer,1971    ,Information Technology,978-3540151494,8
1926,Learning Angular,Aristeidis Bampakos,Packt Publishing,2020    ,Information Technology,978-1839210037,16
1927,A discipline of programming,Edsger Wybe Dijkstra,Prentice Hall,1976    ,Information Technology,978-0132158718,12
1928,Visualizing Technology Complete,Debra Geoghan,Pearson,2013    ,Information Technology,978-0133546736,7
1929,A first course in computational physics and object-oriented programming with C++,David Yevick,Cambridge Univ Pr,2005    ,Information Technology,978-0521848329,20
1930,Becoming a teacher,Forrest W. Parkay,Pearson,1990    ,Information Technology,978-0134016092,12
1931,Cambridge International AS and A Level Computer Science,Sylvia Langfield,Cambridge Univ Pr,2019    ,Information Technology,978-1108730037,3
1932,Seven Concurrency Models In Seven Weeks,Paul Butcher,Pragmatic Bookshelf,2014    ,Information Technology,978-1937785659,9
1933,GitHub for Dummies,Sarah Guthals,For Dummies,2019    ,Information Technology,978-1119572671,3
1934,First Course in Control System Design,Kamran Iqbal,River Publishers,2017    ,Information Technology,978-8793519107,4
1935,Deprivation House,Franklin W. Dixon,Aladdin,2008    ,Information Technology,978-1416954491,16
1936,Pushing electrons,Daniel P. Weeks,Cengage Learning,1992    ,Information Technology,978-1133951889,3
1937,Traité de dynamique,Jean Le Rond d'Alembert,Gauthier-Villars,1743    ,Information Technology,978-2012543591,9
1938,You don't know JS,"Simpson, Kyle (JavaScript systems architect)",O'Reilly Media,2016    ,Information Technology,978-1491904244,16
1939,Writing scientific software,Suely Oliveira,Cambridge Univ Pr,2006    ,Information Technology,978-0521675956,6
1940,Advances in Visual Computing,George Bebis,Springer,2012    ,Information Technology,978-3540486268,20
1941,The Star trek compendium,Allan Asherman,Pocket Books,1981    ,Information Technology,978-0671796129,15
1942,Talk Radio,Eric Bogosian,Theatre Comm Grp,1988    ,Information Technology,978-1559360548,18
1943,Learning PySpark,Tomasz Drabas,Packt Publishing,2017    ,Information Technology,978-1786463708,11
1944,"The Art of Computer Programming, Volumes 1-4A Boxed Set",Donald Knuth,Addison-Wesley,2011    ,Information Technology,978-0201896831,20
1945,Dad's army,Jimmy Perry,Orion,1976    ,Information Technology,978-0752847412,17
1946,Writing compilers and interpreters,Ronald Mak,Wiley,1991    ,Information Technology,978-0470409244,20
1947,SAP MM questions and answers,"Kogent Learning Solutions, Inc",Jones & Bartlett,2010    ,Information Technology,978-0763783105,20
1948,Seven Databases in Seven Weeks,Eric Redmond,Pragmatic Bookshelf,2012    ,Information Technology,978-1941222355,3
1949,Breakdown,Katherine Applegate,Scholastic,2002    ,Information Technology,978-0590332217,12
1950,IBM SPSS Statistics 25 Step by Step,Darren George,Routledge,2018    ,Information Technology,978-1138491106,9
1951,ANSI Common Lisp,Paul Graham,Prentice Hall,1996    ,Information Technology,978-0133708752,11
1952,The steps we took,Joe McQ,Joe McQ,1990    ,Information Technology,978-0963966308,11
1953,Develop your NLP skills,Andrew J. Bradbury,Kogan Page,2006    ,Information Technology,978-0749445584,12
1954,JavaScript for Kids,Nick Morgan,No Starch Press,2014    ,Information Technology,978-1593275662,19
1955,The Software Craftsman,Sandro Mancuso,Prentice Hall,2014    ,Information Technology,978-0134052502,9
1956,The old new thing,Raymond Chen,Addison-Wesley,2006    ,Information Technology,978-0321440303,8
1957,UX style frameworks,Marti Gold,CRC Press,2015    ,Information Technology,978-1498762281,4
1958,The unified modeling language reference manual,James Rumbaugh,Addison-Wesley,1999    ,Information Technology,978-0321245625,5
1959,Coding for beginners in easy steps,Mike McGrath,In Easy Steps,2015    ,Information Technology,978-1840786422,1
1960,"Smart Baby, Clever Child",Valentine Dmitriev,Sourcebooks,2003    ,Information Technology,978-1570719394,19
1961,Microsoft Office 2013,Misty E. Vermaat,Cengage Learning,2014    ,Information Technology,978-1285166025,10
1962,Game physics engine development,Ian Millington,Morgan Kaufmann,2007    ,Information Technology,978-0123819765,7
1963,"Tiger Moth, Insect Ninja",Aaron Reynolds,Stone Arch Books,2006    ,Information Technology,978-1598892185,20
1964,Exam 70-410 Installing And Configuring Windows Server 2012 R2,Microsoft Press,Microsoft Press,2014    ,Information Technology,978-0735673168,17
1965,Interactive computing software skills,Kenneth C. Laudon,Addison-Wesley,1997    ,Information Technology,978-0201311099,12
1966,Financial Cryptography and Data Security,Jeremy Clark,Springer,2013    ,Information Technology,978-3662533567,3
1967,Attack of the Prehistoric Pokémon,Tracey West,Scholastic,1999    ,Information Technology,978-0439104616,10
1968,Practices for scaling lean & agile development,Craig Larman,Addison-Wesley,2010    ,Information Technology,978-0321636409,20
1969,Programming language concepts,Carlo Ghezzi,Wiley,1982    ,Information Technology,978-0471104261,16
1970,Object-Oriented Analysis and Design with Applications,Grady Booch,Addison-Wesley,1990    ,Information Technology,978-0201895513,5
1971,Centauri dawn,Michael Ely,HarperCollins,2000    ,Information Technology,978-0061053146,17
1972,Web design,Thomas A. Powell,McGraw-Hill,2000    ,Information Technology,978-0072119824,8
1973,New Approach to Ear Training,Leo Kraft,W. W. Norton,1967    ,Information Technology,978-0393976632,1
1974,Medical and Health Information Directory,Karen Backus,Gale,1977    ,Information Technology,978-0787625122,14
1975,The design and implementation of the FreeBSD operating system,Marshall Kirk McKusick,Addison-Wesley,2004    ,Information Technology,978-0201549799,14
1976,Using music to enhance student learning,Jana R. Fallin,Routledge,2010    ,Information Technology,978-1138350694,2
1977,The ultimate guide to video game writing and design,Flint Dille,Lone Eagle,2006    ,Information Technology,978-1580650663,8
1978,Multilevel Modeling Using R,W. Holmes Finch,CRC Press,2014    ,Information Technology,978-1466515857,10
1979,Monte Carlo Statistical Methods,Christian P. Robert,Springer,1999    ,Information Technology,978-0387212395,1
1980,Nine algorithms that changed the future,John MacCormick,Princeton Univ Pr,2012    ,Information Technology,978-0691147147,14
1981,Introduction to information retrieval,Christopher D. Manning,Cambridge Univ Pr,2008    ,Information Technology,978-0521865715,3
1982,Star Trek The Next Generation - Starfleet Academy - Loyalties,Patricia L. Barnes-Svarney,Pocket Books,1996    ,Information Technology,978-0671501540,6
1983,Federal Employees' Compensation Act,United States. General Accounting Office,GAO,1981    ,Information Technology,978-1428941311,3
1984,Digital Painting for the Complete Beginner,Carlyn Beccia,Focal Press,2012    ,Information Technology,978-0240812335,6
1985,Smalltalk-80,Adele Goldberg,Addison-Wesley,1983    ,Information Technology,978-0201113716,10
1986,The Art of Memory Forensics,Andrew Case,Wiley,2014    ,Information Technology,978-1118825099,4
1987,Python for kids for dummies,Brendan Scott,For Dummies,2015    ,Information Technology,978-1119093978,18
1988,Storage networks,Robert Spalding,McGraw-Hill,2003    ,Information Technology,978-0072225235,3
1989,The Star Trek Encyclopedia,Michael Okuda,Pocket Books,1994    ,Information Technology,978-0671536091,11
1990,Coding interview questions,Narasimha Karumanchi,CareerMonk,2014    ,Information Technology,978-8192107516,5
1991,The hacker and the ants,Rudy Rucker,Morrow,1994    ,Information Technology,978-0380784944,14
1992,The Big Nine,Amy Webb,PublicAffairs,2019    ,Information Technology,978-1541773752,19
1993,Improvisation for the Spirit,Katie Goodman,Sourcebooks,2008    ,Information Technology,978-1402211515,16
1994,Pascal user manual and report,Kathleen Jensen,Springer,1974    ,Information Technology,978-0387960487,16
1995,The invisible computer,Donald A. Norman,MIT Press,1998    ,Information Technology,978-0262640411,16
1996,Open source GIS,Markus Neteler,Springer,2002    ,Information Technology,978-1402070884,15
1997,My Life as a 10-Year-Old Boy,Nancy Cartwright,Hyperion,2000    ,Information Technology,978-0786866960,2
1998,Learning C++,Neill Graham,McGraw-Hill,1991    ,Information Technology,978-0070239630,5
1999,Practical data structures using C/C++,James L. Antonakos,Prentice Hall,1999    ,Information Technology,978-0136224327,4
2000,Always War,Margaret Peterson Haddix,Simon & Schuster,2011    ,Information Technology,978-0689853784,14
2001,The Wealth of Nations,Adam Smith,W. Strahan & T. Cadell,1776    ,Economics and Business,978-0521819152,10
2002,"The art of money getting, or, Golden rules for money getting",P. T. Barnum,Worth Press / George W. Carleton,1880    ,Economics and Business,978-1612039237,8
2003,Principles of Political Economy,John Stuart Mill,John W. Parker,1848    ,Economics and Business,978-0199535552,6
2004,Das Kapital,Karl Marx,Otto Meissner,1867    ,Economics and Business,978-0140445688,14
2005,Think and Grow Rich,Napoleon Hill,Ralston Society,1937    ,Economics and Business,978-1585424337,3
2006,The Art of War,孙武,Hodder & Stoughton / Oxford University Press,1900    ,Economics and Business,978-0140447330,5
2007,"The science of getting rich, or, financial success through creative thought",Wallace D. Wattles,Elizabeth Towne,1910    ,Economics and Business,978-1585426010,13
2008,As a man thinketh,James Allen,Savoy Publishing,1902    ,Economics and Business,978-1585425648,2
2009,Die protestantische Ethik und der Geist des Kapitalismus,Max Weber,Archiv für Sozialwissenschaft...,1700    ,Economics and Business,978-0140439212,3
2010,The Richest Man in Babylon,George S. Clason,Hawthorn Books,1926    ,Economics and Business,978-0451205360,1
2011,Tax administration,United States. General Accounting Office,IBFD / IMF,1986    ,Economics and Business,978-1234914103,12
2012,The Power of Your Subconscious Mind,Joseph Murphy,Prentice-Hall,1963    ,Economics and Business,978-1604592016,7
2013,Vom Kriege,Carl von Clausewitz,Dümmlers Verlag,1835    ,Economics and Business,978-0691018546,11
2014,Noli Me Tangere,José Rizal,Berliner Buchdruckerei-Aktien-Gesellschaft,1902    ,Economics and Business,978-0140449037,8
2015,"Laws, etc",Great Britain.,Thường do Chính phủ/Quốc hội xuất bản,1691    ,Economics and Business,(Tài liệu pháp quy),16
2016,NASA/DoD aerospace knowledge diffusion research project,Thomas E. Pinelli,NASA / U.S. Government,1990    ,Economics and Business,978-1567200669,1
2017,The Turn of the Screw,Henry James,Macmillan,1898    ,Economics and Business,978-0141441351,17
2018,A Room of One's Own,Virginia Woolf,Hogarth Press,1929    ,Economics and Business,978-0156787338,6
2019,Gone With the Wind,Margaret Mitchell,Macmillan,1936    ,Economics and Business,978-1451635621,14
2020,History,Herodotus,Penguin Classics / Oxford University Press,1494    ,Economics and Business,978-0140449082,18
2021,Manifest der Kommunistischen Partei,Karl Marx,J.E. Burghard,1848    ,Economics and Business,978-0140447576,17
2022,The Scarlet Letter,Nathaniel Hawthorne,"Ticknor, Reed & Fields",1850    ,Economics and Business,978-0142437261,20
2023,Du contrat social,Jean-Jacques Rousseau,Marc-Michel Rey,1762    ,Economics and Business,978-0140442014,19
2024,Πολιτικά (Politiká),Aristotle,Oxford University Press (Bản dịch),1492    ,Economics and Business,978-0140444216,3
2025,Northanger Abbey,Jane Austen,John Murray,1818    ,Economics and Business,978-0141439792,11
2026,La Poetica,Aristotle,Penguin / Cambridge University Press,1479    ,Economics and Business,978-0140446364,6
2027,The Last of the Mohicans,James Fenimore Cooper,H.C. Carey & I. Lea,1826    ,Economics and Business,978-0140390246,7
2028,Sense and Sensibility,Jane Austen,Thomas Egerton,1811    ,Economics and Business,978-0141439662,6
2029,The Great Gatsby,F. Scott Fitzgerald,Charles Scribner's Sons,1920    ,Economics and Business,978-0743273565,18
2030,The game of life and how to play it,Florence Scovel Shinn,Self-published / DeVorss & Co,1925    ,Economics and Business,978-1600962837,6
2031,Management information systems,Kenneth C. Laudon,Pearson,1945    ,Economics and Business,978-0133898163,15
2032,Roughing It,Mark Twain,American Publishing Company,1872    ,Economics and Business,978-0140390109,6
2033,Rights of Man,Thomas Paine,J.S. Jordan,1791    ,Economics and Business,978-0140445480,18
2034,The Law of Success,Napoleon Hill,Ralston University Press,1969    ,Economics and Business,978-1614271819,20
2035,Utilitarianism,John Stuart Mill,"Parker, Son, and Bourn",1863    ,Economics and Business,978-0872202726,10
2036,Le Deuxième Sexe,Simone de Beauvoir,Gallimard,1949    ,Economics and Business,978-0307277787,18
2037,Doctor Faustus,Christopher Marlowe,S. Fischer Verlag,1662    ,Economics and Business,978-0486282275,4
2038,"Imperializm, kak vysshai͡a︡ stadii͡a︡ kapitalizma",Vladimir Il’ich Lenin,Zhizn i Znaniye,1900    ,Economics and Business,978-0717800988,12
2039,Sapiens,Yuval Noah Harari,Dvir (Do thái) / Harper,2011    ,Economics and Business,978-0062316097,12
2040,Reminiscences of a stock operator,Edwin Lefèvre,George H. Doran Co.,1923    ,Economics and Business,978-0471775966,12
2041,"Etiquette in society, in business, in politics and at home",Emily Post,Funk & Wagnalls,1922    ,Economics and Business,978-0062310118,3
2042,The Art of Public Speaking,Stephen E. Lucas,The Home Correspondence School,1983    ,Economics and Business,978-1604595208,19
2043,Accounting Principles,Jerry J. Weygandt,John Wiley & Sons,1987    ,Economics and Business,978-1118875056,15
2044,Organizational Behavior,Stephen P. Robbins,Pearson,1979    ,Economics and Business,978-0134103983,19
2045,Государство и революция,Vladimir Il’ich Lenin,Zhizn i Znaniye,1900    ,Economics and Business,978-0140184471,13
2046,Mishneh Torah (Codification of Talmudic laws),Moses Maimonides,Yale University Press (Bản dịch),1470    ,Economics and Business,978-0300116465,19
2047,The 7 Habits of Highly Effective People,Stephen R. Covey,Simon & Schuster,1989    ,Economics and Business,978-1982137274,9
2048,"Economics, an introductory analysis",Paul Anthony Samuelson,McGraw-Hill,1948    ,Economics and Business,978-0073375816,2
2049,Économie internationale,Paul R. Krugman,Pearson / De Boeck,1987    ,Economics and Business,978-2326001008,17
2050,Island of the Blue Dolphins,Scott O’Dell,Houghton Mifflin,1960    ,Economics and Business,978-0547328614,11
2051,The worldly philosophers,Robert L. Heilbroner,Simon & Schuster,1953    ,Economics and Business,978-0684862149,18
2052,Principles of Macroeconomics,N. Gregory Mankiw,Cengage Learning / Pearson / McGraw-Hill,1996    ,Economics and Business,978-1305971509,11
2053,Public Speaking and Influencing Men in Business,Dale Carnegie,Dale Carnegie Institute / Penguin,1926    ,Economics and Business,978-0091906382,17
2054,Freakonomics,Steven D. Levitt,William Morrow / HarperCollins,2005    ,Economics and Business,978-0060731335,9
2055,Neuromancer,William Gibson,Ace Books / Phantasia Press,1984    ,Economics and Business,978-0441569595,5
2056,Reconfigurable Processor Array A Bit Sliced Parallel Computer (USA),A. Rushton,IEEE Computer Society Press,1986    ,Economics and Business,978-0818671197,5
2057,"The Economics of Money, Banking, and Financial Markets",Frederic S. Mishkin,Pearson (Addison-Wesley),1986    ,Economics and Business,978-0133836790,5
2058,Cosmos,Alexander von Humboldt,Random House,1845    ,Economics and Business,978-0801851032,17
2059,Eat That Frog! 21 Great Ways to Stop Procrastinating and Get More Done in Less Time,Brian Tracy,Berrett-Koehler Publishers,2001    ,Economics and Business,978-1626569416,2
2060,Loving,Danielle Steel,Hogarth Press / New Directions,1980    ,Economics and Business,978-0440146841,19
2061,Principles of Microeconomics (with Xtra!),N. Gregory Mankiw,South-Western / Thomson Learning,1830    ,Economics and Business,978-1305971493,3
2062,The Road to Wigan Pier,George Orwell,Victor Gollancz / Penguin Books,1724    ,Economics and Business,978-0141185293,4
2063,How to live on 24 hours a day,Arnold Bennett,George H. Doran Co. / Hodder & Stoughton,1900    ,Economics and Business,978-1604593921,12
2064,Dear Zoo,Rod Campbell,Macmillan Children's Books,1982    ,Economics and Business,978-1416947370,20
2065,Strategic management,Gregory G. Dess,Pearson / McGraw-Hill,1992    ,Economics and Business,978-1259277436,1
2066,"Extradition laws and treaties, United States",United States,U.S. Government Printing Office (GPO),1795    ,Economics and Business,978-1244031739,5
2067,No Logo,Naomi Klein,Knopf Canada / Picador,1999    ,Economics and Business,978-0312429270,12
2068,"Guns, germs, and steel",Jared M. Diamond,W. W. Norton & Company,1997    ,Economics and Business,978-0393317558,12
2069,Marketing,Philip Kotler,Pearson / South-Western,1987    ,Economics and Business,978-0133856460,14
2070,Steve Jobs,Walter Isaacson,Simon & Schuster,2011    ,Economics and Business,978-1451648546,18
2071,Introductory Mathematical Analysis,Ernest F. Haeussler,Pearson (Prentice Hall),1973    ,Economics and Business,978-0132404228,10
2072,The 48 Laws of Power,Robert Greene,Viking Press / Penguin Books,1998    ,Economics and Business,978-0140280197,14
2073,"The Muqaddimah, an introduction to history",Ibn Khaldūn,Princeton University Press,1858    ,Economics and Business,978-0691166285,18
2074,The mis-education of the Negro,Carter Godwin Woodson,Associated Publishers / Dover Publications,1933    ,Economics and Business,978-1604596311,12
2075,Economics,Richard G. Lipsey,McGraw-Hill (Samuelson) / Pearson,1966    ,Economics and Business,978-0199676835,15
2076,Principles of corporate finance,Richard A. Brealey,McGraw-Hill Education,1981    ,Economics and Business,978-1259144387,6
2077,The Intelligent Investor,Benjamin Graham,Harper Business,1949    ,Economics and Business,978-0060555665,9
2078,Dombey and Son,Charles Dickens,Bradbury and Evans / Penguin Classics,1800    ,Economics and Business,978-0140435467,19
2079,The World Is Flat -A Brief History OF THE TWENTY-FIRST CENTURY,Thomas L. Friedman,"Farrar, Straus and Giroux",2005    ,Economics and Business,978-0374292799,8
2080,La sociedad del espectáculo,Guy Debord,Buchet-Chastel / Pre-Textos,1967    ,Economics and Business,978-0942299793,14
2081,Financial audit,United States. General Accounting Office,Wiley / McGraw-Hill,1975    ,Economics and Business,978-1505353846,16
2082,The Titan,Theodore Dreiser,John Lane / Thomas Y. Crowell,1914    ,Economics and Business,978-0452009226,5
2083,The Audacity of Hope,Barack Obama,Crown / Canary Press,2006    ,Economics and Business,978-0307237704,16
2084,Small Is Beautiful,E. F. Schumacher,Harper Perennial / Vintage,1973    ,Economics and Business,978-0060938505,6
2085,Las venas abiertas de América Latina,Eduardo Galeano,Siglo XXI Editores / Monthly Review Press,1971    ,Economics and Business,978-9682325564,9
2086,Effective Executive,Peter F. Drucker,Harper Business,1967    ,Economics and Business,978-0060833459,9
2087,Me Before You,Jojo Moyes,Pamela Dorman Books / Viking,2012    ,Economics and Business,978-0143124541,1
2088,Strategic management and business policy,Thomas L. Wheelen,Pearson (Prentice Hall),1983    ,Economics and Business,978-0133126242,7
2089,What If?,Randall Munroe,Houghton Mifflin Harcourt,1980    ,Economics and Business,978-0544272996,6
2090,The postman always rings twice,James M. Cain,Alfred A. Knopf,1934    ,Economics and Business,978-0679723257,11
2091,De la division du travail social,Émile Durkheim,Félix Alcan (gốc) / Presses Universitaires de France,1893    ,Economics and Business,978-1419163289,4
2092,The Economic Consequences of the Peace (Twentieth-Century Classics),John Maynard Keynes,"Harcourt, Brace and Howe / Penguin Classics",1919    ,Economics and Business,978-0140188059,11
2093,Kodeks pracy,Poland.,Thường do các nhà xuất bản luật như Wydawnictwo C.H. Beck,1693    ,Economics and Business,978-8380616189,14
2094,Women who run with the wolves,Clarissa Pinkola Estés,Ballantine Books,1982    ,Economics and Business,978-0345409874,15
2095,The Human Condition,Hannah Arendt,University of Chicago Press,1958    ,Economics and Business,978-0226025988,14
2096,Atomic Habits,James Clear,Avery (Penguin Random House),2016    ,Economics and Business,978-0735211292,6
2097,International business,John D. Daniels,Pearson / McGraw-Hill / Wiley,1976    ,Economics and Business,978-0134200057,1
2098,The 4-Hour Workweek,Timothy Ferriss,Crown Publishing Group,2006    ,Economics and Business,978-0307465351,19
2099,Feel the fear and do it anyway,Susan J. Jeffers,Ballantine Books / Harcourt,1987    ,Economics and Business,978-0345487421,17
2100,"Full Dark, No Stars",Stephen King,Scribner / Hodder & Stoughton,2010    ,Economics and Business,978-1439192566,7
2101,Fast Food Nation,Eric Schlosser,Houghton Mifflin / Penguin Books,2001    ,Economics and Business,978-0141006871,6
2102,The Practice of Management,Peter F. Drucker,Harper Business,1954    ,Economics and Business,978-0060110956,6
2103,Emotional Intelligence,Daniel Goleman,Bantam Books,1995    ,Economics and Business,978-0553383713,16
2104,Implementation of the Helsinki accords,United States. Congress. Commission on Security and Cooperation in Europe,U.S. Government Printing Office (GPO),1982    ,Economics and Business,978-1243555557,19
2105,Microeconomics,Robert S. Pindyck,Pearson / McGraw-Hill / Worth Publishers,1988    ,Economics and Business,978-0134184241,15
2106,Berlin Alexanderplatz,Alfred Döblin,S. Fischer Verlag / Continuum,1929    ,Economics and Business,978-0826403001,5
2107,The Magic of Thinking Big,David Joseph Schwartz,Prentice Hall / Simon & Schuster,1900    ,Economics and Business,978-0671646783,15
2108,Sesame and lilies,John Ruskin,"Smith, Elder & Co. / Yale University Press",1800    ,Economics and Business,978-1505256246,15
2109,"Thinking, fast and slow",Daniel Kahneman,"Farrar, Straus and Giroux",2011    ,Economics and Business,978-0374275631,2
2110,Operations Management,Lee J. Krajewski,Pearson / McGraw-Hill,1987    ,Economics and Business,978-0134741062,8
2111,The Road to Serfdom,Friedrich A. von Hayek,University of Chicago Press / Routledge,1944    ,Economics and Business,978-0226320557,13
2112,Nickel and Dimed,Barbara Ehrenreich,Metropolitan Books,2001    ,Economics and Business,978-0312626686,1
2113,Outliers,Malcolm Gladwell,"Little, Brown and Company",2008    ,Economics and Business,978-0316017923,1
2114,Confessions of an economic hit man,"Perkins, John",Berrett-Koehler Publishers,2004    ,Economics and Business,978-0452287082,2
2115,The Shock Doctrine,Naomi Klein,Metropolitan Books / Knopf Canada,2007    ,Economics and Business,978-0312427993,19
2116,Cost accounting,Charles T. Horngren,Pearson / South-Western,1962    ,Economics and Business,978-0133428704,9
2117,Entrepreneurship,Bruce R. Barringer,McGraw-Hill / Pearson / Prentice Hall,2004    ,Economics and Business,978-0134874104,9
2118,Tristan und Isolde,Gottfried von Strassburg,Breitkopf & Härtel / Schirmer,1823    ,Economics and Business,978-0140440980,6
2119,The artist's way,Julia Cameron,Jeremy P. Tarcher/Putnam,1992    ,Economics and Business,978-0143129257,20
2120,Acres of diamonds,Russell Herman Conwell,Harper & Brothers / Revell,1901    ,Economics and Business,978-1612038759,1
2121,How to Get Rich,Donald Trump,Portfolio / Penguin,1987    ,Economics and Business,978-1400063277,1
2122,The big short,Michael Lewis,W. W. Norton & Company,2009    ,Economics and Business,978-0393338829,11
2123,At Home,Bill Bryson,Doubleday / Anchor,2010    ,Economics and Business,978-0767919395,2
2124,Financial Management,Eugene F. Brigham,Pearson / McGraw-Hill / Wiley,1977    ,Economics and Business,978-1337095754,17
2125,Business Statistics,Ken Black,Pearson / South-Western,1991    ,Economics and Business,978-1119330158,7
2126,Nuclear waste,United States. General Accounting Office,Thường là các báo cáo của IAEA hoặc SAGE Publications,1900    ,Economics and Business,978-1428945630,20
2127,"Looking Backward, 2000-1887",Edward Bellamy,Ticknor & Co. / Penguin Classics,1888    ,Economics and Business,978-0140390185,13
2128,Frugal housewife,Lydia Maria Child,Carter and Hendee / Applewood Books,1829    ,Economics and Business,978-0486203478,20
2129,Hillbilly Elegy,J. D. Vance,HarperCollins,2016    ,Economics and Business,978-0062300546,11
2130,How to Develop Self-confidence (Personal Development),Dale Carnegie,Pocket Books / Simon & Schuster,1956    ,Economics and Business,978-1416535973,9
2131,Superfreakonomics,Steven D. Levitt,William Morrow / HarperCollins,2009    ,Economics and Business,978-0061234002,2
2132,The Seven Spiritual Laws of Success,Deepak Chopra,Amber-Allen Publishing,1994    ,Economics and Business,978-1878424112,12
2133,"The general theory of employment, interest and money",John Maynard Keynes,Palgrave Macmillan,1935    ,Economics and Business,978-0230004764,19
2134,Liar's Poker,Michael Lewis,W. W. Norton & Company,1989    ,Economics and Business,978-0393338652,4
2135,The Black Swan,Nassim Nicholas Taleb,Random House,2005    ,Economics and Business,978-0812973815,1
2136,Labyrinths,Jorge Luis Borges,New Directions,1962    ,Economics and Business,978-0811216999,14
2137,Rising Sun,Michael Crichton,Alfred A. Knopf,1991    ,Economics and Business,978-0345380371,4
2138,Lean In,Sheryl Sandberg,Alfred A. Knopf,1799    ,Economics and Business,978-0385349949,11
2139,Stock Investing for Dummies,Paul Mladjenovic,For Dummies (Wiley),2002    ,Economics and Business,978-1119642343,14
2140,Corporate finance,Jonathan B. Berk,McGraw-Hill / Pearson,2006    ,Economics and Business,978-0134083278,14
2141,"Rich Dad, Poor Dad for Teens",Robert T. Kiyosaki,Plata Publishing,2004    ,Economics and Business,978-1612680309,4
2142,Misère de la philosophie,Karl Marx,Thường do Éditions Sociales hoặc Verso,1847    ,Economics and Business,978-2228892186,15
2143,The Psychology of Money,Morgan Housel,Harriman House,2020    ,Economics and Business,978-0857197689,7
2144,The Tragical History of the Life and Death of Doctor Faustus,Christopher Marlowe,Thường do Oxford World's Classics / Dover,1609    ,Economics and Business,978-0199537068,14
2145,Leadership in Organizations,Gary A. Yukl,Pearson,1981    ,Economics and Business,978-0134895130,6
2146,"Oh, the Places You'll Go!",Dr. Seuss,Random House,1990    ,Economics and Business,978-0679805274,13
2147,Blink,Malcolm Gladwell,"Little, Brown and Company",2004    ,Economics and Business,978-0316010665,11
2148,The affluent society,John Kenneth Galbraith,Houghton Mifflin,1958    ,Economics and Business,978-0395925003,16
2149,Pattern Recognition,William Gibson,G. P. Putnam's Sons,2002    ,Economics and Business,978-0425198681,20
2150,Getting Things Done,David Allen,Viking / Penguin Books,2001    ,Economics and Business,978-0143126560,16
2151,A Random Walk Down Wall Street,Burton Gordon Malkiel,W. W. Norton & Company,1973    ,Economics and Business,978-0393358384,12
2152,Shoe Dog,Phil Knight,Scribner,2016    ,Economics and Business,978-1501135910,12
2153,Religion and the Rise of Capitalism,Richard H. Tawney,"Harcourt, Brace / Penguin",1926    ,Economics and Business,978-0140134742,4
2154,Rich dad's guide to investing,Robert T. Kiyosaki,Warner Books / Plata Publishing,2000    ,Economics and Business,978-1612680200,16
2155,Elon Musk,Ashlee Vance,Ecco (Ashlee Vance) / Simon & Schuster (Isaacson),2013    ,Economics and Business,978-0062301239,3
2156,Operations management,Jay H. Heizer,McGraw-Hill / Pearson,1999    ,Economics and Business,978-0134130422,16
2157,Economic development,Michael P. Todaro,Pearson / Addison-Wesley,1994    ,Economics and Business,978-1292002972,4
2158,Fundamentals of financial management,Eugene F. Brigham,South-Western (Cengage),1978    ,Economics and Business,978-1337395250,17
2159,The millionaire next door,Thomas J. Stanley,Longstreet Press / Taylor Trade,1996    ,Economics and Business,978-1589795471,9
2160,The Innovator's Dilemma,Clayton M. Christensen,Harvard Business Review Press,1997    ,Economics and Business,978-1422196021,7
2161,Business essentials,Ronald J. Ebert,Pearson,2002    ,Economics and Business,978-0134728575,9
2162,The Great Transformation,Karl Polanyi,Farrar & Rinehart / Beacon Press,1944    ,Economics and Business,978-0807056790,17
2163,The leader who had no title,Robin S. Sharma,Simon & Schuster,2010    ,Economics and Business,978-1439109441,16
2164,Principle-Centered Leadership,Stephen R. Covey,Simon & Schuster,1989    ,Economics and Business,978-0671792800,15
2165,Crossing the Chasm,Geoffrey A. Moore,Harper Business,1991    ,Economics and Business,978-0062353948,7
2166,Development as Freedom,Amartya Sen,Alfred A. Knopf / Oxford University Press,1999    ,Economics and Business,978-0385720274,10
2167,This Changes Everything,Naomi Klein,Simon & Schuster,2013    ,Economics and Business,978-1451697391,3
2168,The Pit,Frank Norris,"Doubleday, Page & Co.",1903    ,Economics and Business,978-0140187588,13
2169,Bad Blood,John Carreyrou,Knopf,2018    ,Economics and Business,978-1524731656,20
2170,Macroeconomics,Richard T. Froyen,Worth Publishers (Mankiw) / Pearson,1993    ,Economics and Business,978-0132831529,7
2171,The Tipping Point,Malcolm Gladwell,"Little, Brown and Company",2000    ,Economics and Business,978-0316346627,19
2172,Style,Joseph M. Williams,Thường là University of Chicago Press (Williams),1981    ,Economics and Business,978-0226899152,1
2173,Inquiry into the nature and causes of the wealth of nations,Adam Smith,Strahan & Cadell / Modern Library,1788    ,Economics and Business,978-0226763743,14
2174,Getting to yes,Roger Drummer Fisher,Houghton Mifflin Harcourt,1981    ,Economics and Business,978-0143118756,1
2175,The Power of Focused Thinking,Edward de Bono,Thường do Personal Development Publishing,1981    ,Economics and Business,978-1734629453,9
2176,Le capital au XXIe siècle,Thomas Piketty,Éditions du Seuil / Harvard University Press,2013    ,Economics and Business,978-2021082289,3
2177,In search of excellence,Thomas J. Peters,Harper & Row,1982    ,Economics and Business,978-0060548780,17
2178,Fooled by randomness,Nassim Nicholas Taleb,Random House / Texere,2001    ,Economics and Business,978-0812975215,6
2179,Working with Emotional Intelligence,Daniel Goleman,Bantam Books,1998    ,Economics and Business,978-0553378580,8
2180,Economics in One Lesson,Henry Hazlitt,Harper & Brothers / Three Rivers Press,1946    ,Economics and Business,978-0517548233,2
2181,How to Make Money in Stocks,William J. O'Neil,McGraw-Hill,1988    ,Economics and Business,978-0071614139,16
2182,Crucial Conversations,Kerry Patterson,McGraw-Hill,2001    ,Economics and Business,978-0071771320,18
2183,Marketing research,Gilbert A. Churchill,Pearson / Wiley,1976    ,Economics and Business,978-1111532406,8
2184,The Innovators,Walter Isaacson,Simon & Schuster,2014    ,Economics and Business,978-1476708690,5
2185,Antifragile,Nassim Nicholas Taleb,Random House,2012    ,Economics and Business,978-0812979688,7
2186,Evicted,Matthew Desmond,Crown,2016    ,Economics and Business,978-0553447439,18
2187,Theory of games and economic behavior,John Von Neumann,Princeton University Press,1944    ,Economics and Business,978-0691130613,11
2188,Nudge,Richard H. Thaler,Yale University Press / Penguin,2008    ,Economics and Business,978-0143115267,10
2189,The 33 Strategies of War,Robert Greene,Viking / Profile Books,1998    ,Economics and Business,978-0143112785,19
2190,Improve Your Communication Skills,Alan Barker,Kogan Page,2010    ,Economics and Business,978-0749467418,15
2191,See You at the Top,Zig Ziglar,Pelican Publishing,1974    ,Economics and Business,978-1565303218,13
2192,Bullshit Jobs,David Graeber,Simon & Schuster,2018    ,Economics and Business,978-1501143311,8
2193,The Psychology of Everyday Things,Donald A. Norman,Basic Books,1988    ,Economics and Business,978-0465067091,13
2194,The ascent of money,Niall Ferguson,Penguin Books,2008    ,Economics and Business,978-0143116172,1
2195,Moneyball,Michael Lewis,W. W. Norton & Company,2003    ,Economics and Business,978-0393324778,12
2196,Technical analysis of stock trends,Robert D. Edwards,Magee / CRC Press,1964    ,Economics and Business,978-1138069411,12
2197,Business ethics,Manuel G. Velasquez,Pearson / Wiley / Cengage,1982    ,Economics and Business,978-0205017669,14
2198,Mindset,Carol S. Dweck,Random House,2006    ,Economics and Business,978-0345472328,5
2199,My life and work,"Ford, Henry",Garden City Publishing / Doubleday,1922    ,Economics and Business,978-1420952087,8
2200,Basic economics,Thomas Sowell,Basic Books (Thomas Sowell),2000    ,Economics and Business,978-0465060733,1
2201,Drive,Daniel H. Pink,Riverhead Books,2009    ,Economics and Business,978-1594484803,6
2202,Zero to One,Peter A. Thiel,Crown Business,2001    ,Economics and Business,978-0804139298,8
2203,Out of the Dust,Karen Hesse,Scholastic Press,1997    ,Economics and Business,978-0590371254,9
2204,E-commerce,Kenneth C. Laudon,Pearson / McGraw-Hill,2002    ,Economics and Business,978-0133544176,11
2205,Up the organization,"Townsend, Robert",Alfred A. Knopf / Jossey-Bass,1970    ,Economics and Business,978-0787987756,4
2206,Why Nations Fail,Daron Acemoglu,Crown Business,2012    ,Economics and Business,978-0307719225,5
2207,Capitalism and freedom,Milton Friedman,University of Chicago Press,1962    ,Economics and Business,978-0226264219,11
2208,A Guide to the Project Management Body of Knowledge (PMBOK® Guide),Project Management Institute,Project Management Institute (PMI),1996    ,Economics and Business,978-1930699458,15
2209,Goals! How to Get Everything You Want--Faster Than You Ever Thought Possible,Brian Tracy,Berrett-Koehler Publishers,2003    ,Economics and Business,978-1605094113,2
2210,"Mujeres, Raza Y Clase (Cuestiones De Antagonismo)",Angela Y. Davis,Akal / Editorial Capitán Swing,1981    ,Economics and Business,978-0974896502,16
2211,Four Thousand Weeks,Oliver Burkeman,"Farrar, Straus and Giroux",2021    ,Economics and Business,978-0374159122,16
2212,Think Like a Freak,Steven D. Levitt,William Morrow,2014    ,Economics and Business,978-0062312037,17
2213,Kokuritsu Kokkai Toshokan shozō Meijiki kankō tosho maikuro-ban shūsei,Kokuritsu Kokkai Toshokan (Japan),National Diet Library (Japan),1991    ,Economics and Business,978-4875820208,19
2214,The Phoenix Project,Gene Kim,IT Revolution Press,2013    ,Economics and Business,978-0988262591,11
2215,Effective small business management,Norman M. Scarborough,Pearson / Prentice Hall,1984    ,Economics and Business,978-0136152705,19
2216,Rework,Jason Fried,Crown Business,2010    ,Economics and Business,978-0307463746,16
2217,Everybody Writes,Ann Handley,Wiley,2014    ,Economics and Business,978-1118905555,15
2218,Built to Last,"Collins, James C.",Harper Business,1994    ,Economics and Business,978-0060516406,2
2219,Secrets of the Millionaire Mind,T. Harv Eker,Harper Business,2005    ,Economics and Business,978-0060763282,4
2220,Caste,Isabel Wilkerson,Random House,2020    ,Economics and Business,978-0593230251,12
2221,The Greatest Secret in the World,Og Mandino,Bantam Books,1972    ,Economics and Business,978-0553280319,6
2222,The Master-Key to Riches,Napoleon Hill,Fawcett Columbine / Dutton,1965    ,Economics and Business,978-0449911570,3
2223,The Theory of the Leisure Class,Thorstein Veblen,Macmillan (gốc) / Penguin Classics,1899    ,Economics and Business,978-0140187953,17
2224,Seeing Like a State,James C. Scott,Yale University Press,1998    ,Economics and Business,978-0300078152,7
2225,How to be rich,J. Paul Getty,Playboy Press / Jove,1965    ,Economics and Business,978-0425060377,15
2226,The Body,Stephen King,Doubleday,1988    ,Economics and Business,978-1982103521,10
2227,Storytelling with Data,Cole Nussbaumer Knaflic,Wiley,2015    ,Economics and Business,978-1119002253,4
2228,Essentials of Negotiation,Roy J. Lewicki,McGraw-Hill Education,1997    ,Economics and Business,978-0078112737,15
2229,I will teach you to be rich,Ramit Sethi,Workman Publishing,2009    ,Economics and Business,978-0761147480,4
2230,Statistical methods for the social sciences,Alan Agresti,Pearson,1979    ,Economics and Business,978-0130272959,18
2231,Grit,Angela Duckworth,Scribner,2016    ,Economics and Business,978-1501111105,13
2232,Superforecasting,Philip E. Tetlock,Crown,2015    ,Economics and Business,978-0804136693,14
2233,The Prize,Daniel Yergin,Simon & Schuster,1991    ,Economics and Business,978-0671799328,11
2234,The Visual Display of Quantitative Information,Edward R. Tufte,Graphics Press,1983    ,Economics and Business,978-0961392147,10
2235,Great Gatsby,F. Scott Fitzgerald,Charles Scribner's Sons,1951    ,Economics and Business,978-0743273565,9
2236,The Everything Store,Brad Stone,"Little, Brown and Company",2013    ,Economics and Business,978-0316219266,11
2237,La meta,Eliyahu M. Goldratt,North River Press,1984    ,Economics and Business,978-0884271956,12
2238,The pyramid principle,Barbara Minto,Financial Times / Prentice Hall,1978    ,Economics and Business,978-0273710516,7
2239,Integrated principles of zoology,Cleveland P. Hickman,McGraw-Hill Education,1955    ,Economics and Business,978-0073524214,3
2240,The personal MBA,Josh Kaufman,Portfolio / Penguin,2010    ,Economics and Business,978-1591843528,4
2241,Strategic marketing,David W. Cravens,McGraw-Hill / Pearson,1982    ,Economics and Business,978-0078028908,2
2242,Deep Work,Cal Newport,Grand Central Publishing,2016    ,Economics and Business,978-1455586691,17
2243,Effective business communications,Herta A. Murphy,McGraw-Hill,1972    ,Economics and Business,978-0070443662,4
2244,Leaders Eat Last,Simon Sinek,Portfolio / Penguin,1900    ,Economics and Business,978-1591845324,18
2245,[Relief of C. J. Baronett.],United States. Congress. Senate. Committee on Territories,U.S. Government Printing Office (GPO),1863    ,Economics and Business,978-1234567890,2
2246,The fine art of small talk,Debra Fine,Hachette / Piatkus,1960    ,Economics and Business,978-1401302573,5
2247,Debt,David Graeber,Melville House,2011    ,Economics and Business,978-1612191294,16
2248,Principles of Economics,N. Gregory Mankiw,Cengage (Mankiw) / Pearson,1998    ,Economics and Business,978-1285165875,8
2249,The Psychology of Selling,Brian Tracy,Thomas Nelson,1986    ,Economics and Business,978-0785288060,15
2250,Linchpin,Seth Godin,Portfolio / Penguin,1960    ,Economics and Business,978-1591843160,10
2251,Midnight in Chernobyl,Adam Higginbotham,Simon & Schuster,2019    ,Economics and Business,978-1501134616,17
2252,Talk Like TED,Carmine Gallo,St. Martin's Press,2014    ,Economics and Business,978-1250041128,16
2253,Public policy-making,James E. Anderson,Cengage Learning / Houghton Mifflin,1975    ,Economics and Business,978-1285735283,18
2254,Money,Tony Robbins,Penguin (Paul Krugman) / Portfolio,2014    ,Economics and Business,978-1476753836,18
2255,Girlboss,Sophia Amoruso,Portfolio,2014    ,Economics and Business,978-1591847939,11
2256,Stamped from the Beginning,Ibram X. Kendi,Nation Books,2016    ,Economics and Business,978-1568584638,19
2257,The Ultimate Sales Machine,Chet Holmes,Portfolio,2007    ,Economics and Business,978-1591842156,14
2258,The Fifth Discipline,Peter Senge,Doubleday / Currency,1990    ,Economics and Business,978-0385517225,7
2259,Flash Boys,Michael Lewis,W. W. Norton & Company,2014    ,Economics and Business,978-0393244663,20
2260,No Rules Rules,Reed Hastings,Penguin Press,2020    ,Economics and Business,978-1101984840,19
2261,How to Organize Yourself,John Caunt,Kogan Page,2013    ,Economics and Business,978-0749465360,16
2262,Empire of Pain,Patrick Radden Keefe,Doubleday / Doubleday,2021    ,Economics and Business,978-1385474663,7
2263,"Creativity, Inc.",Ed Catmull,Random House,2001    ,Economics and Business,978-0812993011,17
2264,Titan,Ron Chernow,Viking,1998    ,Economics and Business,978-0679757030,12
2265,Thinking in systems,Donella H. Meadows,Chelsea Green Publishing,2008    ,Economics and Business,978-1603580557,15
2266,You are a badass at making money,Jen Sincero,Viking,2014    ,Economics and Business,978-0735222977,20
2267,Digital marketing strategy,Simon Kingsnorth,Kogan Page,2016    ,Economics and Business,978-0749474706,1
2268,Never Split the Difference,Chris Voss,Harper Business,2016    ,Economics and Business,978-0062407803,8
2269,The compound effect,Darren Hardy,Vanguard Press,2010    ,Economics and Business,978-1593157241,4
2270,Payment in Love,Penny Jordan,Harlequin (thường là tiểu thuyết lãng mạn),1988    ,Economics and Business,978-0373111053,3
2271,Pre-Suasion,Robert B. Cialdini,Simon & Schuster,2016    ,Economics and Business,978-1501109799,18
2272,Medical apartheid,Harriet A. Washington,Doubleday,2006    ,Economics and Business,978-0767915472,7
2273,Secrets of Closing the Sale,Zig Ziglar,Revell,1984    ,Economics and Business,978-0800759759,8
2274,Essentials of management,Harold Koontz,McGraw-Hill / Pearson,1974    ,Economics and Business,978-0070353916,8
2275,Crush it!,Gary Vaynerchuk,Harper Studio,2009    ,Economics and Business,978-0061914171,5
2276,Ultralearning,Scott Young,Harper Business,2019    ,Economics and Business,978-0062852687,14
2277,The millionaire mind,Thomas J. Stanley,Andrews McMeel Publishing,2000    ,Economics and Business,978-0743204019,8
2278,Radical Candor,Kim Malone Scott,St. Martin's Press,2017    ,Economics and Business,978-1250103505,4
2279,Wirtschaft und Gesellschaft,Max Weber,Mohr Siebeck,1922    ,Economics and Business,978-3161477454,12
2280,The Checklist Manifesto,Atul Gawande,Metropolitan Books,2010    ,Economics and Business,978-0805091748,18
2281,Sprint,Jake Knapp,Simon & Schuster,2001    ,Economics and Business,978-1501121746,15
2282,The Age of Surveillance Capitalism,Shoshana Zuboff,PublicAffairs,2018    ,Economics and Business,978-1610395694,18
2283,Switch,Chip Heath,Broadway Books,1999    ,Economics and Business,978-0385528757,1
2284,Encyclopedia of Chart Patterns,Thomas N. Bulkowski,Wiley,2000    ,Economics and Business,978-0471668268,13
2285,The Bullet Journal method,Ryder Carroll,Fourth Estate / Portfolio,2018    ,Economics and Business,978-0525533337,10
2286,Stormy Possession,Helen Bianchin,Harlequin,1979    ,Economics and Business,978-0373105304,13
2287,The happiness advantage,Shawn Achor,Crown Business,2010    ,Economics and Business,978-0307591548,2
2288,Tools of Titans,Timothy Ferriss,Houghton Mifflin Harcourt,2016    ,Economics and Business,978-1328683045,7
2289,The Signal and the Noise,Nate Silver,Penguin Press,2012    ,Economics and Business,978-1594203077,17
2290,The millionaire master plan,Roger James Hamilton,Business Plus,2014    ,Economics and Business,978-0446583268,16
2291,You Can Win,Shiv Khera,Macmillan,1998    ,Economics and Business,978-1403975478,9
2292,The Dip,Seth Godin,Portfolio,2007    ,Economics and Business,978-1591841661,18
2293,Wishcraft,Barbara Sher,Viking,1979    ,Economics and Business,978-0345440259,11
2294,The Culture Map,Erin Meyer,PublicAffairs,2014    ,Economics and Business,978-1610392501,2
2295,The Ride of a Lifetime,Robert Iger,Random House,2019    ,Economics and Business,978-0399592096,17
2296,Chip War,Chris Miller,Scribner,2022    ,Economics and Business,978-1982172008,15
2297,Misbehaving,Richard H. Thaler,W. W. Norton & Company,2015    ,Economics and Business,978-0393080940,15
2298,Pitch anything,Oren Klaff,McGraw-Hill Education,2011    ,Economics and Business,978-0071752855,5
2299,Stolen Focus,Johann Hari,Crown / Bloomsbury,2022    ,Economics and Business,978-1526620224,7
2300,Motivation and goal-setting,Jim Cairo,Career Press,1989    ,Economics and Business,978-1564143662,20
2301,Emotional Intelligence 2.0,Travis Bradberry,TalentSmart,2009    ,Economics and Business,978-0974320625,16
2302,The One Thing,Gary Keller,Bard Press,2001    ,Economics and Business,978-1885167774,17
2303,Poor Charlie's Almanack,Charles T. Munger,PCA Publication / Sheridan Books,2005    ,Economics and Business,978-1578645015,14
2304,Poor Economics,Abhijit Banerjee,PublicAffairs,2011    ,Economics and Business,978-1610390934,9
2305,Stamped,Jason Reynolds,"Little, Brown Books for Young Readers",2020    ,Economics and Business,978-0316453691,16
2306,The total money makeover,Dave Ramsey,Thomas Nelson,2003    ,Economics and Business,978-1595555274,14
2307,The sovereign individual,James Dale Davidson,Simon & Schuster,1997    ,Economics and Business,978-0684832722,11
2308,The 12-week year,Brian Moran,Wiley,2013    ,Economics and Business,978-1118509234,5
2309,The Lean Startup,Eric Ries,Crown Business,2011    ,Economics and Business,978-0307887894,20
2310,"Goodbye, things",Fumio Sasaki,W. W. Norton & Company,2013    ,Economics and Business,978-0393609035,20
2311,Marketing for entrepreneurs,Frederick G. Crane,Pearson / Prentice Hall,2009    ,Economics and Business,978-1412992206,5
2312,$100M Offers,Alex Hormozi,Acquisition.com,2021    ,Economics and Business,978-1737475712,2
2313,The museum experience revisited,John H. Falk,Left Coast Press / Routledge,1992    ,Economics and Business,978-1611321456,14
2314,Supply chain management,Sunil Chopra,Pearson,2000    ,Economics and Business,978-0133864748,8
2315,The think and grow rich action pack,Napoleon Hill,Dutton / Penguin,1972    ,Economics and Business,978-0452266605,7
2316,The Simple Path to Wealth,J. L. Collins,JL Collins LLC,2000    ,Economics and Business,978-1533667922,4
2317,Naked Economics,Charles J. Wheelan,W. W. Norton & Company,2002    ,Economics and Business,978-0393337648,7
2318,English Fairy Tales,Joseph Jacobs,G. P. Putnam's Sons / Various,1890    ,Economics and Business,978-1603550345,15
2319,Life 3.0,Max Tegmark,Knopf,2017    ,Economics and Business,978-1101946596,1
2320,Principles,Ray Dalio,Simon & Schuster,2017    ,Economics and Business,978-1501124020,13
2321,"Applied mathematics for business, economics, and the social sciences",Frank S. Budnick,McGraw-Hill,1979    ,Economics and Business,978-0070088511,12
2322,Leadership and Self Deception,The Arbinger Institute,Berrett-Koehler Publishers,2000    ,Economics and Business,978-1576759776,9
2323,Naked Forex,Alex Nekritin,Wiley,2012    ,Economics and Business,978-1118114391,6
2324,AI superpowers,Kai-Fu Lee,Houghton Mifflin Harcourt,2018    ,Economics and Business,978-1328546395,12
2325,Backwoods of Canada,Catherine Parr Traill,Charles Knight / McClelland & Stewart,1836    ,Economics and Business,978-0771034077,4
2326,Way of the Wolf : Straight Line Selling,Jordan Belfort,Gallery Books,2017    ,Economics and Business,978-1501164286,18
2327,Hyperfocus,Chris Bailey,Viking,2018    ,Economics and Business,978-0525522232,16
2328,Upgrading and repairing PCs,Scott Mueller,Que Publishing,1988    ,Economics and Business,978-0789750006,2
2329,The Toothpaste Millionaire,Jean Merrill,Houghton Mifflin Harcourt,1972    ,Economics and Business,978-0618750047,2
2330,Made to stick,Chip Heath,Random House,2007    ,Economics and Business,978-1400064281,8
2331,Predictably Irrational,Dan Ariely,HarperCollins,2008    ,Economics and Business,978-0061353239,1
2332,Contagious,Jonah Berger,Simon & Schuster,2013    ,Economics and Business,978-1451686579,20
2333,Show Your Work!,Austin Kleon,Workman Publishing,2014    ,Economics and Business,978-0761178972,11
2334,Founders at work,Jessica Livingston,Apress,2007    ,Economics and Business,978-1590597149,17
2335,The obstacle is the way,Ryan Holiday,Portfolio / Penguin,2014    ,Economics and Business,978-1591846352,8
2336,Unlimited Memory,Kevin Horsley,TCK Publishing,2014    ,Economics and Business,978-1633530508,13
2337,Diffusion of innovations,Everett M. Rogers,Free Press,1962    ,Economics and Business,978-0743222099,10
2338,The culture code,Daniel Coyle,Bantam,2018    ,Economics and Business,978-0525492467,12
2339,The Visual MBA,Jason Barron,Portfolio / Penguin,2019    ,Economics and Business,978-0358088004,12
2340,Side hustle,Chris Guillebeau,Currency / Crown,2017    ,Economics and Business,978-1524758844,10
2341,Utopia for Realists,Rutger Bregman,"Little, Brown and Company",2016    ,Economics and Business,978-0316471893,15
2342,"Hustle Harder, Hustle Smarter",50 Cent,Amistad,2020    ,Economics and Business,978-0062953773,5
2343,Microeconomic Theory,Walter Nicholson,Oxford University Press,1973    ,Economics and Business,978-1111993900,16
2344,The Leader in You,Dale Carnegie,Pocket Books,1993    ,Economics and Business,978-0671510343,5
2345,Convince them in 90 seconds or less,Nicholas Boothman,Workman Publishing,2010    ,Economics and Business,978-0761158554,6
2346,Expert secrets,Russell Brunson,Morgan James Publishing,2017    ,Economics and Business,978-1631952524,3
2347,The Confidence Code,Katty Kay,Harper Business,2014    ,Economics and Business,978-0062230622,11
2348,Problem solving 101,Ken Watanabe,Portfolio / Penguin,2009    ,Economics and Business,978-1591842422,6
2349,The Art of Deception,Kevin D. Mitnick,Wiley,2001    ,Economics and Business,978-0764542800,14
2350,The education of a value investor,Guy Spier,St. Martin's Press,2014    ,Economics and Business,978-1137278814,12
2351,The 10x rule,Grant Cardone,Wiley,2011    ,Economics and Business,978-0470627600,8
2352,Cashflow Quadrant,Robert T. Kiyosaki,Warner Books / Plate Publishing,2000    ,Economics and Business,978-1612680057,6
2353,Changing World Order,Ray Dalio,Avid Reader Press / Simon & Schuster,2020    ,Economics and Business,978-1982160272,2
2354,Dare to lead,Brené Brown,Random House,2018    ,Economics and Business,978-0399592522,13
2355,Statistics for business and economics,James T. McClave,Cengage Learning,1978    ,Economics and Business,978-0134467238,17
2356,$100M Leads,Alex Hormozi,Acquisition.com,2023    ,Economics and Business,978-1737475736,4
2357,Lords of Easy Money,Christopher Leonard,Simon & Schuster,2022    ,Economics and Business,978-1501166389,5
2358,Start with why,Simon Sinek,Portfolio / Penguin,2009    ,Economics and Business,978-1591846444,5
2359,Daemon,Daniel Suarez,Dutton,2009    ,Economics and Business,978-0451228734,20
2360,"Kiss, Bow, or Shake Hands",Terri Morrison,Adams Media,1994    ,Economics and Business,978-1593373689,18
2361,Give and Take,Adam Grant,Viking,2013    ,Economics and Business,978-0143124986,20
2362,The art of persuasion,Bob Burg,Personal Development Publishing,2011    ,Economics and Business,978-1581152739,20
2363,Maximum Trading Gains with Anchored VWAP,Brian Shannon,CMT Association / Wiley,2023    ,Economics and Business,978-0578853383,11
2364,"Think Faster, Talk Smarter",Matt Abrahams,Macmillan,2023    ,Economics and Business,978-1668010303,2
2365,Only the paranoid survive,Andrew S. Grove,Currency / Doubleday,1996    ,Economics and Business,978-0385482585,15
2366,"If you want to be rich and happy, don't go to school?",Robert T. Kiyosaki,Aslan Publishing,1991    ,Economics and Business,978-0446677554,12
2367,The scam,Debashis Basu,(Nhiều nguồn - Thường là sách điều tra tài chính),1993    ,Economics and Business,978-8185002231,13
2368,The Life-Changing Magic of Tidying Up,Marie Kondo,Ten Speed Press,2014    ,Economics and Business,978-1607747307,8
2369,Because Internet,Gretchen McCulloch,Riverhead Books,2019    ,Economics and Business,978-0735210936,20
2370,Your Next Five Moves,Patrick Bet-David,Simon & Schuster,2020    ,Economics and Business,978-1982154806,15
2371,Ego is the Enemy,Ryan Holiday,Portfolio / Penguin,2016    ,Economics and Business,978-1591847816,17
2372,Data Science for Business,Foster Provost,O'Reilly Media,2013    ,Economics and Business,978-1449361327,16
2373,Drug control,United States. General Accounting Office,Oxford University Press / Various,1990    ,Economics and Business,978-1428938212,20
2374,Entry strategies for international markets,Franklin R. Root,Jossey-Bass / Wiley,1987    ,Economics and Business,978-0661001363,20
2375,No excuses!,Brian Tracy,Vanguard Press,2010    ,Economics and Business,978-1593156329,20
2376,Learn to Earn,Peter Lynch,John Wiley & Sons,1995    ,Economics and Business,978-0471180036,9
2377,12 Months to $1 Million,Ryan Daniel Moran,BenBella Books,2020    ,Economics and Business,978-1948836944,17
2378,Questions Are the Answers,Allan Pease,Amway / Business Plus,2000    ,Economics and Business,978-1920816049,18
2379,The Wolf of Wall Street,Jordan Belfort,Bantam,2007    ,Economics and Business,978-0553805468,12
2380,Brain Rules,John Medina,Pear Press,2008    ,Economics and Business,978-0979777707,6
2381,New Psychology Of Money,Adrian Furnham,Routledge,2014    ,Economics and Business,978-1848721791,20
2382,The E-myth revisited,Michael E. Gerber,Harper Business,1995    ,Economics and Business,978-0887307287,6
2383,Good to Great,Jim Collins,Harper Business,2001    ,Economics and Business,978-0066620992,2
2384,Trading in the zone,Mark Douglas,Prentice Hall Press,2001    ,Economics and Business,978-0735201446,6
2385,1st Report [Session 1993-94],Rand McNally,HMSO (UK Government),1983    ,Economics and Business,978-0117017917,4
2386,The Little Book of Common Sense Investing,John C. Bogle,John Wiley & Sons,2007    ,Economics and Business,978-1119404507,1
2387,Supply chain logistics management,Donald J. Bowersox,McGraw-Hill,2002    ,Economics and Business,978-0078024054,13
2388,Million Dollar Weekend,Noah Kagan,Portfolio / Penguin,2024    ,Economics and Business,978-0593539774,3
2389,Digital Minimalism,Cal Newport,Portfolio / Penguin,2019    ,Economics and Business,978-0525536512,2
2390,Shibumi,Trevanian,Crown / Ballantine,1979    ,Economics and Business,978-0345311801,12
2391,La ganacia es primero,Mike Michalowicz,Portfolio (Penguin),2014    ,Economics and Business,978-6073163774,8
2392,The millionaire real estate investor,Gary Keller,McGraw-Hill,2005    ,Economics and Business,978-0071446372,17
2393,The Minto pyramid principle,Barbara Minto,Minto International,1996    ,Economics and Business,978-0273710516,9
2394,The Hard Thing About Hard Things,Ben Horowitz,Harper Business,2014    ,Economics and Business,978-0062273208,14
2395,Strengths Finder 2.0,Tom Rath,Gallup Press,2007    ,Economics and Business,978-1595620156,13
2396,The Power of Productivity,William W. Lewis,University of Chicago Press,2004    ,Economics and Business,978-0226476988,15
2397,Discipline equals freedom,Jocko Willink,St. Martin's Press,2017    ,Economics and Business,978-1250156945,3
2398,BUILDING A STORY BRAND,Donald Miller,HarperCollins Focus,2018    ,Economics and Business,978-0718033323,6
2399,Rich Dad's Increase Your Financial IQ,Robert T. Kiyosaki,Business Plus,2008    ,Economics and Business,978-1612680651,13
2400,The wealth of networks,Yochai Benkler,Yale University Press,2006    ,Economics and Business,978-0300125771,9
2401,How to fail at almost everything and still win big,Scott Adams,Portfolio / Penguin,2013    ,Economics and Business,978-1591847748,10
2402,Thinking Like An Entrepreneur,Peter I. Hupalo,(Nhiều tác giả/NXB - thường là của Peter r. Haiss),1999    ,Economics and Business,978-0967160238,10
2403,Data science from scratch,Joel Grus,O'Reilly Media,2015    ,Economics and Business,978-1492041139,8
2404,UNSCRIPTED,M. J. DeMarco,Viperion Publishing,2017    ,Economics and Business,978-0984358168,7
2405,Forbes greatest business stories of all time,Daniel Gross,Wiley,1996    ,Economics and Business,978-0471196532,11
2406,Smarter Faster Better,Charles Duhigg,Random House,2016    ,Economics and Business,978-0812983593,1
2407,Thinking in bets,Annie Duke,Portfolio / Penguin,2018    ,Economics and Business,978-0735216358,12
2408,Getting started in technical analysis,Jack D. Schwager,Wiley,1999    ,Economics and Business,978-0471248422,2
2409,Scrum,Jeff Sutherland,Crown Business,2014    ,Economics and Business,978-0385346450,6
2410,Never eat alone and other secrets to success,Keith Ferrazzi,Currency / Doubleday,2005    ,Economics and Business,978-0385346658,17
2411,The millionaire real estate agent,Gary Keller,McGraw-Hill,2003    ,Economics and Business,978-0071446372,4
2412,Negotiation techniques (that really work!),Stephan Schiffman,Kogan Page,2009    ,Economics and Business,978-1580621212,9
2413,How to Make It Happen,Maria Hatzistefanis,Harriman House,2020    ,Economics and Business,978-1785037320,8
2414,The copywriter's handbook,Robert W. Bly,Henry Holt and Company,1985    ,Economics and Business,978-1250238016,7
2415,Communicating at work,Ronald B. Adler,McGraw-Hill,1983    ,Economics and Business,978-0078036804,18
2416,The $100 startup,Chris Guillebeau,Currency / Crown,2012    ,Economics and Business,978-0307951526,13
2417,Confidential,John Nolan,(Nhiều nguồn - thường là tiểu thuyết hoặc báo cáo),1999    ,Economics and Business,978-1610395724,4
2418,The Go-Giver,John David Mann,Portfolio / Penguin,2007    ,Economics and Business,978-1591848288,8
2419,"Rich Dad's Retire Young, Retire Rich",Robert T. Kiyosaki,Warner Books,2002    ,Economics and Business,978-1612680415,20
2420,Business Law,Henry R. Cheeseman,(Nhiều NXB - thường là Pearson hoặc McGraw-Hill),1992    ,Economics and Business,978-0134004006,10
2421,The peculiar institution,Kenneth M. Stampp,Knopf,1956    ,Economics and Business,978-0394702537,4
2422,The biggest secret,David Icke,David Icke Books,1999    ,Economics and Business,978-0953820405,20
2423,Where good ideas come from,Steven Johnson,Riverhead Books,2010    ,Economics and Business,978-1594485381,2
2424,Invest in debt,Jim Napier,W J T Publishing,1983    ,Economics and Business,978-1610420068,4
2425,The Millionaire Fastlane,M. J. DeMarco,Viperion Publishing,2021    ,Economics and Business,978-0984358106,11
2426,Business for the 21st century,Steven J. Skinner,Prentice Hall,1991    ,Economics and Business,978-0937532393,3
2427,Be obsessed or be average,Grant Cardone,Portfolio / Penguin,2016    ,Economics and Business,978-0241288542,5
2428,Oecd Economic Surveys,Organisation for Economic Co-operation and Development,OECD Publishing,1980    ,Economics and Business,978-9264175372,15
2429,Managing Oneself,Peter F. Drucker,Harvard Business Review Press,2008    ,Economics and Business,978-1422123126,7
2430,From Third World to First : The Singapore Story,Lee Kuan Yew,HarperCollins,2000    ,Economics and Business,978-0060197766,1
2431,Redacción comercial,Carmen Sánchez Reyes,(Nhiều NXB tiếng Tây Ban Nha),1992    ,Economics and Business,978-9580512684,20
2432,Romancing the balance sheet,Anil Lamba,Westland,2016    ,Economics and Business,978-1544256610,3
2433,Beyond entrepreneurship,"Collins, James C.",Prentice Hall,1992    ,Economics and Business,978-1577311140,8
2434,Innovation and Entrepreneurship,Peter F. Drucker,Harper Business,1985    ,Economics and Business,978-0060851132,4
2435,Manajemen bisnis,Adeng Kasmiri,(Nhiều NXB tiếng Indonesia),2011    ,Economics and Business,978-1610571616,18
2436,How Finance Works,Mihir Desai,Harvard Business Review Press,2019    ,Economics and Business,978-1633696709,17
2437,Market wizards,Jack D. Schwager,New York Institute of Finance,1993    ,Economics and Business,978-1118273050,9
2438,Exploring Strategy,Gerry Johnson,Pearson,2017    ,Economics and Business,978-1292145129,2
2439,477 Frases de Poder,Alejandro Cardona,(Tự xuất bản/KDP),2023    ,Economics and Business,978-1533037282,6
2440,"I Will Teach You to Be Rich, Second Edition",Ramit Sethi,Workman Publishing,2019    ,Economics and Business,978-1523505746,4
2441,Ali Pacha,Alexandre Dumas,(Thường là của Alexandre Dumas - nhiều NXB),2001    ,Economics and Business,978-1405881470,20
2442,Understanding Business 13th Edition,William G. Nickels,McGraw-Hill,2021    ,Economics and Business,978-1259929458,15
2443,Pengantar ilmu ekonomi,J. Bunardhi,(Nhiều NXB tiếng Indonesia),1965    ,Economics and Business,978-9794503799,2
2444,The 80/20 principle,"Koch, Richard",Nicholas Brealey,1997    ,Economics and Business,978-0385491747,17
2445,Neoliberalisme,I. Wibowo,(Nhiều NXB học thuật),2003    ,Economics and Business,978-0984033201,20
2446,The think & grow rich workbook,Joel Fotinos,Sound Wisdom,2009    ,Economics and Business,978-1585427116,19
2447,The White Tiger,Aravind Adiga,Atlantic Books,2008    ,Economics and Business,978-1416562603,7
2448,Exactly what to say,Phil M. Jones,Box of Crayons,2017    ,Economics and Business,978-1544500003,13
2449,Blueprint for Black power,Amos N. Wilson,Afrikan World Infosystems,1998    ,Economics and Business,978-0963507020,1
2450,Manajemen pemasaran,Bambang Tri Cahyono,(Thường là Kotler - Pearson/McGraw-Hill),1994    ,Economics and Business,978-9790610019,16
2451,National health programs of India,J. Kishore,(Nhiều NXB y học Ấn Độ),2011    ,Economics and Business,978-8171799794,1
2452,Outlines of Dairy Technology,Sukumar De,Oxford University Press,2002    ,Economics and Business,978-0195611946,16
2453,"Address ... entitled Our ally, Japan",Oliver Bainbridge,(Tài liệu lịch sử/Công cộng),1919    ,Economics and Business,978-1240097746,2
2454,One thousand ways to make  $1000,Frances Mary Cowan Minaker,Diplomatic Publications,1940    ,Economics and Business,978-1440407758,13
2455,When Genius Failed,Roger Lowenstein,Random House,2000    ,Economics and Business,978-0375753336,14
2456,Blue ocean strategy,W. Chan Kim,Harvard Business Review Press,2005    ,Economics and Business,978-1591396192,19
2457,Secrets of Six-Figure Women,Barbara Stanny,HarperCollins,2002    ,Economics and Business,978-0060933754,3
2458,"The History, Civil and Commercial, of the British Colonies in the West Indies ...: In Two Volumes",Bryan Edwards,(Tài liệu lịch sử - nhiều NXB cổ điển),1789    ,Economics and Business,978-1108021111,12
2459,Range,David J. Epstein,Riverhead Books,2019    ,Economics and Business,978-0735214484,1
2460,Minutes of Proceedings,Rand McNally,(Tài liệu chính phủ/Học thuật),1993    ,Economics and Business,978-1334960529,5
2461,The DevOps handbook,Gene Kim,IT Revolution Press,2016    ,Economics and Business,978-1942788003,20
2462,House of Commons Weekly Information Bulletin,Rand McNally,HMSO,1992    ,Economics and Business,978-0118112222,11
2463,The West and the rest of us,Chinweizu,Random House,1975    ,Economics and Business,978-0394715223,6
2464,The Manager's Path,Camille Fournier,O'Reilly Media,2017    ,Economics and Business,978-1491973899,8
2465,Whatever Happened to Penny Candy?,Richard J. Maybury,Bluestocking Press,1989    ,Economics and Business,978-0942617627,10
2466,The ambiguous moral foundations of the underground economy,George L. Priest,(Nhiều NXB học thuật),1994    ,Economics and Business,978-0817929428,13
2467,In the Miso soup,Ryu Murakami,Kodansha,2003    ,Economics and Business,978-0141019673,15
2468,Los secretos de la mente millonaria,T. Harv Eker,Sirio,2013    ,Economics and Business,978-8478085293,3
2469,Godolphin,"Edward Bulwer Lytton, Baron Lytton",(Lord Lytton - nhiều NXB cổ điển),1833    ,Economics and Business,978-1406854589,14
2470,Foreign assistance,United States. General Accounting Office,(Nhiều nguồn/Báo cáo chính phủ),1989    ,Economics and Business,978-1428938748,16
2471,Think and grow rich,Dennis Paul Kimbro,Ralston Society,1991    ,Economics and Business,978-0449219904,15
2472,Managing brand equity,David A. Aaker,Free Press,1991    ,Economics and Business,978-0029001011,3
2473,What the dog saw and other adventure stories,Malcolm Gladwell,"Little, Brown and Company",2009    ,Economics and Business,978-0316075848,15
2474,Extreme Ownership,Jocko Willink,St. Martin's Press,2017    ,Economics and Business,978-1250060921,3
2475,The Greatness Guide,Robin S. Sharma,HarperCollins,2006    ,Economics and Business,978-1443456623,19
2476,The elements of drawing,John Ruskin,(John Ruskin - nhiều NXB cổ điển),1819    ,Economics and Business,978-0486227306,19
2477,Forex made easy,James Dicks,Wiley,2004    ,Economics and Business,978-0071442183,19
2478,The 1-page marketing plan,Allan Dib,Successwise,2016    ,Economics and Business,978-1925157154,13
2479,Neo-colonialism,Kwame Nkrumah,International Publishers,1965    ,Economics and Business,978-0010041263,10
2480,Too big to fail,Andrew Ross Sorkin,Viking,2009    ,Economics and Business,978-0670021253,4
2481,Fundamentals of corporate finance,Stephen A Ross,McGraw-Hill,1991    ,Economics and Business,978-1259918339,15
2482,Las cinco disfunciones de un equipo,Patrick Lencioni,Empresa Activa,2002    ,Economics and Business,978-8495787392,16
2483,Economics Today,Roger LeRoy Miller,Pearson,1973    ,Economics and Business,978-0134472294,7
2484,Personal finance for dummies,Eric Tyson,Wiley,1996    ,Economics and Business,978-1119517122,12
2485,Case Interview Secrets,Victor Cheng,Innovation Press,2012    ,Economics and Business,978-0984183524,14
2486,Introducing Computers,Robert H. Blissmer,Wiley,1988    ,Economics and Business,978-0471113546,19
2487,Qu'est-ce que la propriété?,P.-J. Proudhon,(Pierre-Joseph Proudhon - nhiều NXB),1840    ,Economics and Business,978-2253059431,15
2488,The Constant Gardener,John le Carré,Hodder & Stoughton,2000    ,Economics and Business,978-0743202114,4
2489,Rising strong,Brené Brown,Spiegel & Grau,2015    ,Economics and Business,978-0812995824,4
2490,Creative Confidence,Tom Kelley,Crown Business,2013    ,Economics and Business,978-0385349369,13
2491,How to turn people into gold,Kenneth M. Goode,(Nhiều NXB kinh doanh cổ điển),1929    ,Economics and Business,978-1163152669,7
2492,Positioning,Al Ries,McGraw-Hill,1981    ,Economics and Business,978-0071373586,5
2493,The McKinsey way,Ethan M. Rasiel,McGraw-Hill,1999    ,Economics and Business,978-0070534483,8
2494,Collins Robert French English Dictionary,Beryl T. Atkins,Collins,1978    ,Economics and Business,978-0062700377,4
2495,38 Letters from J.D. Rockefeller to His Son,John D. Rockefeller,(Nhiều NXB - thường là tài liệu sưu tầm),2023    ,Economics and Business,978-0997193251,1
2496,Team writing,Joanna Wolfe,Bedford/St. Martin's,2010    ,Economics and Business,978-0312674298,13
2497,Marketing 4.0,Philip Kotler,Wiley,2016    ,Economics and Business,978-1119341291,12
2498,The Virginia house-wife,Mary Randolph,(Mary Randolph - nhiều NXB cổ điển),1824    ,Economics and Business,978-0486273464,9
2499,"The great crash, 1929",John Kenneth Galbraith,Houghton Mifflin,1955    ,Economics and Business,978-0395853574,13
2500,Interactive Computing Series,Kenneth C. Laudon,McGraw-Hill,1997    ,Economics and Business,978-0072472622,16
2501,Security Analysis,Benjamin Graham,McGraw-Hill,1934    ,Economics and Business,978-0071597081,18
2502,Today's isms,Alan O. Ebenstein,Pearson / Prentice Hall,1954    ,Economics and Business,978-0130282124,6
2503,Population,United States. Bureau of the Census,(Nhiều NXB - thường là của Malthus),1943    ,Economics and Business,978-1243542281,17
2504,Warren Buffett and the interpretation of financial statements,Mary Buffett,Mary Buffett & David Clark,2008    ,Economics and Business,978-1416573180,13
2505,Mathematics; with applications in management and economics,Earl K. Bowen,Pearson,1963    ,Economics and Business,978-0256031409,20
2506,Business Advantage Upper-intermediate Teacher's Book,Jonathan Birkin,Cambridge University Press,2012    ,Economics and Business,978-0521132176,3
2507,Unreasonable Hospitality,Will Guidara,Optimism Press,2022    ,Economics and Business,978-0593418574,18
2508,International trade,United States. General Accounting Office,Macmillan Learning,1986    ,Economics and Business,978-1428941731,12
2509,Bloom,Kevin Panetta,(Tên phổ biến - tùy tác giả),2019    ,Economics and Business,978-1626721364,2
2510,The 8th Habit,Stephen R. Covey,Free Press,2004    ,Economics and Business,978-0684846651,17
2511,Capitalismo y Esclavitud,Eric Eustace Williams,(Nhiều NXB tiếng Tây Ban Nha),1944    ,Economics and Business,978-8494023309,16
2512,Project management,Harold Kerzner,Wiley / Pearson,1979    ,Economics and Business,978-1119369110,12
2513,Business ethics and corporate social responsibility,Jose Mario B. Maximiano,Oxford University Press,2007    ,Economics and Business,978-9712711619,18
2514,The Book of Household Management,Isabella Beeton,S.O. Beeton,1861    ,Economics and Business,978-1853268151,18
2515,The Robin Sharma pack,Robin S. Sharma,HarperCollins,2009    ,Economics and Business,978-8179929872,17
2516,The Adweek copywriting handbook,Joseph Sugarman,Wiley,2006    ,Economics and Business,978-0470051245,19
2517,"I, Steve",Steven Jobs,Agate B2,2011    ,Economics and Business,978-1610391306,3
2518,Original White House Cookbook,Hugo Ziemann,(Nhiều NXB cổ điển),1887    ,Economics and Business,978-1542353342,6
2519,Quality is free,Philip B. Crosby,McGraw-Hill,1980    ,Economics and Business,978-0451625816,18
2520,Caliban and the Witch,Silvia Federici,Autonomedia,2004    ,Economics and Business,978-1570270598,16
2521,23 things they don't tell you about capitalism,Ha-Joon Chang,Allen Lane,2010    ,Economics and Business,978-1608193387,6
2522,Course ILT,Course Technology,Thompson Learning,2000    ,Economics and Business,978-1418843519,14
2523,One Hundred Percent,Upton Sinclair,(Nhiều NXB),1920    ,Economics and Business,978-1505315899,15
2524,How to Avoid a Climate Disaster,Bill Gates,Knopf,2019    ,Economics and Business,978-0385546133,4
2525,Belgarath the sorcerer,David Eddings,Del Rey,1995    ,Economics and Business,978-0345373243,11
2526,Getting past no,William Ury,Bantam,1991    ,Economics and Business,978-0553371314,12
2527,Sidetracked Home Executives,"Young, Pam",Warner Books,1980    ,Economics and Business,978-0446677592,8
2528,Business Law Today,Roger LeRoy Miller,Cengage Learning,1988    ,Economics and Business,978-1305075450,3
2529,The Gregg Reference Manual,William A. Sabin,McGraw-Hill,1970    ,Economics and Business,978-0072936537,16
2530,A Beginner's Guide To Day Trading Online,Toni Turner,Adams Media,2000    ,Economics and Business,978-1593378042,5
2531,The horse's mouth,Joyce Cary,Michael Joseph,1944    ,Economics and Business,978-1590170519,6
2532,Forgotten Lover,Carole Mortimer,(Nhiều NXB tiểu thuyết),1982    ,Economics and Business,978-0373105120,14
2533,Resolution Trust Corporation,United States. General Accounting Office,(Tài liệu chính phủ Mỹ),1990    ,Economics and Business,978-1428935495,4
2534,Deutsche Ideologie,Karl Marx,(Nhiều NXB chính trị/triết học),1938    ,Economics and Business,978-3867323635,16
2535,Reinventing Organizations,Frederic Laloux,Nelson Parker,2014    ,Economics and Business,978-2960133509,16
2536,London Labour and the London Poor (Vol. I),Henry Mayhew,"Griffin, Bohn, and Company",1851    ,Economics and Business,978-0140432411,13
2537,Excellence in business communication,John V. Thill,Pearson,1991    ,Economics and Business,978-0134319056,3
2538,Managing Humans,Michael Lopp,Apress,2007    ,Economics and Business,978-1484221570,3
2539,Introduction to business statistics,Alan H. Kvanli,Cengage Learning,1986    ,Economics and Business,978-0538478724,1
2540,Poverty and development into the 21st century,Tim Allen,Oxford University Press,2000    ,Economics and Business,978-0198776260,1
2541,The SPEED of Trust,Stephen M. R. Covey,Free Press,2006    ,Economics and Business,978-1416549000,11
2542,Small business management,Justin Gooderl Longenecker,Cengage Learning,1987    ,Economics and Business,978-1133313458,3
2543,Lohnarbeit und Kapital,Karl Marx,(Nhiều NXB chính trị),1902    ,Economics and Business,978-3320002169,20
2544,The big leap,Gay Hendricks,HarperOne,2009    ,Economics and Business,978-0061735363,16
2545,Elliott wave principle,A. J. Frost,New Classics Library,1978    ,Economics and Business,978-1603500357,15
2546,"Jab, jab, jab, right hook",Gary Vaynerchuk,Harper Business,2013    ,Economics and Business,978-0062273062,16
2547,The country of the pointed firs,Sarah Orne Jewett,Houghton Mifflin,1896    ,Economics and Business,978-0486281964,7
2548,"Trust Me, I'm Lying",Ryan Holiday,Portfolio / Penguin,2012    ,Economics and Business,978-1591846284,7
2549,Find Your Why,Simon Sinek,Portfolio / Penguin,2017    ,Economics and Business,978-0143111726,5
2550,The Art of Gathering,Priya Parker,Riverhead Books,2018    ,Economics and Business,978-1594634925,5
2551,Get Good with Money,Tiffany the Budgetnista Aliche,Rodale Books,2021    ,Economics and Business,978-0593232743,14
2552,The Wealthy Barber,David Barr Chilton,Stoddart,1990    ,Economics and Business,978-0761513117,6
2553,Who Owns the Future?,Jaron Lanier,Simon & Schuster,2013    ,Economics and Business,978-1451654974,18
2554,Pathless Path,Paul Millerd,(Tự xuất bản - Paul Millerd),2022    ,Economics and Business,978-0578347851,18
2555,VA health care,United States. General Accounting Office,(Báo cáo chính phủ Mỹ),1986    ,Economics and Business,978-1422321454,18
2556,"Fields, Factories, and Workshops",Peter Kropotkin,(Nhiều NXB cổ điển),1899    ,Economics and Business,978-1412852784,14
2557,Case in Point 11,Marc Patrick Cosentino,Burgee Press,2020    ,Economics and Business,978-0986367755,15
2558,Basic econometrics,Damodar N. Gujarati,McGraw-Hill,1978    ,Economics and Business,978-0073375779,17
2559,Business plans for dummies,Paul Tiffany,Wiley,1997    ,Economics and Business,978-1119054733,12
2560,Production & inventory management,Donald W. Fogarty,Prentice Hall,1983    ,Economics and Business,978-0538074612,2
2561,Behind the beautiful forevers,Katherine Boo,Random House,2011    ,Economics and Business,978-0812979329,15
2562,Computer ethics and professional responsibility,Terrell Ward Bynum,Wiley,2003    ,Economics and Business,978-0631232056,9
2563,Sixteenth census of the United States,United States. Bureau of the Census,Government Printing Office,1900    ,Economics and Business,978-1243542267,9
2564,The Dhandho Investor,Mohnish Pabrai,Wiley,2007    ,Economics and Business,978-0470046890,3
2565,Unto This Last,John Ruskin,(Nhiều NXB cổ điển),1860    ,Economics and Business,978-0140432114,3
2566,Negotiation,Roy J. Lewicki,McGraw-Hill,1985    ,Economics and Business,978-0078029448,12
2567,Once in Paris,Diana Palmer,(Nhiều NXB tiểu thuyết),1998    ,Economics and Business,978-0373775279,11
2568,The Warren Buffett Way,Robert G. Hagstrom,Wiley,2004    ,Economics and Business,978-1118503256,3
2569,Consumer behavior,Del I. Hawkins,Pearson,1980    ,Economics and Business,978-0073261379,12
2570,Modern business administration,Robert C. Appleby,Pitman,1969    ,Economics and Business,978-0273602828,7
2571,International economics,Dennis R. Appleyard,McGraw-Hill / Pearson,1991    ,Economics and Business,978-0078021671,5
2572,Free to choose,Milton Friedman,Harcourt Brace Jovanovich,1980    ,Economics and Business,978-0156334600,9
2573,The Strangest Secret,Earl Nightingale,Nightingale-Conant,1900    ,Economics and Business,978-1604593921,18
2574,Africa must unite,Kwame Nkrumah,International Publishers,1963    ,Economics and Business,978-0717804412,2
2575,Ekonomi internasional dan globalisasi ekonomi,R. Hendra Halwani,(Nhiều NXB tiếng Indonesia),2002    ,Economics and Business,978-9794503935,20
2576,The 22 Immutable Laws of Marketing,Jack Trout,Harper Business,1994    ,Economics and Business,978-0887306662,14
2577,My not so Perfect Life,Madeleine Wickham,Dial Press,2017    ,Economics and Business,978-0812998269,13
2578,Black Bourgeoisie,E. Franklin Frazier,Free Press,1955    ,Economics and Business,978-0684832418,3
2579,Building A StoryBrand,Donald Miller,HarperCollins Leadership,2017    ,Economics and Business,978-0718033323,3
2580,Moral mazes,Robert Jackall,Oxford University Press,1988    ,Economics and Business,978-0199738014,12
2581,Thinkertoys,Michael Michalko,Ten Speed Press,1991    ,Economics and Business,978-1580087735,10
2582,Just listen,Mark Goulston,AMACOM,2009    ,Economics and Business,978-0814436479,7
2583,Barbarians at the gate,Bryan Burrough,Harper & Row,1920    ,Economics and Business,978-0061655555,14
2584,Leadership Wisdom from the Monk Who Sold His Ferrari,Robin S. Sharma,HarperCollins,1998    ,Economics and Business,978-8172233631,5
2585,The crown of wild olive,John Ruskin,(Nhiều NXB cổ điển),1866    ,Economics and Business,978-1421946399,10
2586,The undoing project,Michael Lewis,W. W. Norton & Company,2016    ,Economics and Business,978-0393354774,7
2587,Rich Dad's Prophecy,Robert T. Kiyosaki,Warner Books,2002    ,Economics and Business,978-1612680378,14
2588,Accounting,David H. Marshall,(Nhiều NXB - thường là Pearson/Wiley),1995    ,Economics and Business,978-1259679650,3
2589,Think big and kick ass in business and life,Donald Trump,Harper Business,2007    ,Economics and Business,978-0061547843,16
2590,Failing Forward,John C. Maxwell,Thomas Nelson,2000    ,Economics and Business,978-0785288572,5
2591,Venture deals,Brad Feld,Wiley,2011    ,Economics and Business,978-1119593607,8
2592,B.O.S.S. Moves,Myron Golden,(Tự xuất bản),2021    ,Economics and Business,978-1640854406,10
2593,The Box,Marc Levinson,Princeton University Press,2006    ,Economics and Business,978-0691170817,8
2594,The acquisitive society,Richard H. Tawney,"Harcourt, Brace and Howe",1920    ,Economics and Business,978-0486436296,1
2595,Indian Economy,Uma Kapila,(Nhiều NXB - thường là McGraw-Hill India),2009    ,Economics and Business,978-9381830840,2
2596,Analisis ekonomi politik Indonesia,"Kwik, Kian Gie.",(Nhiều NXB tiếng Indonesia),1994    ,Economics and Business,978-9792209778,11
2597,Strategic Management,Charles W. L. Hill,McGraw-Hill / Pearson,1989    ,Economics and Business,978-1285184487,2
2598,Let my people go surfing,Yvon Chouinard,Penguin Books,2005    ,Economics and Business,978-0143108900,17
2599,Rule #1,Phil Town,Crown Business,2006    ,Economics and Business,978-0307336132,5
2600,Black box thinking,Matthew Syed,Portfolio / Penguin,2015    ,Economics and Business,978-1591848226,20
2601,What they don't teach you at Harvard Business School,Mark H. McCormack,Bantam Books,1984    ,Economics and Business,978-0553345834,18
2602,Attitude Is Your Superpower,Eduardo Clemente,Hay House,2021    ,Economics and Business,978-1401963491,18
2603,Managerial Economics & Business Strategy,Michael R. Baye,McGraw-Hill Education,1994    ,Economics and Business,978-1259290619,13
2604,The Second Machine Age,Erik Brynjolfsson,W. W. Norton & Company,2014    ,Economics and Business,978-0393350647,12
2605,The First 90 Days Proven Strategies For Getting Up To Speed Faster And Smarter,Michael D. Watkins,Harvard Business Review Press,2013    ,Economics and Business,978-1422188613,7
2606,Sell Or Be Sold How To Get Your Way In Business And In Life,Grant Cardone,Greenleaf Book Group,2012    ,Economics and Business,978-1608322565,3
2607,Contemporary business,Louis E. Boone,Wiley,1976    ,Economics and Business,978-1119249061,11
2608,The Art of Strategy,Avinash K. Dixit,W. W. Norton & Company,2008    ,Economics and Business,978-0393337174,16
2609,After the Loving,Carole Mortimer,Dell,1987    ,Economics and Business,978-0373111008,18
2610,Intermediate financial management,Eugene F. Brigham,Cengage Learning,1985    ,Economics and Business,978-1337395083,14
2611,Etika bisnis,Franz Magnis-Suseno,Kanisius (ID) / Pearson (Global),1994    ,Economics and Business,978-9794132449,19
2612,The Letters of Horace Walpole,Horace Walpole,Yale University Press,1842    ,Economics and Business,978-1425553654,10
2613,White Hot,Sandra Brown,Avon,2004    ,Economics and Business,978-0743464529,9
2614,Essentials of real estate economics,Dennis J. McKenzie,Thomson South-Western,1976    ,Economics and Business,978-0538739696,14
2615,The psychology of money,"Furnham, Adrian.",Harriman House,1998    ,Economics and Business,978-1848721791,1
2616,To Sell Is Human The Surprising Truth About Moving Others,Daniel H. Pink,Riverhead Books,2012    ,Economics and Business,978-1594487156,17
2617,Strategies for technical communication in the workplace,Laura J. Gurak,Pearson,2013    ,Economics and Business,978-0133944136,11
2618,The Illuminati,Larry Burkett,Pocket Books,1991    ,Economics and Business,978-0785268444,14
2619,Business @ the speed of thought,Bill Gates,Warner Books,1999    ,Economics and Business,978-0446675963,6
2620,Molecular cell biology,Harvey Lodish,W. H. Freeman,1995    ,Economics and Business,978-1464183393,13
2621,The intelligent woman's guide to socialism and capitalism,George Bernard Shaw,Constable,1928    ,Economics and Business,978-0140400038,1
2622,Exploring corporate strategy,Gerry Johnson,Prentice Hall / Pearson,1983    ,Economics and Business,978-0273711919,18
2623,The Joys of Compounding,Gautam Baid,Columbia University Press,2019    ,Economics and Business,978-0231191029,3
2624,The Wall Street journal guide to understanding money & investing,Kenneth M. Morris,Fireside,1993    ,Economics and Business,978-0684869506,16
2625,As the Crow Files,Jeffrey Archer,HarperCollins,1770    ,Economics and Business,978-0061099342,13
2626,Building Strong Brands,David A. Aaker,Free Press,1996    ,Economics and Business,978-0029001134,5
2627,Triumph of the City,Edward L. Glaeser,Penguin Press,2011    ,Economics and Business,978-0143120544,12
2628,Spark Joy,Marie Kondo,Ten Speed Press,2016    ,Economics and Business,978-1607749721,12
2629,Fiqh ekonomi syariah,Mardani,Rajawali Pers,2012    ,Economics and Business,978-9797693954,9
2630,Pig Tales,Marie Darrieussecq,Portobello Books,1997    ,Economics and Business,978-1565844223,11
2631,Unleash the Power of Storytelling,Rob Biesenbach,Made for Success Publishing,2017    ,Economics and Business,978-0991081424,18
2632,Indian economy since independence,Uma Kapila,Academic Foundation,2008    ,Economics and Business,978-9381830574,11
2633,The 4 disciplines of execution,Chris McChesney,Free Press,2012    ,Economics and Business,978-1451627053,20
2634,"Economics, organization, and management",Paul R. Milgrom,Prentice Hall,1992    ,Economics and Business,978-0132246507,14
2635,Customer Relationship Management,Francis Buttle,Routledge,2003    ,Economics and Business,978-1138708273,6
2636,Excel VBA Programming For Dummies,John Walkenbach,For Dummies (Wiley),2004    ,Economics and Business,978-1119077398,13
2637,Project management for dummies,Stanley E. Portny,For Dummies (Wiley),2008    ,Economics and Business,978-1119348900,2
2638,Nomination,United States. Congress. Senate. Committee on Labor and Public Welfare.,(Phụ thuộc vào tác giả - thường là Penguin),1960    ,Economics and Business,N/A (Varies),1
2639,Sales management,Douglas J. Dalrymple,Wiley / Cengage,1982    ,Economics and Business,978-0471230625,4
2640,"A treatise on political economy, or, the production, distribution, and consumption of wealth",Jean Baptiste Say,"Lippincott, Grambo & Co.",1803    ,Economics and Business,978-0678000458,13
2641,Progress and poverty,Henry George,Robert Schalkenbach Foundation,1879    ,Economics and Business,978-1596053892,8
2642,Argonauts of the western Pacific,Bronisław Malinowski,Routledge,1922    ,Economics and Business,978-0415321594,6
2643,Business Communication,Mary Ellen Guffey,McGraw-Hill / Pearson,1993    ,Economics and Business,978-1285094069,7
2644,Upheaval,Jared M. Diamond,"Little, Brown and Company",2019    ,Economics and Business,978-0316409131,11
2645,Fanatical prospecting,Jeb Blount,Wiley,2015    ,Economics and Business,978-1119144755,11
2646,"Recueil des actes de Louis VI, roi de France (1108-1137)",France,Imprimerie Nationale,1503    ,Economics and Business,978-2252004241,7
2647,Hit Refresh,Satya Nadella,Harper Business,2017    ,Economics and Business,978-0062652508,18
2648,Speaking up without freaking out,Matt Abrahams,Pearson,2010    ,Economics and Business,978-1465290472,18
2649,Talent is Overrated,Geoff Colvin,Portfolio,1844    ,Economics and Business,978-1591842941,7
2650,Business,O. C. Ferrell,Prentice Hall,1992    ,Economics and Business,978-1259578144,10
2651,What Money Can't Buy,Michael J. Sandel,"Farrar, Straus and Giroux",2011    ,Economics and Business,978-0374533656,1
2652,The Sea Around Us,Rachel Carson,Oxford University Press,1950    ,Economics and Business,978-0195069303,16
2653,Business communication today,Courtland L. Bovée,Pearson,1989    ,Economics and Business,978-0134562186,10
2654,1493,Charles C. Mann,Knopf,2011    ,Economics and Business,978-0307278241,19
2655,A first course in quality engineering,K. S. Krishnamoorthi,CRC Press,2011    ,Economics and Business,978-1498764209,16
2656,"Treaties, etc",Canada,Government Printing Office,1891    ,Economics and Business,978-0660505190,6
2657,Family Man,Jayne Ann Krentz,Harlequin,1992    ,Economics and Business,978-0373074402,5
2658,Modern industrial organization,Dennis W. Carlton,Pearson,1990    ,Economics and Business,978-0321180230,14
2659,The Moment of Lift: How Empowering Women Changes the World,Melinda Gates,Flatiron Books,2019    ,Economics and Business,978-1250313577,17
2660,Integrity,Henry Cloud,Harper Business,2006    ,Economics and Business,978-0060849696,8
2661,The codebreakers,David Kahn,Scribner,1967    ,Economics and Business,978-0684831305,20
2662,Organizational behavior,Robert Kreitner,Pearson / McGraw-Hill,1989    ,Economics and Business,978-0078029363,19
2663,Winning,Jack Welch,Harper Business,2005    ,Economics and Business,978-0060753948,11
2664,Forbes Greatest Business Stories Of All Time,Daniel Gross,Wiley,1997    ,Economics and Business,978-0471196532,12
2665,Operations and Supply Chain Management,F. Robert Jacobs,McGraw-Hill Education,2010    ,Economics and Business,978-1259666100,15
2666,All You Need to Know About the Music Business,Donald S. Passman,Simon & Schuster,1991    ,Economics and Business,978-1501122187,2
2667,The Productivity Project,Chris Bailey,Crown Business,2016    ,Economics and Business,978-1101904053,2
2668,The leadership challenge,James M. Kouzes,Jossey-Bass,1987    ,Economics and Business,978-1119278962,3
2669,Indian Economy Since Independence,Uma Kapila,Academic Foundation,1999    ,Economics and Business,978-9381830574,2
2670,Change Your Life in an Hour,Laura Archer,Watkins Publishing,2021    ,Economics and Business,978-1785035548,10
2671,Why A Students Work For C Students And B Students Work For The Government,Robert T. Kiyosaki,Plata Publishing,2012    ,Economics and Business,978-1612680767,13
2672,Nothing to envy,Barbara Demick,Spiegel & Grau,2009    ,Economics and Business,978-0385523912,7
2673,Administrasi pembangunan,Sondang P. Siagian,Haji Masagung,1972    ,Economics and Business,978-9795261452,3
2674,The Snowball,Alice Schroeder,Bantam,2008    ,Economics and Business,978-0553384611,13
2675,Trade Your Way to Financial Freedom,Van K. Tharp,McGraw-Hill,1999    ,Economics and Business,978-0071478717,20
2676,"Thick face, black heart",Chin-Ning Chu,AMC Publishing,1992    ,Economics and Business,978-0811907712,16
2677,The Riddle-Master of Hed  (Riddle-Master #1),Patricia A. McKillip,Del Rey,1976    ,Economics and Business,978-0345385383,18
2678,International politics on the world stage,John T. Rourke,McGraw-Hill,1986    ,Economics and Business,978-0073403885,16
2679,Les atouts du coopératisme africain,Albert Lutete Mvuemba,Harmattan,2007    ,Economics and Business,978-2343033501,10
2680,Unbowed,Wangari Maathai,Knopf,1999    ,Economics and Business,978-0307275202,1
2681,The mind of the strategist,Kenʼichi Ohmae,McGraw-Hill,1982    ,Economics and Business,978-0070475953,16
2682,The Long Tail,Chris Anderson,Hyperion,2006    ,Economics and Business,978-1401309664,9
2683,The Anarchy,William Dalrymple,Bloomsbury Publishing,2019    ,Economics and Business,978-1635573336,1
2684,The Moneychangers,Arthur Hailey,Doubleday,1970    ,Economics and Business,978-0385008969,11
2685,"The Wisdom of Crowds:Why the Many Are Smarter Than the Few and How Collective Wisdom Shapes Business, Economies, Societies and Nations",James Surowiecki,Doubleday,2004    ,Economics and Business,978-0385721707,11
2686,Good Economics for Hard Times,Abhijit Banerjee,PublicAffairs,2019    ,Economics and Business,978-1610399500,15
2687,Strategi bisnis,A. M. Lilik Agung,Gramedia Pustaka Utama,1997    ,Economics and Business,978-9792716764,17
2688,Home Comforts,Cheryl Mendelson,Scribner,1999    ,Economics and Business,978-0684814483,9
2689,Traffic Secrets,Russell Brunson,Hay House,2020    ,Economics and Business,978-1401957902,14
2690,Machine learning,Kevin P. Murphy,McGraw-Hill / MIT Press,2012    ,Economics and Business,978-0262018029,7
2691,Research methods for business,Uma Sekaran,Wiley,2003    ,Economics and Business,978-1119165552,13
2692,Dial A for Aunties,Jesse Q. Sutanto,Berkley,2021    ,Economics and Business,978-0593333037,16
2693,Managing for Results,Peter F. Drucker,Harper Business,1964    ,Economics and Business,978-0060913397,3
2694,Racism without Racists,Eduardo Bonilla-Silva,Rowman & Littlefield,2003    ,Economics and Business,978-1442276239,15
2695,Household discoveries,Sidney Levi Morse,Success Company,1913    ,Economics and Business,978-1443725798,4
2696,Araki - Tokyo Lucky Hole,Nobuyoshi Araki,Taschen,2015    ,Economics and Business,978-3836556385,18
2697,The Delectable Negro,Vincent Woodard,NYU Press,2014    ,Economics and Business,978-0814794920,6
2698,The Unfair Advantage,Hasan Kubba,St. Martin's Press,2020    ,Economics and Business,978-1250266002,6
2699,The Little Book That Beats the Market,Joel Greenblatt,Wiley,2005    ,Economics and Business,978-0470624159,16
2700,Wisconsin death trip,Michael Lesy,Pantheon,1973    ,Economics and Business,978-0312420581,11
2701,Talking to My Daughter About the Economy,Yanis Varoufakis,Bodley Head / Vintage,2017    ,Economics and Business,978-1847924445,17
2702,The Rise and Fall of the Great Powers,Paul M. Kennedy,Random House,1987    ,Economics and Business,978-0679720195,2
2703,Option B,Sheryl Sandberg,Grand Central Publishing,2017    ,Economics and Business,978-1524732684,5
2704,Pour your heart into it,Howard Schultz,Hyperion,1997    ,Economics and Business,978-0786883561,4
2705,I can get paid for that?,Jo Stewart,(Tùy tác giả - thường là sách hướng nghiệp tự do),2018    ,Economics and Business,978-1925418101,12
2706,Prebroi︠a︡vane na naselenieto i zhilishtnii︠a︡ fond prez 2011 godina,Nat︠s︡ionalen statisticheski institut (Bulgaria),National Statistical Institute (Bulgaria),2012    ,Economics and Business,978-9549556155,18
2707,The global business environment,Janet Morrison,Palgrave Macmillan,2011    ,Economics and Business,978-1137483744,9
2708,"Boots of leather, slippers of gold",Elizabeth Lapovsky Kennedy,Routledge,1993    ,Economics and Business,978-0140235500,12
2709,Autobiography,Andrew Carnegie,"(Tùy nhân vật - ví dụ: Gandhi, Benjamin Franklin)",1920    ,Economics and Business,978-1604595307,3
2710,"Manias, panics, and crashes",Charles Poor Kindleberger,Palgrave Macmillan,1978    ,Economics and Business,978-1137525741,20
2711,"[Gasoline motor-boat for customs service at Corpus Christi, Texas.]",United States. Congress. House. Committee on Appropriations,U.S. Government Printing Office,1876    ,Economics and Business,978-1243555540,10
2712,The economy of machinery and manufactures,Charles Babbage,Charles Knight,1832    ,Economics and Business,978-1108000086,8
2713,The Wages of Destruction,J. Adam Tooze,Penguin Books,2006    ,Economics and Business,978-0143113201,16
2714,Supervisory management,Donald C. Mosley,Cengage Learning,1985    ,Economics and Business,978-1285063003,4
2715,ONE PIECE PIRATE RECIPES,Sanji,VIZ Media,2012    ,Economics and Business,978-1974724468,15
2716,Code civil,France,Dalloz (Pháp),1802    ,Economics and Business,978-2247167579,16
2717,Digital Business and E-Commerce Management,Dave Chaffey,Pearson,2019    ,Economics and Business,978-1292016993,15
2718,Urban economics,Arthur O'Sullivan,McGraw-Hill Education,1990    ,Economics and Business,978-0078021787,14
2719,Intermediate Accounting,Donald E. Kieso,Wiley,1983    ,Economics and Business,978-1118147290,4
2720,The making of the English working class,E. P. Thompson,Victor Gollancz / Penguin,1963    ,Economics and Business,978-0140136036,16
2721,Drawdown,Paul Hawken,Penguin Books,2017    ,Economics and Business,978-0143130444,3
2722,Hacking growth,Sean Ellis,Crown Business,2017    ,Economics and Business,978-0451497215,9
2723,Technical analysis explained,Martin J. Pring,McGraw-Hill,1980    ,Economics and Business,978-0071825177,16
2724,Delivering happiness,Tony Hsieh,Grand Central Publishing,2010    ,Economics and Business,978-0446563048,19
2725,Serious creativity,Edward de Bono,HarperCollins,1992    ,Economics and Business,978-1857886207,6
2726,Blitzscaling,Reid Hoffman,Currency,2018    ,Economics and Business,978-1524761417,9
2727,Trading in the Zone,Ari Kiev,Prentice Hall Press,2001    ,Economics and Business,978-0471379096,13
2728,PowerNomics,Claud Anderson,PowerNomics Corp of America,2000    ,Economics and Business,978-0966170221,13
2729,Economy today,Bradley R. Schiller,McGraw-Hill Education,1900    ,Economics and Business,978-1259193187,9
2730,[To promote education of the blind.],United States. Congress. Senate. Committee on Education and Labor.,U.S. Government Printing Office,1870    ,Economics and Business,978-1234567890,15
2731,Angel Pavement,J. B. Priestley,William Heinemann,1930    ,Economics and Business,978-1406798158,9
2732,Traction,Gabriel Weinberg,BenBella Books,2014    ,Economics and Business,978-1591848363,18
2733,The prada plan,Ashley,Cash Money Content,2009    ,Economics and Business,978-1934206416,19
2734,The goal,Eliyahu M. Goldratt,North River Press,1986    ,Economics and Business,978-0884271956,16
2735,Negotiating for dummies,Michael C. Donaldson,For Dummies (Wiley),1996    ,Economics and Business,978-0470045220,11
2736,And the Truth Shall Set You Free,David Icke,Bridge of Love,1997    ,Economics and Business,978-0952614715,8
2737,Zero History,William Gibson,G.P. Putnam's Sons,2010    ,Economics and Business,978-0425240779,4
2738,Change by design,"Brown, Tim",Harper Business,2009    ,Economics and Business,978-0061766084,1
2739,Bad Samaritans,Ha-Joon Chang,Bloomsbury Press,1998    ,Economics and Business,978-1596915985,16
2740,Economic Facts and Fallacies,Thomas Sowell,Basic Books,2007    ,Economics and Business,978-0465022038,13
2741,An introduction to positive economics,Richard G. Lipsey,Weidenfeld & Nicolson,1963    ,Economics and Business,978-0297782506,8
2742,Economic and Philosophic Manuscripts of 1844,Karl Marx,Progress Publishers / International Publishers,1959    ,Economics and Business,978-0717804962,5
2743,Profit over People,Noam Chomsky,Seven Stories Press,1998    ,Economics and Business,978-1888363821,10
2744,Start with no,Jim Camp,Crown Business,2002    ,Economics and Business,978-0609608005,3
2745,Super Trader,Van K Tharp,McGraw-Hill,2009    ,Economics and Business,978-0071749145,7
2746,Playing to win,A. G. Lafley,Harvard Business Review Press,2013    ,Economics and Business,978-1422187395,5
2747,Billion dollar whale,"Wright, Tom (Wall Street Journal reporter)",Hachette Books,2018    ,Economics and Business,978-0316436502,1
2748,The Master Switch,Tim Wu,Knopf,2010    ,Economics and Business,978-0307390998,13
2749,World History for Dummies,Peter Haugen,For Dummies (Wiley),2001    ,Economics and Business,978-1119561088,19
2750,Dopesick,Beth Macy,"Little, Brown and Company",2018    ,Economics and Business,978-0316551243,6
2751,The challenger sale,Matthew Dixon,Portfolio,2011    ,Economics and Business,978-1591844358,10
2752,"Value, price and profit, addressed to workingmen",Karl Marx,International Publishers,1898    ,Economics and Business,978-1605060484,8
2753,The Mindbody Prescription,John E. Sarno,Warner Books,1998    ,Economics and Business,978-0446675673,16
2754,Anything you want,Derek Sivers,Portfolio / Penguin,2011    ,Economics and Business,978-1591848264,12
2755,Selected works,Karl Marx,(Thường là Lenin hoặc Mao - Foreign Languages Press),1900    ,Economics and Business,978-0717802418,19
2756,Hard times,Studs Terkel,Bradbury & Evans (Gốc) / Penguin Classics,1970    ,Economics and Business,978-1565849549,3
2757,Industry and empire,Eric Hobsbawm,Penguin Books,1968    ,Economics and Business,978-0140131246,2
2758,The art and science of technical analysis,Adam Grimes,Wiley,2012    ,Economics and Business,978-1118115121,7
2759,Principles of economics,Alfred Marshall,South-Western Cengage / Pearson,1890    ,Economics and Business,978-0486431314,6
2760,The Last Boyfriend,Nora Roberts,Berkley,2011    ,Economics and Business,978-0425243343,9
2761,The man who solved the market,Gregory Zuckerman,Portfolio,2019    ,Economics and Business,978-0735217980,18
2762,Rich Dad's Success Stories,Robert T. Kiyosaki,Warner Books,2003    ,Economics and Business,978-0446691802,8
2763,"Hitler, 1889-1936",Ian Kershaw,W. W. Norton,1998    ,Economics and Business,978-0393320350,3
2764,The new market wizards,Jack D. Schwager,Harper Business,1992    ,Economics and Business,978-1118273142,3
2765,Yes!,Noah J. Goldstein,Free Press,2008    ,Economics and Business,978-1416576143,1
2766,"Women, microelectronics, and employment",John Ford,ILO (International Labour Organization),1983    ,Economics and Business,978-9221033257,10
2767,Business mathematics,Nelda W. Roueche,Pearson / McGraw-Hill,1969    ,Economics and Business,978-0131102552,19
2768,Drop Dead Gorgeous,Linda Howard,(Tùy tác giả - thường là tiểu thuyết lãng mạn),2006    ,Economics and Business,978-0671019754,14
2769,Common sense on mutual funds,John C. Bogle,Wiley,1999    ,Economics and Business,978-1118136355,20
2770,The Ruthless Magnate's Virgin Mistress,Lynne Graham,Harlequin,2008    ,Economics and Business,978-0373127818,12
2771,Business Analytics,"Evans, James R.",Pearson / Cengage,2013    ,Economics and Business,978-0132950619,11
2772,The art of negotiating,Gerard I. Nierenberg,HarperCollins,1968    ,Economics and Business,978-0671607593,7
2773,PMBOK Guide,Project Management Institute,Project Management Institute (PMI),2021    ,Economics and Business,978-1628251845,4
2774,Industrial and business forecasting methods,C. D. Lewis,McGraw-Hill,1982    ,Economics and Business,978-0408005593,9
2775,Principles of Development,Lewis Wolpert,Oxford University Press,1997    ,Economics and Business,978-0199549078,14
2776,Economic analysis of law,Richard A. Posner,Aspen Publishers,1972    ,Economics and Business,978-1454833888,15
2777,The empire of business,Andrew Carnegie,"Doubleday, Page & Co.",1902    ,Economics and Business,978-1421946351,7
2778,Investing for dummies,Eric Tyson,For Dummies (Wiley),1996    ,Economics and Business,978-1119736875,7
2779,Limits to Growth,Donella H. Meadows,Universe Books,1972    ,Economics and Business,978-1603581554,10
2780,Perekonomian Indonesia,Dumairy,Erlangga / Rajawali Pers,1997    ,Economics and Business,978-9794114758,15
2781,Mastering today's software,Edward G. Martin,Dryden Press,1992    ,Economics and Business,978-0030252112,19
2782,Freedom™,Daniel Suarez,Dutton,2010    ,Economics and Business,978-0451231895,18
2783,The encyclopedia of country living,Carla Emery,Sasquatch Books,1975    ,Economics and Business,978-1570618420,5
2784,Home life in colonial days,Alice Morse Earle,Macmillan,1898    ,Economics and Business,978-0486240756,17
2785,The Fifth Risk,Michael Lewis,W. W. Norton,2018    ,Economics and Business,978-0393357455,18
2786,I'll make you an offer you can't refuse,Michael Franzese,Wiley,2009    ,Economics and Business,978-1595554260,15
2787,Binary Trading Profitable Strategies For Binary Trading,John Piper,(Thường là tự xuất bản/ấn bản kỹ thuật số),2009    ,Economics and Business,978-1905641772,17
2788,Time Series Analysis,George E. P. Box,Princeton University Press / Wiley,1970    ,Economics and Business,978-1118675021,13
2789,Managerial economics in a global economy,Dominick Salvatore,Oxford University Press,1993    ,Economics and Business,978-0199397129,9
2790,Fundamentals of risk management,Paul Hopkin,Kogan Page,2010    ,Economics and Business,978-0749483074,14
2791,Casenote Legal Briefs,Casenotes,Aspen Publishing,1994    ,Economics and Business,978-1454848981,19
2792,Managing change,Todd Jick,Pearson,1993    ,Economics and Business,978-0072485967,16
2793,Foundations of financial management,Stanley B. Block,McGraw-Hill,1978    ,Economics and Business,978-1259647246,9
2794,Financial Accounting in an Economic Context,Jamie Pratt,Wiley,1994    ,Economics and Business,978-1118544334,5
2795,Three Genres,Stephen Minot,Pearson,1965    ,Economics and Business,978-0205012756,20
2796,Reframing Organizations,Lee G. Bolman,Jossey-Bass,1991    ,Economics and Business,978-1118573037,10
2797,The Candlestick Course,Steve Nison,Wiley,2003    ,Economics and Business,978-0471227281,14
2798,Andrew Carnegie and the rise of big business,Harold C. Livesay,Pearson / Longman,1975    ,Economics and Business,978-0321432872,9
2799,Superfund,United States. General Accounting Office,(Thường là ấn bản của chính phủ - EPA),1987    ,Economics and Business,978-1428938175,7
2800,Environmental economics,Barry C. Field,Oxford University Press / McGraw-Hill,1979    ,Economics and Business,978-0078021893,4
2801,The little book that still beats the market,Joel Greenblatt,Wiley,2010    ,Economics and Business,978-0470624159,3
2802,Reading price charts bar by bar,Al Brooks,Wiley,2009    ,Economics and Business,978-0470443743,18
2803,Originals,Adam M. Grant,Viking,2016    ,Economics and Business,978-0143128854,14
2804,Lords of finance,Liaquat Ahamed,Penguin Press,2009    ,Economics and Business,978-0143116806,18
2805,The automatic millionaire,David Bach,Broadway Books,2003    ,Economics and Business,978-0767923828,11
2806,Managing innovation,Joseph Tidd,Wiley,1997    ,Economics and Business,978-1118360637,18
2807,Napoleon Hill's Keys to Success,Napoleon Hill,Dutton,1994    ,Economics and Business,978-0452272811,11
2808,The mushroom at the end of the world,Anna Lowenhaupt Tsing,Princeton University Press,2015    ,Economics and Business,978-0691178325,12
2809,Martha Stewart's Homekeeping Handbook,Martha Stewart,Clarkson Potter,2006    ,Economics and Business,978-0517596999,4
2810,The next millionaire next door,Thomas J. Stanley,Lyon Press,2018    ,Economics and Business,978-1493035359,20
2811,Strategic Planning for Public Relations,Ronald D. Smith,Routledge,2002    ,Economics and Business,978-1138282063,6
2812,Toyota Production System,Taiichi Ohno,Productivity Press,1988    ,Economics and Business,978-08 productivity-press,2
2813,Winners Take All,Anand Giridharadas,Knopf,2018    ,Economics and Business,978-1101972670,6
2814,The Social Contract and Discourses,Jean-Jacques Rousseau,Everyman's Library / Penguin Classics,1913    ,Economics and Business,978-0460873574,18
2815,"The Lexus and The Olive Tree, Revised Edition",Thomas L. Friedman,"Farrar, Straus and Giroux",1999    ,Economics and Business,978-0385499033,12
2816,How to Get Your Point Across in 30 Seconds or Less,Milo O. Frank,Pocket Books,1986    ,Economics and Business,978-0671727093,10
2817,The Perfect Hope,Nora Roberts,Jove,2001    ,Economics and Business,978-0425246047,1
2818,Advanced accounting,Floyd A. Beams,Pearson / McGraw-Hill,1979    ,Economics and Business,978-0134472140,1
2819,Men and women of the corporation,Rosabeth Moss Kanter,Basic Books,1977    ,Economics and Business,978-0465044542,5
2820,Everybody Lies,Seth Stephens-Davidowitz,HarperCollins,2017    ,Economics and Business,978-0062390869,11
2821,Too Big to Fail,Andrew Ross Sorkin,Viking,2009    ,Economics and Business,978-0143118244,8
2822,Selective Forex trading,Don Snellgrove,Wiley,2008    ,Economics and Business,978-0470120200,2
2823,The Bogleheads' guide to investing,Taylor Larimore,Wiley,2006    ,Economics and Business,978-1118921289,5
2824,Uncanny Valley,Anna Wiener,"MCD / Farrar, Straus and Giroux",2020    ,Economics and Business,978-0374278014,19
2825,The Billion-Dollar Bride,Kay Thorpe,Harlequin,2005    ,Economics and Business,978-0373127399,6
2826,The great illusion,Norman Angell,Heinemann,1909    ,Economics and Business,978-1602061613,13
2827,Cribsheet,Emily Oster,Penguin Press,2019    ,Economics and Business,978-0525559276,6
2828,The Unicorn Project,Gene Kim,IT Revolution Press,2019    ,Economics and Business,978-1942788768,10
2829,Thriving on chaos,Thomas J. Peters,Knopf,1987    ,Economics and Business,978-0060971847,15
2830,Medicare,United States. General Accounting Office,U.S. Govt. Printing Office,1986    ,Economics and Business,978-1428941786,15
2831,The art of the long view,Peter Schwartz,Currency,1991    ,Economics and Business,978-0385267328,13
2832,"Relationships 101 (Maxwell, John C.)",John C. Maxwell,Thomas Nelson,2004    ,Economics and Business,978-0785263517,19
2833,Wildest Hearts,Jayne Ann Krentz,Pocket Books,1993    ,Economics and Business,978-0671728571,13
2834,Start Your Own Corporation,Garrett Sutton,RDA Press,2012    ,Economics and Business,978-1937832001,9
2835,How to be an overnight success,Maria Hatzistefanis,Penguin,2017    ,Economics and Business,978-1785037320,5
2836,Who Rules America? Power and Politics,G. William Domhoff,McGraw-Hill / Routledge,1967    ,Economics and Business,978-0078026713,10
2837,The polyester prince,Hamish McDonald,Allen & Unwin,1998    ,Economics and Business,978-1760636838,16
2838,Logistica,Ronald H Ballou,McGraw-Hill (Thường là bản tiếng Tây Ban Nha),2008    ,Economics and Business,978-8576050308,11
2839,English housewifery exemplified,Elizabeth Moxon,(Sách cổ - nhiều bản in lại),1749    ,Economics and Business,978-1108064248,6
2840,Lingering Shadows,Penny Jordan,(Tùy tác giả - thường là truyện lãng mạn),1992    ,Economics and Business,978-0263126907,13
2841,Food for love,Rachel Lindsay,(Tùy tác giả - thường là sách nấu ăn/tiểu thuyết),1974    ,Economics and Business,978-0373023028,20
2842,David Harum,Edward Noyes Westcott,D. Appleton & Company,1898    ,Economics and Business,978-0486246543,3
2843,Human Action,Ludwig von Mises,Yale University Press / Ludwig von Mises Inst.,1949    ,Economics and Business,978-1610161459,1
2844,Nice Girls Don't Get Rich,Lois P. Frankel,Business Plus,2005    ,Economics and Business,978-0446692731,7
2845,Slow Productivity,Cal Newport,Portfolio,2024    ,Economics and Business,978-0593544853,5
2846,Business research methods,William G. Zikmund,Oxford University Press / McGraw-Hill,1984    ,Economics and Business,978-1111826925,8
2847,Material world,Peter Menzel,Sierra Club Books,1994    ,Economics and Business,978-0871564306,14
2848,Tourism,Charles R. Goeldner,Wiley / Pearson,2003    ,Economics and Business,978-0470084595,10
2849,The Energy Bus,Jon Gordon,Wiley,2007    ,Economics and Business,978-0470100288,2
2850,Training in organizations,Irwin L. Goldstein,Cengage Learning,1986    ,Economics and Business,978-0534345540,4
2851,The art of frugal hedonism,Annie Raser-Rowland,Melville House,2016    ,Economics and Business,978-1925333435,3
2852,Aspek hukum dalam bisnis,Richard Burton Simatupang,(Thường của tác giả Indonesia - PT. Citra Aditya),2009    ,Economics and Business,978-9795186588,20
2853,国立 国会 図書館 所蔵 明治期 刋行 図書 マイクロ版 集成,Kokuritsu Kokkai Toshokan (Japan),National Diet Library (Nhật Bản),1991    ,Economics and Business,978-4875823452,6
2854,Accounting for dummies,John A. Tracy,For Dummies (Wiley),1997    ,Economics and Business,978-1119273752,20
2855,Financial management,United States. General Accounting Office,Pearson / McGraw-Hill,1987    ,Economics and Business,978-1422320471,8
2856,Creating a World Without Poverty,Muhammad Yunus,PublicAffairs,1999    ,Economics and Business,978-1586486679,5
2857,Dead aid,Dambisa Moyo,"Farrar, Straus and Giroux",2009    ,Economics and Business,978-0374532123,11
2858,IBM and the Holocaust,Edwin Black,Crown,2001    ,Economics and Business,978-0914153276,5
2859,Foundation quantitative methods for business,Mik Wisniewski,Pearson,1996    ,Economics and Business,978-0273730750,16
2860,The theory of business enterprise 1904,Thorstein Veblen,Charles Scribner's Sons,1904    ,Economics and Business,978-1420951332,17
2861,The Gift,Lewis Hyde,Lewis Hyde (Vintage) / Mauss (Routledge),1983    ,Economics and Business,978-0307279507,15
2862,Economics for dummies,Sean Masaki Flynn,For Dummies (Wiley),2005    ,Economics and Business,978-1119476382,7
2863,Steal the Show,Michael Port,Houghton Mifflin Harcourt,2015    ,Economics and Business,978-0544555181,9
2864,The strange death of Europe,Douglas Murray,Bloomsbury,2017    ,Economics and Business,978-1472942241,18
2865,Empire of cotton,Sven Beckert,Knopf,2004    ,Economics and Business,978-0375713965,1
2866,Where Are the Customer's Yachts?,Fred Schwed,Wiley,1940    ,Economics and Business,978-0471770893,18
2867,Theorie der wirtschaftlichen Entwicklung,Joseph Alois Schumpeter,Duncker & Humblot,1912    ,Economics and Business,978-3428013883,17
2868,The Book on Rental Property Investing: How to Create Wealth and Passive Income Through Intelligent Buy & Hold Real Estate Investing!,Brandon Turner,BiggerPockets Publishing,2015    ,Economics and Business,978-0990711797,11
2869,The great hunger,Cecil Woodham Smith,Hamish Hamilton / Penguin,1962    ,Economics and Business,978-0140145151,13
2870,Thanks for the Feedback,Douglas Stone,Viking,2014    ,Economics and Business,978-0143127130,13
2871,"The Kenya bribery index, 2002",Không rõ,Transparency International Kenya,2002    ,Economics and Business,978-9966969859,16
2872,Leadership,Richard L. Hughes,(Nhiều tác giả - Thường là của James MacGregor Burns),1993    ,Economics and Business,978-0078112652,3
2873,Management,Peter F. Drucker,Pearson / Wiley / McGraw-Hill,1973    ,Economics and Business,978-0061252662,12
2874,Start-Up Nation,Dan Senor,Twelve,2009    ,Economics and Business,978-0446541473,4
2875,Cuando el dinero falla,Mary Stewart Relfe,(Thường là sách về kinh tế/lạm phát),1985    ,Economics and Business,978-0938342014,14
2876,Trade policy review,World Trade Organization,World Trade Organization (WTO),1995    ,Economics and Business,978-9287038388,12
2877,Financial management in the Philippine setting,Cesar G. Saldaña,Rex Bookstore,1985    ,Economics and Business,978-9719114704,2
2878,Tribes,Seth Godin,Portfolio,2008    ,Economics and Business,978-1591842330,10
2879,The accidental superpower,Peter Zeihan,Twelve,2014    ,Economics and Business,978-1455583683,1
2880,Mightier than the Sword,Jeffrey Archer,PublicAffairs,2015    ,Economics and Business,978-1250034502,5
2881,Ekonomi pembangunan,Mudrajad Kuncoro,(Thường là bản dịch của Michael Todaro - Erlangga),1997    ,Economics and Business,978-9790610361,19
2882,Make Today Count,John C. Maxwell,Center Street,2008    ,Economics and Business,978-1599950815,9
2883,The Mistress Purchase,Penny Jordan,Harlequin,2004    ,Economics and Business,978-0373125678,15
2884,Lives of the Stoics,Ryan Holiday,Portfolio,2020    ,Economics and Business,978-0525541875,1
2885,Crafting and executing strategy,Arthur A. Thompson,McGraw-Hill Education,2004    ,Economics and Business,978-0078029578,17
2886,The go-giver,Bob Burg,Portfolio,2007    ,Economics and Business,978-1591848288,17
2887,A Brief History of Neoliberalism,David Harvey,Oxford University Press,2005    ,Economics and Business,978-0199283279,12
2888,The art of speedreading people,Paul D. Tieger,"Little, Brown",1998    ,Economics and Business,978-0316845182,20
2889,100 great businesses and the minds behind them,Emily Ross,Black Dog & Leventhal,2005    ,Economics and Business,978-1847240323,4
2890,American Kingpin,Nick Bilton,Portfolio,2017    ,Economics and Business,978-1591848141,7
2891,B-2 bomber,United States. General Accounting Office,(Ấn phẩm quân sự hoặc của Schiffer Publishing),1990    ,Economics and Business,978-1428932647,4
2892,How Successful People Think,John C. Maxwell,Center Street,2009    ,Economics and Business,978-1599951683,8
2893,Business Japanese,Không rõ,Kodansha,1987    ,Economics and Business,978-0844283579,3
2894,Maid,Stephanie Land,Legacy Lit / Hachette,2019    ,Economics and Business,978-0316505116,13
2895,Scaling Up,Verne Harnish,Gazelles Inc.,2014    ,Economics and Business,978-0986019524,9
2896,War is a racket,Smedley D. Butler,Round Table Press,1935    ,Economics and Business,978-1603500005,16
2897,Enterprise systems for management,Luvai F. Motiwalla,Pearson,2008    ,Economics and Business,978-0132145336,15
2898,Patterns of Enterprise Application Architecture,Martin Fowler,Addison-Wesley,2002    ,Economics and Business,978-0321127426,14
2899,Strategic management and competitive advantage,Jay B. Barney,Pearson,2007    ,Economics and Business,978-0133127409,1
2900,The Man Who Solved the Market,Gregory Zuckerman,Portfolio,,Economics and Business,978-0735217980,4
2901,The wedding night,Jayne Ann Krentz,HarperCollins / Mills & Boon,1991    ,Economics and Business,978-0515121018,2
2902,The Art of the Start,Guy Kawasaki,Portfolio (Penguin Random House),2004    ,Economics and Business,978-1591840565,11
2903,The Future Is Faster Than You Think,Peter H. Diamandis,Simon & Schuster,2020    ,Economics and Business,978-1982112066,3
2904,New Trading Systems and Methods,Perry J. Kaufman,Wiley,1998    ,Economics and Business,978-1118443910,3
2905,Introduction to operations research,Frederick S. Hillier,McGraw-Hill,1967    ,Economics and Business,978-0073523453,19
2906,Benjamin Graham on investing,Benjamin Graham,McGraw-Hill,2009    ,Economics and Business,978-0071621427,3
2907,Development Economics,Debraj Ray,Princeton University Press / Pearson,1998    ,Economics and Business,978-0691017068,14
2908,Essentials of management information systems,Kenneth C. Laudon,Pearson,1995    ,Economics and Business,978-0133576849,6
2909,Critique of the Gotha program,Karl Marx,International Publishers / Progress Publishers,1918    ,Economics and Business,978-0717801312,6
2910,Rich dad's conspiracy of the rich,Robert T. Kiyosaki,Grand Central Publishing,2009    ,Economics and Business,978-0446559805,18
2911,Business law,Keith Abbott,Pearson / McGraw-Hill,1982    ,Economics and Business,978-1844804610,4
2912,Quality Is Free,Philip B. Crosby,McGraw-Hill,1979    ,Economics and Business,978-0451625816,11
2913,Essay on the principle of population,Thomas Robert Malthus,Johnson (Original) / Penguin Classics,1798    ,Economics and Business,978-0140432060,4
2914,The management of business logistics,John Joseph Coyle,South-Western College Pub,1976    ,Economics and Business,978-0314065514,10
2915,Entrepreneurial financial management,Jeffrey R. Cornwall,M.E. Sharpe / Routledge,2015    ,Economics and Business,978-1138943803,7
2916,The Definitive Guide to DAX,Marco Russo,Microsoft Press,2015    ,Economics and Business,978-1509306978,9
2917,The Age of Capital,Eric Hobsbawm,Weidenfeld & Nicolson / Vintage,1975    ,Economics and Business,978-0679751267,4
2918,Idylls,Theocritus,Penguin Classics,1545    ,Economics and Business,978-0140448511,14
2919,Management and cost accounting,Colin Drury,Cengage / Pearson,1900    ,Economics and Business,978-1473748873,15
2920,The Power of Broke,Daymond John,Crown Business,2016    ,Economics and Business,978-1101903599,3
2921,The accumulation of capital,Rosa Luxemburg,Routledge Classics,1913    ,Economics and Business,978-0415304450,13
2922,Company of One,Paul Jarvis,Houghton Mifflin Harcourt,2019    ,Economics and Business,978-1328927668,5
2923,Designing brand identity,Alina Wheeler,Wiley,2003    ,Economics and Business,978-1118099209,20
2924,Mastering the Rockefeller Habits,Verne Harnish,SelectBooks,2002    ,Economics and Business,978-0972254021,3
2925,UMKM di Indonesia,Tulus Tambunan,LP3ES (Nhà xuất bản tại Indonesia),2009    ,Economics and Business,978-9793330839,6
2926,The 10 Essentials of Forex Trading,Jared Martinez,McGraw-Hill,2007    ,Economics and Business,978-0071478779,10
2927,All marketers are liars,Seth Godin,Portfolio (Penguin),2005    ,Economics and Business,978-1591845331,20
2928,End of the World Is Just the Beginning,Peter Zeihan,Harper Business,2022    ,Economics and Business,978-0063230477,9
2929,Salt Sugar Fat,Michael Moss,Random House,2013    ,Economics and Business,978-0812982190,12
2930,The Bible of Options Strategies,Guy Cohen,FT Press (Pearson),2005    ,Economics and Business,978-0134316659,10
2931,India unbound,Gurcharan Das,Alfred A. Knopf / Penguin,2000    ,Economics and Business,978-1400030385,19
2932,Advanced Selling Strategies,Brian Tracy,Simon & Schuster,1995    ,Economics and Business,978-0684824741,3
2933,The State of the World Atlas,Michael Kidron,Penguin Books,1981    ,Economics and Business,978-0142003053,20
2934,Business and Society,Anne T. Lawrence,McGraw-Hill / Sage,1995    ,Economics and Business,978-1259315411,18
2935,The business of fashion,Leslie Davis Burns,Fairchild Books,1997    ,Economics and Business,978-1501315428,14
2936,Business concepts for English practice,Barbara Tolley Dowling,Newbury House,1982    ,Economics and Business,978-0838421888,14
2937,Cover of Night,Linda Howard,Ballantine Books,2006    ,Economics and Business,978-0345486509,6
2938,Transnational management,Christopher A. Bartlett,Cambridge University Press / McGraw-Hill,1992    ,Economics and Business,978-1108422475,6
2939,Economic Trends,Office for National Statistics,Office for National Statistics (UK),2003    ,Economics and Business,978-0230574168,6
2940,The Tightwad gazette,Amy Dacyczyn,Villard,1992    ,Economics and Business,978-0375752254,14
2941,Six Centuries of Work and Wages,James E. Thorold Rogers,Swan Sonnenschein (Original) / Allen & Unwin,1884    ,Economics and Business,978-1108035651,13
2942,Communication between cultures,Larry A. Samovar,Cengage Learning,1991    ,Economics and Business,978-1285444628,7
2943,The Deficit Myth,Stephanie Kelton,PublicAffairs,2020    ,Economics and Business,978-1541736184,16
2944,Energy in world history,Vaclav Smil,Westview Press,1994    ,Economics and Business,978-0813319025,10
2945,Who,Geoff Smart,Ballantine Books,2008    ,Economics and Business,978-0345504197,10
2946,Méditerranée et le monde méditerranéen à l'époque de Philippe II,Fernand Braudel,Armand Colin (Bản gốc tiếng Pháp),1949    ,Economics and Business,978-2253061687,1
2947,"The Third Reich in power, 1933-1939",Sir Richard J. Evans FBA FRSL FRHistS,Penguin Press,2005    ,Economics and Business,978-0143037903,8
2948,The advanced theory of statistics,Maurice G. Kendall,Griffin / Wiley,1943    ,Economics and Business,978-0852642856,18
2949,Sustainability Principles and Practice,Margaret Robertson,Routledge,2014    ,Economics and Business,978-1138650244,14
2950,Never Eat Alone,Keith Ferrazzi,Currency / Portfolio,2005    ,Economics and Business,978-0385512053,10
2951,Search inside yourself,Chade-Meng Tan,HarperOne,2012    ,Economics and Business,978-0062116932,13
2952,Basic Marketing Case Book,E. Jerome McCarthy,McGraw-Hill / Irwin,1960    ,Economics and Business,978-0256034172,4
2953,"The Saint, the Surfer, and the CEO",Robin S. Sharma,Hay House,2002    ,Economics and Business,978-1401900175,19
2954,Marx,Peter Singer,Oxford University Press (Past Masters),1980    ,Economics and Business,978-0192850331,3
2955,The business of the 21st century,Robert T. Kiyosaki,DreamBuilders / Manjul,2009    ,Economics and Business,978-1612680057,13
2956,Small business for dummies,Eric Tyson,Wiley,1998    ,Economics and Business,978-1119430353,8
2957,Quando deixamos de entender o mundo,Benjamín Labatut,Todavia (Bản tiếng Bồ Đào Nha),2019    ,Economics and Business,978-8433999107,3
2958,How to make millions with your ideas,Dan S. Kennedy,Plume,1996    ,Economics and Business,978-0452273160,6
2959,Chaos monkeys,Antonio Garcia Martinez,HarperCollins,2016    ,Economics and Business,978-0062458209,12
2960,Starting a business for dummies,Colin Barrow,Wiley,2011    ,Economics and Business,978-1118835159,6
2961,Buyology,Martin Lindström,Currency / Doubleday,2008    ,Economics and Business,978-0385523882,17
2962,ADVANCES IN MERGERS AND ACQUISITIONs,Sydney Finkelstein,Emerald Publishing,2004    ,Economics and Business,978-1848558489,2
2963,Collected Works,Karl Marx,(Tùy tác giả - thường là Lawrence & Wishart cho Marx/Engels),1986    ,Economics and Business,978-0717804177,2
2964,The little book of valuation,Aswath Damodaran,Wiley,2011    ,Economics and Business,978-1118004777,4
2965,Budget issues,United States. General Accounting Office,U.S. Government Accountability Office,1986    ,Economics and Business,978-1428935419,8
2966,ECONOMIA POLITICA Manual de economía política,Juan Bautista Rivarola Paoli,Akal / Siglo XXI,1984    ,Economics and Business,978-9502315751,3
2967,Boomerang,Michael Lewis,W. W. Norton & Company,2011    ,Economics and Business,978-0393343441,17
2968,Inspecting post-16,Ofsted.,OFSTED,2001    ,Economics and Business,978-0113224739,14
2969,The anti-politics machine,James Ferguson,Cambridge University Press,1990    ,Economics and Business,978-0816624379,8
2970,Tools for Conviviality,Ivan Illich,Harper & Row,1973    ,Economics and Business,978-0060803087,19
2971,Value proposition design,Alexander Osterwalder,Wiley,2014    ,Economics and Business,978-1118968055,6
2972,Industrial market structure and economic performance,F. M. Scherer,Houghton Mifflin,1970    ,Economics and Business,978-0395357149,18
2973,Texas! Sage,Sandra Brown,Harlequin / Mira,1991    ,Economics and Business,978-0373484218,11
2974,Never eat alone,Keith Ferrazzi,Currency / Portfolio (Trùng lặp mục 50),2005    ,Economics and Business,978-0385512053,1
2975,The outsiders,William Thorndike,Viking Press / Penguin,2012    ,Economics and Business,978-1422162675,13
2976,My Life in Full,Indra Nooyi,Portfolio,2021    ,Economics and Business,978-0593191798,12
2977,Work Rules! Insights from Inside Google That Will Transform How You Live and Lead,Laszlo Bock,Twelve (Hachette),2015    ,Economics and Business,978-1455554799,1
2978,A Whole New Mind,Daniel H. Pink,Riverhead Books,2005    ,Economics and Business,978-1594481710,5
2979,The third door,Alex Banayan,Currency,2018    ,Economics and Business,978-1524762094,15
2980,Surrender to the Past,Carole Mortimer,Harlequin,2011    ,Economics and Business,978-0373114924,10
2981,An inquiry into the nature and causes of the wealth of nations,Adam Smith,Strahan and Cadell (Gốc) / Penguin Classics,1784    ,Economics and Business,978-0226763743,1
2982,The Oz principle,Roger Connors,Portfolio,1994    ,Economics and Business,978-1591843481,12
2983,SUPPLY AND DEMAND TRADING,Frank Miller,(Thường là sách tự xuất bản/Independently published),2022    ,Economics and Business,978-1544243641,19
2984,Case in point,Marc Cosentino,Burgee Press,2010    ,Economics and Business,978-0986367755,5
2985,Miss Beecher's domestic receipt book,Catharine Esther Beecher,Harper & Brothers,1846    ,Economics and Business,978-1108076593,8
2986,High Probability trading,Marcel Link,McGraw-Hill,2003    ,Economics and Business,978-0071381567,4
2987,Multiple Streams of Income,Robert G. Allen,Wiley,2000    ,Economics and Business,978-0471655749,11
2988,Les fondements de l'analyse économique,Paul Anthony Samuelson,Dunod / Harvard University Press,1947    ,Economics and Business,978-2100494576,18
2989,WORDS THAT WORK,Frank I. Luntz,Hyperion,2007    ,Economics and Business,978-1401302597,19
2990,Hombres De Maiz / Men of Maize (Biblioteca De Autor / Author Library),Miguel Ángel Asturias,Editorial Losada / Penguin,1949    ,Economics and Business,978-8437611891,15
2991,How to Write Emails That Sell,Matt Bacak,(Thường là tự xuất bản hoặc qua các khóa học Digital Marketing),2021    ,Economics and Business,978-1614480938,18
2992,Kotler : Marketing Management_p4,Phil T. Kotler,Pearson,2019    ,Economics and Business,978-0136009986,13
2993,Econometric analysis,"Greene, William H.",Pearson / Prentice Hall,1990    ,Economics and Business,978-0130661890,11
2994,Marx’s Concept of Man,Erich Fromm,Frederick Ungar Publishing,1741    ,Economics and Business,978-0804461610,4
2995,The Complete TurtleTrader,Michael W. Covel,Collins Business,2007    ,Economics and Business,978-0061241710,3
2996,Summary of the Hard Thing about Hard Things,Instaread Summaries,(Thường là Instaread / QuickRead),2014    ,Economics and Business,978-1502570857,3
2997,Manhunting,Jennifer Crusie,Harlequin,1994    ,Economics and Business,978-0373250288,3
2998,"Essentials of Treasury Management, 7th Edition",Guy Voizey,Association for Financial Professionals (AFP),2022    ,Economics and Business,978-0692138946,6
2999,Social security,United States. General Accounting Office,U.S. Social Security Administration / various academic,1986    ,Economics and Business,978-1428935433,5
3000,Bookkeeping for dummies,Lita Epstein,Wiley,2011    ,Economics and Business,978-1119861218,9
3001,Crushing it!,Gary Vaynerchuk,HarperCollins,2018    ,Economics and Business,978-0062674678,7
3002,Aviation safety,United States. General Accounting Office,McGraw-Hill,1986    ,Economics and Business,978-1428931107,6
3003,A treatise on arithmetic,J. Hamblin Smith,(Nhiều bản - Thường là cổ điển/Public Domain),1877    ,Economics and Business,978-1178280623,1
3004,The theory of political economy,William Stanley Jevons,Macmillan (Original) / Penguin Classics,1871    ,Economics and Business,978-1605060477,9
3005,The impending crisis of the South: how to meet it,Hinton Rowan Helper,Burdick Brothers (Original) / Harper,1857    ,Economics and Business,978-0674445000,2
3006,Lawn Boy,Gary Paulsen,Wendy Lamb Books (Random House),1993    ,Economics and Business,978-0385746823,11
3007,The entrepreneur's guide to sewn product manufacturing,Kathleen Fasanella,Fashiondex,1998    ,Economics and Business,978-0966320855,16
3008,Decisive,Chip Heath,Crown Business,2013    ,Economics and Business,978-0307956392,14
3009,No Filter,Sarah Frier,Simon & Schuster,2020    ,Economics and Business,978-1982126834,11
3010,Personal Finance,Jack R. Kapoor,McGraw-Hill / Pearson,1988    ,Economics and Business,978-1260013993,20
3011,"Ekologi, lingkungan hidup, dan pembangunan",Otto Soemarwoto,Djambatan (Indonesia),1983    ,Economics and Business,978-9794280140,19
3012,Contemporary advertising,William F. Arens,McGraw-Hill,1993    ,Economics and Business,978-0078028953,2
3013,The Undercover Economist,Tim Harford,"Little, Brown / Oxford University Press",2005    ,Economics and Business,978-0195189773,6
3014,Successful interview skills,Rebecca Corfield,Kogan Page,1992    ,Economics and Business,978-0749456511,12
3015,The Half Has Never Been Told,Edward E. Baptist,Basic Books,2014    ,Economics and Business,978-0465049660,20
3016,"All you can do is all you can do, but all you can do is enough!",Art Williams,Williams & Wilkins,1989    ,Economics and Business,978-0449216125,8
3017,Critical thinking,Richard W. Paul,McGraw-Hill,1990    ,Economics and Business,978-0130647603,19
3018,La inteligencia emocional aplicada al liderazgo y a las organizaciones,Robert K. Cooper,Grupo Editorial Norma,1998    ,Economics and Business,978-8421908754,4
3019,The Colonel's Dream,Charles Waddell Chesnutt,"Doubleday, Page & Co.",1905    ,Economics and Business,978-0812218848,13
3020,Business communication,Kitty O. Locker,Pearson / McGraw-Hill,2001    ,Economics and Business,978-0073403151,2
3021,Children of the Matrix,David Icke,Bridge of Love,2001    ,Economics and Business,978-0953881024,4
3022,The Attention Merchants,Tim Wu,Alfred A. Knopf,2016    ,Economics and Business,978-0385352017,5
3023,History of economic thought,H. L. Bhatia,Routledge / Princeton University Press,1978    ,Economics and Business,978-8125918738,11
3024,Economics for today,Irvin B. Tucker,Cengage Learning,1997    ,Economics and Business,978-1337613040,6
3025,Basic business statistics,Mark L. Berenson,Pearson,1979    ,Economics and Business,978-0134684840,5
3026,Statistics for management and economics,Gerald Keller,Cengage Learning,1988    ,Economics and Business,978-1337093453,19
3027,The No Asshole Rule,Robert I. Sutton,Business Plus (Hachette),2007    ,Economics and Business,978-0446698207,8
3028,The coming of the Third Reich,Sir Richard J. Evans FBA FRSL FRHistS,Penguin Books,2003    ,Economics and Business,978-0143034698,4
3029,Policy paradox,Deborah Stone,W. W. Norton & Company,2012    ,Economics and Business,978-0393912722,9
3030,Japan,Edwin O. Reischauer,(Tùy tác giả - Thường là Lonely Planet/Oxford),1964    ,Economics and Business,978-0674471801,15
3031,Financial intelligence for entrepreneurs,Karen Berman,Harvard Business Review Press,2008    ,Economics and Business,978-1422119150,15
3032,The engineers and the price system,Thorstein Veblen,B.W. Huebsch (Original) / Routledge,1921    ,Economics and Business,978-1515286417,20
3033,The Collected Writings of John Maynard Keynes,John Maynard Keynes,Cambridge University Press,1971    ,Economics and Business,978-1107605930,13
3034,Beyond Entrepreneurship,James Collins,Prentice Hall / Portfolio,1995    ,Economics and Business,978-0130853332,16
3035,Shop class as soulcraft,Matthew B. Crawford,Penguin Press,2009    ,Economics and Business,978-0143117469,2
3036,Kukkwŏn hoebok undong,Korea (South). Kuksa Pʻyŏnchʻan Wiwŏnhoe,(Sách tiếng Hàn - Thường là NXB Chính phủ/Hàn Quốc),1993    ,Economics and Business,978-8982361623,1
3037,Imperial Germany and the industrial revolution,Thorstein Veblen,Macmillan / Viking,1915    ,Economics and Business,978-1420930726,18
3038,Research Methodology in Applied Economics,Don E. Ethridge,Iowa State University Press,1995    ,Economics and Business,978-0813829944,18
3039,Image économique des entreprises en 2005,"Côte d'Ivoire. République de la Côte d'Ivoire, union-discipline-travail. Ministère d'Etat, Ministère du Plan et du Dèveloppement",INSEE (Pháp),2008    ,Economics and Business,nan,4
3040,Financial statement analysis,Martin S. Fridson,Wiley / McGraw-Hill,1991    ,Economics and Business,978-0470635605,20
3041,Management and organisational behaviour,Laurie J. Mullins,Pearson,1985    ,Economics and Business,978-1292088488,11
3042,Business and administrative communication,Kitty O. Locker,McGraw-Hill,1989    ,Economics and Business,978-0073403250,16
3043,Hukum bisnis,Zaeni Asyhadie,(NXB tại Indonesia - ví dụ: PT RajaGrafindo),2005    ,Economics and Business,978-9797690229,9
3044,How to write a good advertisement,Victor O. Schwab,Schwab / Wilshire Book Co,1942    ,Economics and Business,978-1626549623,12
3045,Principles of dynamics,Donald T. Greenwood,Prentice Hall,1965    ,Economics and Business,978-0137099818,7
3046,Overcoming language barriers in television,Georg-Michael Luyken,(Thường là tài liệu nghiên cứu học thuật),1991    ,Economics and Business,978-0946899449,10
3047,Fashion Theory,Malcolm Barnard,Berg Publishers / Routledge,2014    ,Economics and Business,978-0415120616,20
3048,Brain of the firm,Stafford Beer,Wiley,1972    ,Economics and Business,978-0471943068,5
3049,Communication theories,Werner J. Severin,McGraw-Hill,1979    ,Economics and Business,978-0801330353,2
3050,Cupcake Diaries,Coco Simon,Simon & Schuster,2012    ,Economics and Business,978-1442403758,19
3051,Presentation Zen,Garr Reynolds,New Riders,2007    ,Economics and Business,978-0321811981,14
3052,Tribal leadership,David Logan,Collins Business,2007    ,Economics and Business,978-0061251321,10
3053,The personal branding phenomenon,Peter Montoya,Personal Branding Press,2002    ,Economics and Business,978-1930053182,3
3054,Powershift,Alvin Toffler,Currency,1990    ,Economics and Business,978-0553292152,11
3055,Business plans kit for dummies,Steven Peterson,Wiley,2001    ,Economics and Business,978-1119253419,1
3056,Day Trading and Swing Trading the Currency Market,Kathy Lien,Wiley,2008    ,Economics and Business,978-1119108412,16
3057,Civilization,Niall Ferguson,Penguin Books,2011    ,Economics and Business,978-0143121343,7
3058,Logistics and supply chain management,Martin Christopher,Financial Times Prentice Hall,2011    ,Economics and Business,978-1292083698,19
3059,"Options, futures, and other derivatives","Hull, John",Pearson,1997    ,Economics and Business,978-0133456318,1
3060,Die Verfassung der Allmende,Elinor Ostrom,Mohr Siebeck,1990    ,Economics and Business,978-3161469138,13
3061,Execution,Ram Charan,Crown Business,2002    ,Economics and Business,978-0609610572,13
3062,Warehouse management,Gwynne Richards,Kogan Page,2011    ,Economics and Business,978-0749479770,5
3063,Successful direct marketing methods,"Stone, Bob",McGraw-Hill,1975    ,Economics and Business,978-0071458290,9
3064,The Magic of Getting What You Want,David Joseph Schwartz,Thorsons,1983    ,Economics and Business,978-0688018177,11
3065,Loving Evangeline,Linda Howard,Silhouette / Harlequin,1994    ,Economics and Business,978-0373076079,20
3066,Economics of regulation and antitrust,W. Kip Viscusi,MIT Press,1992    ,Economics and Business,978-0262220750,6
3067,Theory Z,William G. Ouchi,Addison-Wesley,1981    ,Economics and Business,978-0380594511,10
3068,Edition 1,Thomson Gale,"(Đây thường là số phiên bản, không phải tên sách riêng biệt)",1989    ,Economics and Business,nan,8
3069,Business law in Zimbabwe,R. H. Christie,University of Zimbabwe Publications,1985    ,Economics and Business,978-0702146909,11
3070,World economic outlook,International Monetary Fund.,International Monetary Fund (IMF),1980    ,Economics and Business,978-1589060371,2
3071,ISO 9001,Ray Tricker,International Organization for Standardization,2005    ,Economics and Business,978-1138039124,2
3072,Managerial economics,Paul G. Keat,McGraw-Hill / Pearson,1992    ,Economics and Business,978-0133020267,11
3073,The One Minute Millionaire,Mark Victor Hansen,Harmony,2002    ,Economics and Business,978-0609609491,19
3074,The rise of modern Japan,W. G. (William G.) Beasley,St. Martin's Press,1990    ,Economics and Business,978-0312233730,8
3075,Today Matters,John C. Maxwell,Center Street,2004    ,Economics and Business,978-1931722520,15
3076,The cost of living,Arundhati Roy,Hamish Hamilton / Bloomsbury,1999    ,Economics and Business,978-0375756146,9
3077,Sweetness and power,Sidney Wilfred Mintz,Viking,1985    ,Economics and Business,978-0140092332,18
3078,Abundance,Peter H. Diamandis,Free Press,2012    ,Economics and Business,978-1451614213,9
3079,The Happiness Equation,Neil Pasricha,G.P. Putnam's Sons,2016    ,Economics and Business,978-0399169472,1
3080,"Principles of Managerial Finance, Brief",Lawrence J. Gitman,Pearson,1976    ,Economics and Business,978-0133547221,14
3081,Agency,William Gibson,Penguin,2020    ,Economics and Business,978-1101986936,11
3082,Console Wars,Blake J. Harris,HarperCollins,2014    ,Economics and Business,978-0062276704,11
3083,The beckoning lady,Margery Allingham,Chatto & Windus,1955    ,Economics and Business,978-1444738674,20
3084,Project Management,Samuel E. Portny,Wiley / McGraw-Hill,2002    ,Economics and Business,978-1119348900,17
3085,The Four,Scott Galloway,Portfolio,2017    ,Economics and Business,978-0735213654,14
3086,"A Treatise on Domestic Economy: For the Use of Young Ladies at Home, and at ..",Catharine Esther Beecher,"Thomas, Cowperthwait & Co.",1841    ,Economics and Business,978-1502574060,16
3087,Contemporary Strategy Analysis,Robert M. Grant,Wiley,2010    ,Economics and Business,978-1119120841,5
3088,Art of Money Getting,P. T. Barnum,(P.T. Barnum - Nhiều nhà xuất bản cổ điển),2004    ,Economics and Business,978-1515405023,15
3089,21st Century Nanoscience - a Handbook,Klaus D. Sattler,CRC Press,2019    ,Economics and Business,978-0815355830,20
3090,Business forecasting,John E. Hanke,Pearson,1981    ,Economics and Business,978-0132301206,5
3091,Articulating Design Decisions,Tom Greever,O'Reilly Media,2015    ,Economics and Business,978-1491901564,4
3092,Nuclear nonproliferation,United States. General Accounting Office,(Thường là tài liệu chính phủ/Học thuật),1986    ,Economics and Business,978-1428941014,13
3093,The Psychology of Trading,Brett N. Steenbarger,Wiley,2002    ,Economics and Business,978-0471267614,12
3094,Rise of the Robots,Martin Ford,Basic Books,1708    ,Economics and Business,978-0465097531,2
3095,Sales dogs,Blair Singer,Warner Business Books,2001    ,Economics and Business,978-1612680415,16
3096,Fundamental methods of mathematical economics,Alpha C. Chiang,McGraw-Hill,1967    ,Economics and Business,978-0070108141,2
3097,Trillion Dollar Coach,Eric Schmidt,Harper Business,2019    ,Economics and Business,978-0062839268,14
3098,Soft Skills,John Z. Sonmez,Manning Publications,2015    ,Economics and Business,978-1617292392,4
3099,Business analysis,James Cadle,"BCS, The Chartered Institute for IT",2010    ,Economics and Business,978-1780172774,3
3100,The American Woman\'s Home,Catharine Esther Beecher,J.B. Ford & Co.,1869    ,Economics and Business,978-1108076609,3
3101,Wirtschaftsgeschichte,Max Weber,Springer / Mohr Siebeck,1923    ,Economics and Business,978-3161476310,17
3102,This time is different,Carmen M. Reinhart,Princeton University Press,2009    ,Economics and Business,978-0691152646,9
3103,Accounting information systems,George H. Bodnar,Pearson / Wiley,1980    ,Economics and Business,978-0132968133,6
3104,Scale,Geoffrey West,Penguin Press,2015    ,Economics and Business,978-0143110903,10
3105,Succeed and Grow Rich Through Persuasion,Napoleon Hill,Signet / Napoleon Hill Foundation,1970    ,Economics and Business,978-1510738416,3
3106,Learning with cases,Louise A. Mauffette-Leenders,Ivey Publishing,2001    ,Economics and Business,978-0969533245,8
3107,The journalist and the murderer,Janet Malcolm,Knopf / Vintage,1990    ,Economics and Business,978-0679731832,11
3108,Digital gold,Nathaniel Popper,HarperCollins,2015    ,Economics and Business,978-0062362506,3
3109,Hatching Twitter,Nick Bilton,Portfolio / Penguin,2013    ,Economics and Business,978-1591847083,13
3110,Reclaiming Conversation,Sherry Turkle,Penguin Books,2015    ,Economics and Business,978-0143109792,16
3111,Hester,Margaret Oliphant,Viking / Penguin,1883    ,Economics and Business,978-0192837363,4
3112,The bottom billion,Paul Collier,Oxford University Press,2007    ,Economics and Business,978-0195373387,1
3113,Leadership In Turbulent Times,Doris Kearns Goodwin,Simon & Schuster,2018    ,Economics and Business,978-1501139154,3
3114,Reefer Madness,Eric Schlosser,Houghton Mifflin Harcourt,2003    ,Economics and Business,978-0618446704,6
3115,A History of US-All the People 1945-1996 #10,Joy Hakim,Oxford University Press,1993    ,Economics and Business,978-0195153378,1
3116,Single & single,John le Carré,Scribner / Hodder & Stoughton,1999    ,Economics and Business,978-0671040383,9
3117,Slappy's tales of horror,Jamie Tolagson,Scholastic Inc.,2015    ,Economics and Business,978-1338029376,4
3118,Aspects économiques du projet souverainiste,Không rõ,Libre Expression,1990    ,Economics and Business,nan,8
3119,Essai politique sur le royaume de la Nouvelle-Espagne,Alexander von Humboldt,Oxford University Press / UT Press,1811    ,Economics and Business,978-1108027731,8
3120,Trust,Francis Fukuyama,Riverhead Books / Viking,1995    ,Economics and Business,978-0684825250,3
3121,Scout Mindset,Julia Galef,Portfolio / Penguin,2021    ,Economics and Business,978-0735217553,6
3122,The Concept of the Corporation,Peter F. Drucker,John Day Company / Transaction Pub,1946    ,Economics and Business,978-1560006251,13
3123,Memos from the Chairman,Alan C. Greenberg,Workman Publishing,1996    ,Economics and Business,978-0761103448,10
3124,High-Powered Investing All-In-One For Dummies (For Dummies (Business & Personal Finance)),Consumer Dummies,For Dummies (Wiley),2008    ,Economics and Business,978-1118724484,14
3125,When Mckinsey Comes to Town,Walt Bogdanich,Doubleday / Penguin Random House,2022    ,Economics and Business,978-0385546232,1
3126,International Bibliography of the Social Sciences,International C,Routledge,1969    ,Economics and Business,978-0415302630,14
3127,Investment Valuation,Aswath Damodaran,Wiley,2007    ,Economics and Business,978-1118011522,1
3128,Management Theory and Practice,Gerald A. Cole,Cengage Learning / McGraw-Hill,2011    ,Economics and Business,978-1473769359,18
3129,Financial markets and institutions,Jeff Madura,Pearson / McGraw-Hill,1989    ,Economics and Business,978-1133947875,3
3130,The Five Rules for Successful Stock Investing,Pat Dorsey,Morningstar (Wiley),2003    ,Economics and Business,978-0471683513,15
3131,Crashed,J. Adam Tooze,Viking / Adam Tooze,2018    ,Economics and Business,978-0143111702,8
3132,Business accounting,Frank Wood,Pearson (Frank Wood),1968    ,Economics and Business,978-1292208626,9
3133,Amerindians to Africans,R. Greenwood,Macmillan Caribbean,2003    ,Economics and Business,978-0333536094,16
3134,How to retire happy,Stan Hinden,Sourcebooks,2000    ,Economics and Business,978-0071739504,3
3135,Cost management,Don R. Hansen,McGraw-Hill / Cengage,1995    ,Economics and Business,978-1337115353,13
3136,Society in America,Harriet Martineau,Saunders and Otley / Routledge,1837    ,Economics and Business,978-1108003469,14
3137,Supply Chain Management,John T. Mentzer,Pearson / Prentice Hall,2001    ,Economics and Business,978-0761921110,14
3138,Auditing Fundamentals in a South African Context,Pieter von Wielligh,Oxford University Press,2019    ,Economics and Business,978-0199042616,14
3139,Marketing places,Philip Kotler,Free Press,1993    ,Economics and Business,978-0029175965,12
3140,When your money fails,Mary Stewart Relfe,Word Publishing,1981    ,Economics and Business,978-0938342007,8
3141,Production/operations management,William J. Stevenson,McGraw-Hill,1982    ,Economics and Business,978-0073377841,2
3142,The historic Thames,Hilaire Belloc,J.M. Dent / Library of Alexandria,1900    ,Economics and Business,978-1108051781,13
3143,Rich dad's Before you quit your job,Robert T. Kiyosaki,Warner Books / Plata Publishing,2006    ,Economics and Business,978-1612680583,20
3144,Perencanaan pembangunan,Bintoro Tjokroamidjojo,LP3ES (Indonesia),1977    ,Economics and Business,978-9793330655,12
3145,understanding business,William G. Nickels,McGraw-Hill,1999    ,Economics and Business,978-1259929458,20
3146,Walkable city,Jeff Speck,North Point Press,2012    ,Economics and Business,978-0865477728,2
3147,Time on the cross,Robert William Fogel,"Little, Brown / Norton",1974    ,Economics and Business,978-0393312188,3
3148,Marxism,Thomas Sowell,Oxford University Press,1985    ,Economics and Business,978-1138531772,10
3149,"La era de la información, Vol. 1",Manuel Castells,Alianza Editorial / Blackwell,1996    ,Economics and Business,978-8420677002,11
3150,Analytical Development Economics,Kaushik Basu,MIT Press,1997    ,Economics and Business,978-0262523455,5
3151,The most important thing,Howard Marks,Columbia Business School Publishing,2011    ,Economics and Business,978-0231153683,14
3152,Major Companies of Europe 2006: German (Major Companies of Europe: Vol. 3: Germany),Không rõ,Graham & Whiteside,2005    ,Economics and Business,978-1860994388,10
3153,"Money, sex & power",Richard J. Foster,Macmillan / Longman,1985    ,Economics and Business,978-0340375839,18
3154,Agricultural Relief,United States. Congress. House. Committee on Agriculture,Yale University Press,1971    ,Economics and Business,978-1236566416,11
3155,Design Thinking Research,Hasso Plattner,Springer,2012    ,Economics and Business,978-3642215322,8
3156,Getting started in chart patterns,Thomas N. Bulkowski,Wiley,2006    ,Economics and Business,978-1118859209,14
3157,Speeches,Fidel Castro,Penguin Classics / Oxford (tùy tác giả),1965    ,Economics and Business,978-1920888923,2
3158,Capital and Ideology,Thomas Piketty,Belknap Press (Harvard University Press),2010    ,Economics and Business,978-0674980822,4
3159,Marx para principiantes,Rius,Era / Writers & Readers,1972    ,Economics and Business,978-9505118748,16
3160,Foodservice organizations,Marian C. Spears,Pearson / Prentice Hall,1985    ,Economics and Business,978-0131140653,15
3161,The power of less,Leo Babauta,Hyperion,2009    ,Economics and Business,978-1401309701,5
3162,Bargaining for advantage,G. Richard Shell,Penguin Books,1999    ,Economics and Business,978-0143036982,11
3163,Distant neighbors,Alan Riding,Knopf / Vintage,1985    ,Economics and Business,978-0679727415,15
3164,Ethics and the conduct of business,John Raymond Boatright,Pearson,1993    ,Economics and Business,978-0205053421,11
3165,Man with a past,Jayne Ann Krentz,Harlequin / Silhouette,1985    ,Economics and Business,978-0373441587,6
3166,You can't teach a kid to ride a bike at a seminar,David H. Sandler,McGraw-Hill,1995    ,Economics and Business,978-0967179308,9
3167,On becoming a leader,Warren G. Bennis,Basic Books,1989    ,Economics and Business,978-0465014088,16
3168,It's Your Ship,D. Michael Abrashoff,Warner Books,2002    ,Economics and Business,978-1455523023,15
3169,I-Series,Stephen Haag,McGraw-Hill,2001    ,Economics and Business,978-0072834314,8
3170,The overspent American,Juliet Schor,Basic Books,1998    ,Economics and Business,978-0465053308,13
3171,Die Gabe,Marcel Mauss,Suhrkamp / Fischer,1950    ,Economics and Business,978-3518283431,9
3172,Hazardous waste,United States. General Accounting Office,McGraw-Hill / CRC Press,1985    ,Economics and Business,978-1428935471,19
3173,Smart choices,"Hammond, John S.",Harvard Business Review Press,1998    ,Economics and Business,978-1633690578,20
3174,Irrational exuberance,Robert J. Shiller,Princeton University Press,2000    ,Economics and Business,978-0691173122,20
3175,Turn The Ship Around!,L. David Marquet,Portfolio / Penguin,2001    ,Economics and Business,978-1591846406,9
3176,The quest for value,G. Bennett Stewart,Harper Business,1991    ,Economics and Business,978-0887304903,11
3177,Accidental mistress,Susan Napier,Harlequin,2008    ,Economics and Business,978-0373121540,4
3178,Managing business ethics,Linda Klebe Treviño,Wiley,1995    ,Economics and Business,978-1119253457,7
3179,The Advantage,Patrick Lencioni,Jossey-Bass (Wiley),2012    ,Economics and Business,978-0470941515,11
3180,Think Like a Rocket Scientist,Ozan Varol,PublicAffairs,2020    ,Economics and Business,978-1541762596,5
3181,The Unsettling of America,Wendell Berry,Sierra Club Books / Counterpoint,1977    ,Economics and Business,978-1578051304,12
3182,Texas! Trilogy  (Texas! Chase / Texas! Lucky / Texas! Sage),Sandra Brown,Fanfare / Bantam,1991    ,Economics and Business,978-0770435882,15
3183,Basic marketing research,Naresh K. Malhotra,Cengage / South-Western,2001    ,Economics and Business,978-0136069546,4
3184,Modern working capital management,Frederick C. Scherr,Prentice Hall,1989    ,Economics and Business,978-0135985090,3
3185,1977 census of manufactures,United States. Bureau of the Census,US Bureau of the Census,1979    ,Economics and Business,978-1243169365,14
3186,Power and interdependence,Robert O. Keohane,Longman / Pearson,1977    ,Economics and Business,978-0205082919,7
3187,Ebay for dummies,Marsha Collier,For Dummies (Wiley),2000    ,Economics and Business,978-1119260196,18
3188,Economic theory and operations analysis,William J. Baumol,Prentice-Hall,1961    ,Economics and Business,978-0132271240,20
3189,Capitalism,Ayn Rand,Penguin / Oxford,1967    ,Economics and Business,978-0451147950,16
3190,Fundamentals of Financial Management,Eugene F. Brigham,Cengage / South-Western,2009    ,Economics and Business,978-1337095754,17
3191,Principles of Microeconomics,Dirk Mateer,Pearson / McGraw-Hill / Cengage,2013    ,Economics and Business,978-0393283181,4
3192,Whitefern,V. C. Andrews,Pocket Books,2016    ,Economics and Business,978-1501103247,7
3193,Majipoor Chronicles,Robert Silverberg,Arbor House / Gollancz,1982    ,Economics and Business,978-0060149499,7
3194,Let's Get Real or Let's Not Play,Mahan Khalsa,Portfolio / Penguin,1999    ,Economics and Business,978-1591842255,10
3195,Carpentry and building construction,John Louis Feirer,Glencoe/McGraw-Hill,1976    ,Economics and Business,978-0078227028,20
3196,Bright-sided,Barbara Ehrenreich,Metropolitan Books,2009    ,Economics and Business,978-0312658854,14
3197,Business and its environment,David P. Baron,Pearson / Prentice Hall,1993    ,Economics and Business,978-0132620550,9
3198,Das Kapital [1/3],Karl Marx,Verlag von Otto Meissner / Penguin,1872    ,Economics and Business,978-3868200348,9
3199,The Human Past,Christopher Scarre,Thames & Hudson,2005    ,Economics and Business,978-0500293355,2
3200,The end of ideology,Daniel Bell,Free Press / Harvard University Press,1960    ,Economics and Business,978-0674004269,3
3201,For the Win,Cory Doctorow,Wharton School Press,2010    ,Economics and Business,978-0765322166,4
3202,International financial management,Jeff Madura,McGraw-Hill / Pearson,1986    ,Economics and Business,978-1133947837,11
3203,Come Sundown,Nora Roberts,St. Martin's Press,1998    ,Economics and Business,978-1250123077,13
3204,Market Wizards,Jack D. Schwager,Wiley / HarperBusiness,2006    ,Economics and Business,978-1118273050,2
3205,Banker to the Poor,Muhammad Yunus,PublicAffairs,1998    ,Economics and Business,978-1586481988,18
3206,Jony Ive,Leander Kahney,Portfolio / Penguin,2013    ,Economics and Business,978-1591846178,18
3207,Giants of Enterprise,Richard S. Tedlow,Harper Business,2001    ,Economics and Business,978-0066620367,18
3208,Han shu,"Ban, Gu",Zhonghua Book Company / Yale University Press,1888    ,Economics and Business,978-7101003055,8
3209,The data warehouse toolkit,Ralph  Kimball,Wiley,1996    ,Economics and Business,978-1118530801,1
3210,Influencing with integrity,Genie Z. Laborde,Syntony Publishing,1983    ,Economics and Business,978-0831400644,20
3211,[Preservation of forests.],United States. Congress. Senate. Committee on Agriculture and Forestry,Government Printing Office / Various,1888    ,Economics and Business,978-1240167234,2
3212,Soccernomics,Simon Kuper,Nation Books,2009    ,Economics and Business,978-1568587516,7
3213,White trash,Nancy Isenberg,Viking / Penguin,2016    ,Economics and Business,978-0143129677,6
3214,Research methods for business students,Mark Saunders,Pearson,2006    ,Economics and Business,978-1292208787,12
3215,The David Icke Guide to the Global Conspiracy,David Icke,Bridge of Love,2007    ,Economics and Business,978-0953881062,19
3216,Imperialism [and] Social classes; two essays,Joseph Alois Schumpeter,Meridian Books,1951    ,Economics and Business,978-0870001000,19
3217,Public Speaking for Success,Dale Carnegie,TarcherPerigee,2005    ,Economics and Business,978-1585424924,16
3218,An economic history of modern Britain,John Clapham,Cambridge University Press,1926    ,Economics and Business,978-1108003445,5
3219,Hold the dream,Barbara Taylor Bradford,Barbara Taylor Bradford (HarperCollins),1625    ,Economics and Business,978-0007137589,18
3220,Millionaire Success Habits,Dean Graziosi,Hay House,2016    ,Economics and Business,978-1684192076,1
3221,Milady's skin care and cosmetic ingredients dictionary,Natalia Michalun,Milady (Cengage),1994    ,Economics and Business,978-1435439665,12
3222,Power and prosperity,Mancur Olson,Basic Books,2000    ,Economics and Business,978-0465051960,8
3223,All you need to know about the music business,Donald S. Passman,Simon & Schuster,1991    ,Economics and Business,978-1501104862,11
3224,Trader Vic-- methods of a Wall Street master,Victor Sperandeo,Wiley,1993    ,Economics and Business,978-0471348085,3
3225,The Strategy and Tactics of Pricing,Thomas T. Nagle,Routledge / Pearson,1987    ,Economics and Business,978-1138737501,13
3226,Село Степанчиково и его обитатели,Фёдор Михайлович Достоевский,Penguin Classics / (Các NXB Nga),1920    ,Economics and Business,978-0140441642,15
3227,Predictably irrational,Dan Ariely,HarperCollins,2008    ,Economics and Business,978-0061353246,5
3228,China trade law,China.,Sijthoff & Noordhoff,1909    ,Economics and Business,978-9028603400,17
3229,How Music Got Free,Stephen Witt,Viking / Penguin,2015    ,Economics and Business,978-0143108061,19
3230,Study and Investigation of the National Defense Program in Its Relation to Small Business,United States. Congress. House. Select Committee to Conduct a Study and Survey of the National Defense Program in Its Relation to Small Business of the United States.,U.S. Government Printing Office,1973    ,Economics and Business,nan,12
3231,Osnovnye voprosy marksizma,Georgiĭ Valentinovich Plekhanov,(Các NXB Nga / Progress Publishers),1908    ,Economics and Business,978-5519451994,12
3232,English for Careers,Leila R. Smith,Pearson / Prentice Hall,1977    ,Economics and Business,978-0131140943,7
3233,Collected Works of John Stuart Mill,John M. Robson,University of Toronto Press,1873    ,Economics and Business,978-0802052445,7
3234,Brandwashed,Martin Lindstrom,Crown Business / Kogan Page,2011    ,Economics and Business,978-0385531733,20
3235,Pushing up people,Art Williams,Parkhurst Brook,1984    ,Economics and Business,978-0385494298,2
3236,The end of work,Jeremy Rifkin,Tarcher / Putnam,1995    ,Economics and Business,978-0874778243,5
3237,Introduction to Caribbean politics,Cynthia Barrow-Giles,Ian Randle Publishers,2002    ,Economics and Business,978-9766370251,17
3238,Self-government in industry,G. D. H. (George Douglas Howard) Cole,G. Bell and Sons / Routledge,1917    ,Economics and Business,978-1108003421,4
3239,Open Secrets,Alice Munro,Knopf / Vintage (Alice Munro),1994    ,Economics and Business,978-0679755623,13
3240,The go-getter,Peter B. Kyne,Cosmopolitan Book Corp / Raven's Ridge,1921    ,Economics and Business,978-1603862660,6
3241,Encyclopedia of candlestick charts,Thomas N. Bulkowski,Wiley,2008    ,Economics and Business,978-0470182017,17
3242,Release It!,Michael T. Nygard,Pragmatic Bookshelf,2012    ,Economics and Business,978-1680502398,7
3243,Empires of the mind,Denis Waitley,William Morrow / Alfred A. Knopf,1995    ,Economics and Business,978-0688147631,20
3244,Stanlake's Introductory Economics,G.F. Stanlake,Longman,2000    ,Economics and Business,978-0582405486,12
3245,Finance,Erik Banks,Pearson / Wiley / McGraw-Hill,2006    ,Economics and Business,978-1138302303,13
3246,Book of Questions,Gregory Stock,Workman Publishing,1987    ,Economics and Business,978-0761177319,8
3247,Tribe of Mentors,Timothy Ferriss,Houghton Mifflin Harcourt,2017    ,Economics and Business,978-1328994967,16
3248,The common people,G. D. H. (George Douglas Howard) Cole,Methuen / Phoenix,1938    ,Economics and Business,978-0416410402,17
3249,"Hope'93, farewell to poverty",M. K. O. Abiola,Precision Press,1993    ,Economics and Business,978-9783165311,14
3250,The making of economic society,Robert L. Heilbroner,Pearson / Prentice Hall,1962    ,Economics and Business,978-0136003137,2
3251,Moral Issues in Business (Non-InfoTrac Version),William H. Shaw,Cengage Learning,1989    ,Economics and Business,978-1285874265,8
3252,Multilateral development assistance and the environment,Không rõ,World Bank Publications,1987    ,Economics and Business,nan,6
3253,Managing the Non-Profit Organization Low Price CD,Peter F. Drucker,HarperBusiness,1990    ,Economics and Business,978-0060851149,2
3254,Great by choice,Jim Collins,Harper Business,2011    ,Economics and Business,978-0062120991,7
3255,Oversubscribed,Daniel Priestley,Piatkus / Wiley,2015    ,Economics and Business,978-0857088253,6
3256,The Concept of Corporate Strategy (I Don't Know What This Means),Kenneth Richmond Andrews,Dow Jones-Irwin,1971    ,Economics and Business,978-0256030365,8
3257,ACCOUNTING FOR NON-ACCOUNTANTS,Wayne A. Label,Sourcebooks,2006    ,Economics and Business,978-1402273056,12
3258,Kokoro,Lafcadio Hearn,Penguin Classics / Tuttle Publishing,1896    ,Economics and Business,978-0140445510,2
3259,Culture's consequences,Geert H. Hofstede,SAGE Publications,1980    ,Economics and Business,978-0803914445,17
3260,Flapper,Joshua Zeitz,Crown,2006    ,Economics and Business,978-1400080830,19
3261,"eWork and eBusiness in Architecture, Engineering and Construction",Manuel Martinez,CRC Press / Taylor & Francis,2004    ,Economics and Business,978-0415359382,9
3262,Business model generation,Alexander Osterwalder,Wiley,2010    ,Economics and Business,978-0470876411,11
3263,Setting the Table,Danny Meyer,HarperCollins,2006    ,Economics and Business,978-0060742317,16
3264,The Media Handbook,Helen Katz,Routledge,2003    ,Economics and Business,978-1138243385,11
3265,Nothing is true and everything is possible,Peter Pomerantsev,PublicAffairs / Faber & Faber,2012    ,Economics and Business,978-1610396004,12
3266,The Smartest Guys in the Room,Bethany McLean,Portfolio / Penguin,2003    ,Economics and Business,978-1591846604,5
3267,The Practice of Godliness,Jerry Bridges,NavPress,1983    ,Economics and Business,978-1631465970,13
3268,Protecting your #1 asset,Michael A. Lechter,Warner Books,2001    ,Economics and Business,978-0446678391,2
3269,When money dies,Adam Fergusson,PublicAffairs / Old Street Publishing,1975    ,Economics and Business,978-1586489946,20
3270,Sum of Us,Heather McGhee,One World,2021    ,Economics and Business,978-0525509561,8
3271,Deep Medicine,Eric J. Topol,Basic Books,2019    ,Economics and Business,978-1541644632,14
3272,Adam Smith Review,Fonna Forman,Routledge,2016    ,Economics and Business,978-1138221871,5
3273,My year in Iraq,L. Paul Bremer,Simon & Schuster,2006    ,Economics and Business,978-1416525653,16
3274,The richest man in Babylon,Robert B. Goodman,George S. Clason (various),1974    ,Economics and Business,978-1453664711,20
3275,The wealth and poverty of nations,David S. Landes,W. W. Norton & Company,1998    ,Economics and Business,978-0393318883,3
3276,Die Lage der arbeitenden Klasse in England,Friedrich Engels,Dietz Verlag / Oxford,1845    ,Economics and Business,978-0140444315,5
3277,Dig Your Well Before You're Thirsty,Harvey Mackay,Currency / Doubleday,1997    ,Economics and Business,978-0385485463,1
3278,Financial management and policy,James C. Van Horne,Prentice Hall,1968    ,Economics and Business,978-0130326577,9
3279,Tao of Coaching,Max Landsberg,Profile Books,1996    ,Economics and Business,978-1583331774,10
3280,Rules of Work,Richard Templar,Pearson,2003    ,Economics and Business,978-1292088020,1
3281,Human relations,Andrew J. DuBrin,McGraw-Hill / Pearson,1978    ,Economics and Business,978-0133506822,8
3282,"Hey, Whipple, squeeze this",Luke Sullivan,Wiley,2008    ,Economics and Business,978-1119164005,10
3283,Communicating for Results,Cheryl Hamilton,Oxford / Cengage,1982    ,Economics and Business,978-1305280267,18
3284,Rich dad's the business school,Robert T. Kiyosaki,Plata Publishing,2001    ,Economics and Business,978-1612680118,9
3285,Pastured Poultry Profits,Joel Salatin,Polyface,1993    ,Economics and Business,978-0963810908,19
3286,Nomadland,Jessica Bruder,W. W. Norton & Company,2017    ,Economics and Business,978-0393356311,19
3287,The decision book,Mikael Krogerus,W. W. Norton & Company,2011    ,Economics and Business,978-0393652369,6
3288,Management Challenges for the 21st Century,Peter F. Drucker,Harper Business,1999    ,Economics and Business,978-0060933517,5
3289,La societé de consommation,Jean Baudrillard,Gallimard / Sage,1970    ,Economics and Business,978-2070327744,5
3290,Human resource management,Greg L. Stewart,Pearson / McGraw-Hill,2008    ,Economics and Business,978-1119492665,11
3291,The Startup Owners Manual,Steve Blank and Bob Dorf,K & S Ranch,2012    ,Economics and Business,978-1119690726,9
3292,Essentials of agricultural economics,A. J. Adegeye,Pearson / Prentice Hall,1982    ,Economics and Business,978-9783141124,17
3293,Joshua Weissman,Joshua Weissman,Alpha (Penguin Random House),2021    ,Economics and Business,978-1615649983,12
3294,Business Analysis For Dummies,Paul Mulvey,For Dummies (Wiley),2013    ,Economics and Business,978-1118510582,20
3295,Come into my trading room,Alexander Elder,Wiley,2002    ,Economics and Business,978-0471225348,10
3296,The trusted advisor,David H. Maister,Free Press,2001    ,Economics and Business,978-0743212342,18
3297,Bitcoin and cryptocurrency technologies,Arvind Narayanan,Princeton University Press,2016    ,Economics and Business,978-0691171692,13
3298,The End of Average,Todd Rose,HarperOne,2016    ,Economics and Business,978-0062358363,4
3299,Creative Selection,Ken Kocienda,St. Martin's Press,2018    ,Economics and Business,978-1250194466,13
3300,Becoming Steve Jobs,Brent Schlender,Crown Business,2015    ,Economics and Business,978-0385347426,12
3301,Principles of Business for CSEC,Peter Stimpson,Cambridge University Press,2014    ,Economics and Business,978-1408511466,12
3302,Pengantar ekonomi pertanian,Mubyarto.,LP3ES,1973    ,Economics and Business,978-9794210017,13
3303,Shattered Silk,Barbara Michaels,HarperCollins,1602    ,Economics and Business,978-0061000486,12
3304,"Ready, Fire, Aim",Michael Masterson,John Wiley & Sons,2007    ,Economics and Business,978-0470182024,6
3305,Clever Girl Finance,Bola Sokunbi,John Wiley & Sons,2019    ,Economics and Business,978-1119512530,6
3306,Some are smarter than others,Ricardo Manapat,Aletheia Publications,1991    ,Economics and Business,978-9718626009,18
3307,Principles of estate management,Michael Thorncroft,Estates Gazette,1965    ,Economics and Business,978-0728200845,13
3308,Lost girls,Robert Kolker,Harper Perennial,2013    ,Economics and Business,978-0062183651,12
3309,New venture creation,Jeffry A. Timmons,McGraw-Hill Education,1977    ,Economics and Business,978-0073381558,9
3310,The design of experiments,Ronald Aylmer Fisher,Oliver and Boyd,1935    ,Economics and Business,978-0050011409,6
3311,Doughnut Economics,Kate Raworth,Chelsea Green Publishing,2017    ,Economics and Business,978-1847941398,1
3312,"A monetary history of the United States, 1867-1960",Milton Friedman,Princeton University Press,1963    ,Economics and Business,978-0691003542,20
3313,Wooden on Leadership,John Wooden,McGraw-Hill Education,2005    ,Economics and Business,978-0071453394,20
3314,Outwitting the Devil,Napoleon Hill,Sterling Ethos,2011    ,Economics and Business,978-1454900672,20
3315,How to become CEO,Jeffrey J. Fox,Hyperion,1998    ,Economics and Business,978-0786864379,16
3316,The looting machine,Tom Burgis,PublicAffairs,2015    ,Economics and Business,978-1610394390,12
3317,International marketing,Sak Onkvisit,Routledge,1989    ,Economics and Business,978-0415311328,5
3318,Applied Economics,Thomas Sowell,Basic Books,2003    ,Economics and Business,978-0465003457,20
3319,Adam's Daughter,Jean S. MacLeod,Mills & Boon,1973    ,Economics and Business,978-0373010486,6
3320,Nice girls don't get the corner office,Lois P. Frankel,Business Plus,2014    ,Economics and Business,978-1455546046,1
3321,Contacts,Jean-Paul Valette,Cengage Learning,1976    ,Economics and Business,978-1133309581,4
3322,"The slave power: its character, career, & probable designs: being an attempt to explain the real issues involved in the American contest",John Elliott Cairnes,"Parker, Son, and Bourn",1862    ,Economics and Business,978-1108023306,18
3323,Managing Change,Bernard Burnes,Pearson Education,1992    ,Economics and Business,978-1292148663,16
3324,Get your sh*t together,"Knight, Sarah (Freelance editor)","Little, Brown Spark",2016    ,Economics and Business,978-0316505079,4
3325,Promises to keep,Charles Paul Conn,Berkley,1985    ,Economics and Business,978-0425039281,11
3326,The economy of cities,Jane Jacobs,Vintage,1969    ,Economics and Business,978-0394705842,18
3327,Women and economics,Charlotte Perkins Gilman,"Small, Maynard & Co",1898    ,Economics and Business,978-0486400419,14
3328,Theorien über den Mehrwert,Karl Marx,Dietz Verlag,1905    ,Economics and Business,978-3320000455,5
3329,The servile state / by Hilaire Belloc,Hilaire Belloc,T.N. Foulis,1912    ,Economics and Business,978-1602068698,6
3330,Essentials of managerial finance,J. Fred Weston,Dryden Press,1968    ,Economics and Business,978-0030132148,2
3331,Democracy,Hans-Hermann Hoppe,Transaction Publishers,2001    ,Economics and Business,978-0765808684,20
3332,Engineering economy,E. Paul DeGarmo,Prentice Hall,1960    ,Economics and Business,978-0130219213,18
3333,The I Hate to Housekeep Book,Peg Bracken,"Harcourt, Brace & World",1962    ,Economics and Business,978-0151441310,16
3334,Global political economy,Robert O'Brien,Red Globe Press,2004    ,Economics and Business,978-1137454430,17
3335,Lectures on the Industrial Revolution of the 18th Century in        England,Arnold Toynbee,Rivingtons,1884    ,Economics and Business,978-1108020473,14
3336,Technology for Success,Jennifer Campbell,Cengage Learning,2019    ,Economics and Business,978-0357124116,5
3337,The Management and Control of Quality,James R. Evans,Cengage Learning,2004    ,Economics and Business,978-1305252240,16
3338,Letters from a farmer in Pennsylvania,John Dickinson,Outlook,1768    ,Economics and Business,978-1511943505,16
3339,The Fortune at the Bottom of the Pyramid,C. K. Prahalad,Wharton School Publishing,2004    ,Economics and Business,978-0137026524,20
3340,NRAEF ManageFirst,NRA National Restaurant Assoc. Educational Foundation,Prentice Hall,2006    ,Economics and Business,978-0134481548,10
3341,Globalization and its discontents,Joseph E. Stiglitz,W. W. Norton & Co,2002    ,Economics and Business,978-0393324396,15
3342,Brand leadership,David A. Aaker,Free Press,2000    ,Economics and Business,978-0684839240,12
3343,Millennium Development Library,U. N. Millennium Project,Earthscan,2012    ,Economics and Business,978-1844072316,10
3344,Conscious capitalism,John Mackey,Harvard Business Review,2013    ,Economics and Business,978-1422144206,12
3345,Risk management and insurance,C. Arthur Williams,McGraw-Hill,1964    ,Economics and Business,978-0070705845,20
3346,International Political Economy,Thomas Oatley,Routledge,2007    ,Economics and Business,978-1138490741,13
3347,Perfect Partners,Jayne Ann Krentz,Pocket Books,1992    ,Economics and Business,978-0373054114,20
3348,E-Myth Mastery,Michael E. Gerber,Harper Business,2004    ,Economics and Business,978-0060723231,18
3349,More important than money,Robert T. Kiyosaki,Plata Publishing,2017    ,Economics and Business,978-1612680965,16
3350,Information systems,John G. Burch,John Wiley & Sons,1975    ,Economics and Business,978-0471120001,5
3351,Direct social work practice,Dean H. Hepworth,Cengage Learning,1982    ,Economics and Business,978-1305633803,11
3352,Start up,William J. Stolze,Career Press,1989    ,Economics and Business,978-1564143716,10
3353,I wonder why the sea is salty and other questions about the ocean,Anita Ganeri,Kingfisher,1994    ,Economics and Business,978-0753450314,19
3354,Basic statistics for business and economics,Douglas A. Lind,McGraw-Hill Education,1993    ,Economics and Business,978-1260187502,15
3355,Ten acres enough,"Morris, Edmund",Applewood Books,1864    ,Economics and Business,978-1429013581,13
3356,The strategy of conflict,Thomas C. Schelling,Harvard University Press,1960    ,Economics and Business,978-0674840317,3
3357,Real estate finance & investments,Peter Linneman,Linneman Associates,2004    ,Economics and Business,978-0974452845,3
3358,Masquerade,Janet Dailey,"Little, Brown and Company",1990    ,Economics and Business,978-0316170949,9
3359,Principles of customer relationship management,Roger J. Baran,Routledge,2007    ,Economics and Business,978-0324398335,15
3360,Our Iceberg Is Melting,John Kotter,Portfolio,2006    ,Economics and Business,978-0312361983,7
3361,The Minimalist Entrepreneur,Sahil Lavingia,Portfolio,2021    ,Economics and Business,978-0593192269,12
3362,Your Office,Amy S. Kinser,Pearson,2012    ,Economics and Business,978-0134479460,5
3363,Rafaela,Không rõ,Ediciones SM,1993    ,Economics and Business,978-9871071234,8
3364,Only yesterday,Frederick Lewis Allen,Harper & Brothers,1931    ,Economics and Business,978-0060934149,2
3365,Modern management,Samuel C. Certo,Pearson,1992    ,Economics and Business,978-0134729114,18
3366,International infrastructure management manual,Không rõ,IPWEA,2006    ,Economics and Business,978-0473106850,11
3367,Way of the Turtle,Curtis Faith,McGraw-Hill Education,2007    ,Economics and Business,978-0071486644,20
3368,Mao's great famine,Frank Dikötter,Walker & Company,2010    ,Economics and Business,978-0802777683,20
3369,Thirty-Second Jewel,Constance Brown,John Wiley & Sons,2019    ,Economics and Business,978-0471415053,12
3370,Team Topologies,Matthew Skelton,IT Revolution Press,2019    ,Economics and Business,978-1942788812,10
3371,Principles of political economy and taxation,David Ricardo,John Murray,1817    ,Economics and Business,978-0486434612,20
3372,The Achieving Society,David C. McClelland,Van Nostrand,1961    ,Economics and Business,978-1258169138,19
3373,Marketing communications,Chris Fill,Pearson Education,1995    ,Economics and Business,978-1292092614,4
3374,In the plex,Steven Levy,Simon & Schuster,2011    ,Economics and Business,978-1416596592,5
3375,The Fast Forward MBA in Project Management,Eric Verzuh,John Wiley & Sons,2005    ,Economics and Business,978-1119086574,19
3376,Tax policy,United States. General Accounting Office,GAO,1986    ,Economics and Business,978-1428935402,13
3377,The world economy,Beth V. Yarbrough,Harcourt College,1988    ,Economics and Business,978-0030206146,8
3378,Five families,Oscar Lewis,Basic Books,1900    ,Economics and Business,978-0465023912,5
3379,Ecotourism,David A. Fennell,Routledge,2002    ,Economics and Business,978-0415714396,3
3380,Business Grammar and Practice (Oxford Business English),Michael Duckworth,Oxford University Press,2003    ,Economics and Business,978-0194570794,9
3381,Secrets of Sand Hill Road,Scott Kupor,Portfolio,2019    ,Economics and Business,978-0525540434,5
3382,The Book on Investing in Real Estate with No (and Low) Money Down: Real Life Strategies for Investing in Real Estate Using Other People's Money,Brandon Turner,BiggerPockets,2014    ,Economics and Business,978-0990711529,15
3383,The fatal equilibrium,Marshall Jevons,MIT Press,1985    ,Economics and Business,978-0345331588,15
3384,How Big Brands Grow What Marketers Dont Know,Byron Sharp,Oxford University Press,2010    ,Economics and Business,978-0195573565,4
3385,Automating Inequality,Virginia Eubanks,St. Martin's Press,2018    ,Economics and Business,978-1250074317,10
3386,Shang ye jing ji shi shou ce,Không rõ,Clarion Books,1986    ,Economics and Business,nan,9
3387,"Owen Foote, Money Man",Stephanie Greene,Broadway Business,2000    ,Economics and Business,978-0395981368,15
3388,"Start Late, Finish Rich",David Bach,The Century Co.,2005    ,Economics and Business,978-0767919463,15
3389,Political Ideals,Bertrand Russell,Cambridge University Press,1917    ,Economics and Business,978-1108035545,19
3390,International Law,Jan Klabbers,Oxford & IBH,2013    ,Economics and Business,978-1107612846,12
3391,Agricultural finance and management,S. Subba Reddy,Penguin Books,1996    ,Economics and Business,978-8120412149,14
3392,Here comes everybody,Clay Shirky,Palgrave Macmillan,2008    ,Economics and Business,978-0143114949,15
3393,Globalization,Jan Aart Scholte,Bibliographical Society,2000    ,Economics and Business,978-0312236427,20
3394,"A short-title catalogue of books printed in England, Scotland, and Ireland and of English books printed abroad",A. W. Pollard,Armand Colin,1926    ,Economics and Business,978-0197217900,17
3395,"Civilisation matérielle, économie et capitalisme",Fernand Braudel,Berrett-Koehler,1900    ,Economics and Business,978-2253064558,7
3396,The outward mindset,The Arbinger Institute,Harper Paperbacks,2016    ,Economics and Business,978-1626567153,2
3397,"Blood, sweat, and pixels",Jason Schreier,Oxford University Press,2017    ,Economics and Business,978-0062651235,20
3398,Environmental Economics,Rabindra N. Bhattacharya,Independent,2001    ,Economics and Business,978-0195655568,14
3399,Secrets on Fibonacci Trading,Frank Miller,JAI Press,2022    ,Economics and Business,978-1544607771,15
3400,Management Laureates,Arthur G. Bedeian,JAI Press,1992    ,Economics and Business,978-0892328475,11
3401,Onward,Howard Schultz,Rodale Books,2011    ,Economics and Business,978-1609613822,12
3402,Forest Service,United States. General Accounting Office,GAO,1988    ,Economics and Business,978-1428938922,16
3403,Entrepreneur Magazine,Entrepreneur Magazine,Entrepreneur Press,1995    ,Economics and Business,978-1599185125,4
3404,The fashion designer survival guide,Mary Gehlhar,Kaplan Publishing,2005    ,Economics and Business,978-1433650390,10
3405,Sales power,José Silva,Perigee Books,1992    ,Economics and Business,978-0399137457,11
3406,Dreaming in code,Scott Rosenberg,Crown,2007    ,Economics and Business,978-1400082476,19
3407,Guerrilla Marketing,Jay Conrad Levinson,Houghton Mifflin Harcourt,1984    ,Economics and Business,978-0395906255,20
3408,Reaching your potential,Robert K. Throop,Cengage Learning,1993    ,Economics and Business,978-1418048389,13
3409,Mary Erskine,Jacob Abbott,Harper & Brothers,1850    ,Economics and Business,978-1425530181,2
3410,Introductory statistics for business and economics,Thomas H. Wonnacott,John Wiley & Sons,1972    ,Economics and Business,978-0471615170,5
3411,Creative strategy in advertising,A. Jerome Jewler,Wadsworth Publishing,1981    ,Economics and Business,978-1111344429,16
3412,Valuation,Thomas E. Copeland,John Wiley & Sons,1990    ,Economics and Business,978-0471004936,13
3413,Interpersonal skills in organizations,Suzanne C. De Janasz,McGraw-Hill Education,2001    ,Economics and Business,978-0078112805,13
3414,Success for dummies,Zig Ziglar,For Dummies,1998    ,Economics and Business,978-0764550614,10
3415,The war on normal people,Andrew Yang,Hachette Books,2018    ,Economics and Business,978-0316414241,2
3416,The Quants,Scott Patterson,Crown Business,2000    ,Economics and Business,978-0307453389,18
3417,Conversational intelligence,Judith E. Glaser,Bibliomotion,2014    ,Economics and Business,978-1937134303,6
3418,Business Logistics Management,Wessel Pienaar,Oxford University Press,2012    ,Economics and Business,978-0195988536,16
3419,IBM PC Apprentice,Inc. Wordware Pub.,Prentice-Hall,1984    ,Economics and Business,978-0134484082,1
3420,Las armas secretas,Julio Cortázar,Editorial Sudamericana,1963    ,Economics and Business,978-8420404097,15
3421,Influencer,Kerry Patterson,McGraw-Hill Education,2007    ,Economics and Business,978-0071484992,19
3422,The story of stuff,Annie Leonard,Free Press,2010    ,Economics and Business,978-1451610291,17
3423,Zivilgesetzbuch,Switzerland.,Stämpfli,1900    ,Economics and Business,978-3725555772,11
3424,American public policy,B. Guy Peters,CQ Press,1982    ,Economics and Business,978-1483344645,16
3425,The Copywriter's Handbook,Robert W. Bly,Henry Holt and Co.,2007    ,Economics and Business,978-0805011944,9
3426,Stone age economics,Marshall Sahlins,Routledge,1972    ,Economics and Business,978-0415320108,9
3427,"Loonshots: How to Nurture the Crazy Ideas That Win Wars, Cure Diseases, and Transform Industries",Safi Bahcall,St. Martin's Press,2019    ,Economics and Business,978-1250260659,19
3428,How to Decide,Annie Duke,Portfolio,2020    ,Economics and Business,978-0593418482,20
3429,Who Owns the Ice House?,Clifton L. Taulbert,Eli Mindset,2011    ,Economics and Business,978-0983354109,17
3430,Swim with the sharks without being eaten alive,Harvey Mackay,William Morrow,1988    ,Economics and Business,978-0449214336,13
3431,Applied numerical methods for engineers and scientists,"Rao, S. S.",John Wiley & Sons,2002    ,Economics and Business,978-0471120230,9
3432,Transformation leadership,Bernard M. Bass,Lawrence Erlbaum,2005    ,Economics and Business,978-0805816914,9
3433,The Peter principle,Laurence J. Peter,William Morrow,1969    ,Economics and Business,978-0062092540,19
3434,Military Inc,Ayesha Siddiqa,Pluto Press,2007    ,Economics and Business,978-0745325453,2
3435,Chasing the dime,Michael Connelly,"Little, Brown and Co.",2002    ,Economics and Business,978-0316153911,1
3436,Research in Personnel and Human Resources Management,M. Ronald Buckley,Emerald Publishing,2014    ,Economics and Business,978-1785603419,3
3437,Indian economy,A. N. Agrawal,New Age International,1975    ,Economics and Business,978-8122436150,13
3438,Food safety,United States. General Accounting Office,GAO,1990    ,Economics and Business,978-1428931114,4
3439,The Rise and Decline of Nations,Mancur Olson,Yale University Press,1982    ,Economics and Business,978-0300030792,19
3440,Obligationenrecht (1911),Switzerland.,Schulthess,1928    ,Economics and Business,978-3859023055,6
3441,Russian negotiating behavior,Jerrold L. Schecter,US Institute of Peace,1998    ,Economics and Business,978-1878379788,11
3442,Selling today,Gerald L. Manning,Pearson,1980    ,Economics and Business,978-0133543353,8
3443,Understanding business,William G. Nickels,McGraw-Hill Education,1987    ,Economics and Business,978-0073524597,16
3444,Growth hacker marketing,Ryan Holiday,Portfolio,2014    ,Economics and Business,978-1591847380,13
3445,Introduction to Black studies,Karenga Maulana.,University of Sankore,1982    ,Economics and Business,978-0943412238,19
3446,Seeing the big picture,Kevin Cope,Greenleaf Book Group,2012    ,Economics and Business,978-1608322466,11
3447,The Good Housekeeping Housekeeping Book,"Good Housekeeping Institute (New York, N.Y.)",Hearst Books,1947    ,Economics and Business,978-1588165015,4
3448,Belle De Jour,Brooke Magnanti,Weidenfeld & Nicolson,2005    ,Economics and Business,978-0753821046,15
3449,Baby Steps Millionaires,Dave Ramsey,Ramsey Press,2022    ,Economics and Business,978-1937077976,3
3450,Plants and society,Estelle Levetin,McGraw-Hill Education,1996    ,Economics and Business,978-0078128998,2
3451,The National Trust Manual of Housekeeping,National Trust,Butterworth-Heinemann,2005    ,Economics and Business,978-0750661249,12
3452,Maximum Achievement,Brian Tracy,Simon & Schuster,1993    ,Economics and Business,978-0671865184,15
3453,After the trade is made,"Weiss, David M.",New York Inst. of Finance,1986    ,Economics and Business,978-1591841319,17
3454,Communication skills,Richard Worth,Ferguson Publishing,2009    ,Economics and Business,978-0816054176,16
3455,Overdressed,Elizabeth L. Cline,Portfolio,2012    ,Economics and Business,978-1591846543,13
3456,Patterns,IBM Redbooks,IBM,2002    ,Economics and Business,978-0738411088,12
3457,BOLD,Peter H. Diamandis,Simon & Schuster,1905    ,Economics and Business,978-1476709567,9
3458,"Henry Reed, Inc",Keith Robertson,Puffin Books,1958    ,Economics and Business,978-0140341393,8
3459,Tax Planning and Compliance for Tax-Exempt Organizations,Jody Blazek,John Wiley & Sons,1993    ,Economics and Business,978-1118105740,7
3460,Discovering great artists,MaryAnn F Kohl,Bright Ring Publishing,1996    ,Economics and Business,978-0935607093,11
3461,Lessons from Madame Chic,Jennifer L. Scott,Simon & Schuster,2011    ,Economics and Business,978-1451699197,18
3462,"Ethics, law and society",Jennifer Gunning,Ashgate,2007    ,Economics and Business,978-0754645832,3
3463,Economical writing,Deirdre N. McCloskey,University of Chicago,2000    ,Economics and Business,978-0226556918,2
3464,The economics of the welfare state,"Barr, N. A.",Oxford University Press,1987    ,Economics and Business,978-0199297870,10
3465,A History of Soviet Russia,Edward Hallet Carr,Macmillan,1950    ,Economics and Business,978-0333242162,12
3466,Practical Analytics,Nitin Kale,Epistemy Press,2020    ,Economics and Business,978-0997209211,17
3467,Contemporary financial management,R. Charles Moyer,Cengage Learning,1981    ,Economics and Business,978-1285198842,20
3468,The Third World,E. Willard Miller,ABC-CLIO,1981    ,Economics and Business,978-0874360097,11
3469,Preparing Effective Business Plans,Bruce R. Barringer,Pearson,2008    ,Economics and Business,978-0133506976,10
3470,"The town labourer, 1760-1832",John Lawrence Le Breton Hammond,"Longmans, Green & Co.",1917    ,Economics and Business,978-0582483163,9
3471,Beyond design,Sandra J. Keiser,Fairchild Books,2003    ,Economics and Business,978-1609012267,6
3472,Successful project management,Jack Gido,Cengage Learning,1999    ,Economics and Business,978-1285068374,16
3473,The personal efficiency program,Kerry Gleeson,John Wiley & Sons,1994    ,Economics and Business,978-0471131151,10
3474,A short history of financial euphoria,John Kenneth Galbraith,Penguin Books,1990    ,Economics and Business,978-0670850280,19
3475,Smart Money Woman,Arese Ugwu,Smart Money Africa,2016    ,Economics and Business,978-1533554444,17
3476,The sciences of the artificial,Herbert Alexander Simon,MIT Press,1969    ,Economics and Business,978-0262691918,7
3477,How Google Works,Eric Schmidt,Grand Central Publishing,2014    ,Economics and Business,978-1455582341,11
3478,The Gothic cathedral,Otto Georg von Simson,Princeton University Press,1956    ,Economics and Business,978-0691018676,5
3479,What to Say When. . .You're Dying on the Platform,Lilly Walters,McGraw-Hill Education,1995    ,Economics and Business,978-0071353274,14
3480,"Cadono notizie da urlo, Stiltont!",Elisabetta Dami,Edizioni Piemme,2013    ,Economics and Business,978-8856614145,17
3481,The Attractor Factor,Joe Vitale,John Wiley & Sons,2005    ,Economics and Business,978-0471706045,12
3482,"Catherine, Amanda and Lilah",Nora Roberts,Silhouette,2004    ,Economics and Business,978-0373079865,9
3483,Source Code,Bill Gates,Penguin Press,2025    ,Economics and Business,978-0593452042,11
3484,Service management and marketing,Christian Grönroos,John Wiley & Sons,1990    ,Economics and Business,978-0470028650,12
3485,48-Hour Start-up,Fraser Doherty MBE,HarperCollins,2016    ,Economics and Business,978-1119280668,20
3486,Federal research,United States. General Accounting Office,GAO,1989    ,Economics and Business,978-1428931121,18
3487,The honest truth about dishonesty,Dan Ariely,Harper Business,2012    ,Economics and Business,978-0062183590,5
3488,The conditions of agricultural growth,Ester Boserup,Allen & Unwin,1965    ,Economics and Business,978-0202308937,15
3489,Managerial finance,J. Fred Weston,Dryden Press,1962    ,Economics and Business,978-0030589836,12
3490,The art of homemaking,Daryl V. Hoole,Deseret Book Co,1963    ,Economics and Business,978-1502444585,2
3491,Ekonomi publik,Henry Faizal Noor,Indeks,2013    ,Economics and Business,978-9790611412,11
3492,Human capital,Gary Stanley Becker,University of Chicago,1964    ,Economics and Business,978-0226041209,7
3493,Supply chain management for dummies,Daniel Stanton,John Wiley & Sons,2017    ,Economics and Business,978-1119414490,15
3494,The compleat housewife,E. Smith,"Literary Licensing, LLC",1728    ,Economics and Business,978-0906324202,2
3495,Quarterlife crisis,Alexandra Robbins,TarcherPerigee,2001    ,Economics and Business,978-1585421060,20
3496,Selling the Invisible,Harry Beckwith,Business Plus,1997    ,Economics and Business,978-0446520942,19
3497,In Search of Respect,Philippe I. Bourgois,Cambridge University Press,1996    ,Economics and Business,978-0521017114,14
3498,What Got You Here Won't Get You There,Marshall Goldsmith,Hyperion,2007    ,Economics and Business,978-1401301309,8
3499,"The Collected Works of Dugald Stewart Esq., Frs",Dugald Stewart,Thoemmes Press,1829    ,Economics and Business,978-1142588823,18
3500,Global Macro Trading,Greg Gliner,Bloomberg Press,2014    ,Economics and Business,978-1118836217,16
3501,Commodity review and outlook.,FAO,FAO,,Economics and Business,978-9251036648,5
3502,Effective training,P. Nick Blanchard,Pearson,1998    ,Economics and Business,978-0132729840,16
3503,Engineering economics,James L. Riggs,McGraw-Hill Education,1977    ,Economics and Business,978-0070528666,4
3504,Silver Bay,Jojo Moyes,Hodder & Stoughton,2006    ,Economics and Business,978-0340896730,3
3505,The mom test,Rob Fitzpatrick,Management Help,2014    ,Economics and Business,978-1491272640,7
3506,Mastering Elliott wave,Glenn Neely,Windsor Books,1990    ,Economics and Business,978-0930233440,12
3507,Orations and speeches on various occasions,Edward Everett,American Stationers' Co,1836    ,Economics and Business,978-1425540302,17
3508,Age of Discontinuity,Peter F. Drucker,Harper & Row,1966    ,Economics and Business,978-1560006183,13
3509,Shopping and fucking,MARK RAVENHILL,Methuen Drama,1997    ,Economics and Business,978-0413716101,8
3510,"The world in depression, 1929-1939",Charles Poor Kindleberger,Univ. of California Press,1973    ,Economics and Business,978-0520055926,8
3511,How To Get Filthy Rich In Rising Asia,Mohsin Hamid,Riverhead Books,2013    ,Economics and Business,978-1594632334,18
3512,The freelancer's bible,Sara Horowitz,Workman Publishing,2012    ,Economics and Business,978-0761164883,11
3513,Democratizing innovation,Eric von Hippel,MIT Press,2005    ,Economics and Business,978-0262720458,8
3514,The rich and the super-rich,Ferdinand Lundberg,Lyle Stuart,1968    ,Economics and Business,978-0818404863,4
3515,Current Topics in Management,M. Afzalur Rahim,Transaction Publishers,2005    ,Economics and Business,978-1412805407,6
3516,Growth,Vaclav Smil,MIT Press,2019    ,Economics and Business,978-0262539418,3
3517,"Han, Chung, Il yongnae chikchŏp t'uja tonghyang kwa hwalsŏnghwa pangan",Hyŏng-gon Chŏng,Sŏgang Taehakkyo,2000    ,Economics and Business,nan,14
3518,Modern portfolio theory and investment analysis,Edwin J. Elton,John Wiley & Sons,1981    ,Economics and Business,978-1118469941,16
3519,The Economic Institutions of Capitalism,Oliver E. Williamson,Free Press,1985    ,Economics and Business,978-0029348215,15
3520,Employee engagement,Emma Bridger,Kogan Page,2014    ,Economics and Business,978-0749471385,6
3521,The constant gardener,John le Carré,Hodder & Stoughton,2000    ,Economics and Business,978-0743210058,4
3522,Open Borders,Bryan Caplan,First Second,2019    ,Economics and Business,978-1250317469,17
3523,Business logistics management,Ronald H. Ballou,Prentice Hall,1973    ,Economics and Business,978-0130661845,2
3524,Order without Design,Alain Bertaud,MIT Press,2018    ,Economics and Business,978-0262038768,16
3525,This business of music,M. William Krasilovsky,Billboard Books,1971    ,Economics and Business,978-0823077236,13
3526,Key performance indicators,David Parmenter,John Wiley & Sons,2007    ,Economics and Business,978-1118925102,8
3527,Little Nino's Pizzeria,Karen Barbour,Harcourt Brace,1987    ,Economics and Business,978-0152470166,12
3528,Tax for Australians for dummies,Jimmy B. Prince,For Dummies,2009    ,Economics and Business,978-0730325499,17
3529,Beautiful homemaking,Charlene Gardner Johnson,Harvest House,1961    ,Economics and Business,978-1565070011,13
3530,The small business start-up guide,Hal Root,Sourcebooks,1994    ,Economics and Business,978-1570714771,1
3531,Financial statements,Thomas R. Ittelson,Career Press,1998    ,Economics and Business,978-1601630230,3
3532,Introduction to hospitality,"Walker, John R.",Pearson,2002    ,Economics and Business,978-0134151908,5
3533,"Tax reform act of 1969, H.R. 13270",United States. Congress. Senate. Committee on Finance,GPO,1969    ,Economics and Business,978-1236402370,10
3534,Manajemen dan rekayasa infrastruktur,Robert J. Kodoatie,Pustaka Pelajar,2003    ,Economics and Business,978-9793410524,14
3535,Economy of Pakistan,Khawaja Amjad Saeed,Oxford University Press,1995    ,Economics and Business,978-0195977325,11
3536,"Strategy--process, content, context",Bob de Wit,Cengage Learning,1994    ,Economics and Business,978-1408019023,20
3537,Jack,Jack Welch,Warner Books,2001    ,Economics and Business,978-0446528511,11
3538,Economic development in the Third World,Michael P. Todaro,Pearson,1977    ,Economics and Business,978-0582044456,17
3539,That Will Never Work,Marc Randolph,"Little, Brown and Co",2019    ,Economics and Business,978-0316530200,1
3540,Practical Business Math,Michael D. Tuttle,Prentice Hall,1978    ,Economics and Business,978-0130833211,18
3541,Advertising Media Planning,Larry D. Kelley,Routledge,2003    ,Economics and Business,978-0765633910,17
3542,The undercover economist,Tim Harford,"Little, Brown",2012    ,Economics and Business,978-0345494016,12
3543,"Mayson, French & Ryan on company law",Stephen W. Mayson,Oxford University Press,1988    ,Economics and Business,978-0199676743,4
3544,Economics explained,Robert L. Heilbroner,Touchstone,1982    ,Economics and Business,978-0684846415,11
3545,Codice civile,Italy,Giuffrè,1934    ,Economics and Business,978-8814210600,6
3546,The practice of adaptive leadership,Ronald A. Heifetz,Harvard Business Press,2009    ,Economics and Business,978-1422105764,5
3547,Multinational management,"Cullen, John B.",Cengage Learning,1999    ,Economics and Business,978-1285094946,20
3548,Karl Marx and Frederick Engels,Karl Marx,Lawrence & Wishart,1935    ,Economics and Business,978-0717805402,9
3549,Code de commerce,France,Dalloz,1807    ,Economics and Business,978-2247168606,8
3550,Winning the Loser's Game,Charles D. Ellis,McGraw-Hill Education,1998    ,Economics and Business,978-1259838040,8
3551,Copywriting Secrets,Jim Edwards,Author Academy Elite,2018    ,Economics and Business,978-1640854628,18
3552,The career fitness program,Diane Sukiennik,Pearson,1985    ,Economics and Business,978-0321798312,11
3553,"The economic history of India, 1857-1947",Tirthankar Roy,Oxford University Press,2000    ,Economics and Business,978-0195651546,17
3554,Fashionopolis,Dana Thomas,Penguin Press,2019    ,Economics and Business,978-0735224018,19
3555,The counter-revolution of science,Friedrich A. von Hayek,Free Press,1952    ,Economics and Business,978-0865970403,10
3556,Effective writing,Claire Arevalo May,Pearson,1984    ,Economics and Business,978-0132561020,17
3557,Race and ethnicity in society,Elizabeth Higginbotham,Cengage Learning,2005    ,Economics and Business,978-1285437811,12
3558,The History of the Great American Fortunes,Gustavus Myers,Modern Library,1907    ,Economics and Business,978-1511470476,17
3559,Sales promotion essentials,Don E. Schultz,NTC Business Books,1982    ,Economics and Business,978-0844231846,8
3560,Simply Said,Jay Sullivan,John Wiley & Sons,2016    ,Economics and Business,978-1119285403,12
3561,Multinational business finance,David K. Eiteman,Pearson,1973    ,Economics and Business,978-0133879827,15
3562,Business Model Generation,Alexander Osterwalder,John Wiley & Sons,2010    ,Economics and Business,978-0470876411,20
3563,Born to Win,Zig Ziglar,Success,2011    ,Economics and Business,978-1613393055,20
3564,The Thomas Sowell reader,Thomas Sowell,Basic Books,2011    ,Economics and Business,978-0465022502,11
3565,Contemporary Logistics in China,Bing-lian Liu,Springer,2012    ,Economics and Business,978-3642353345,19
3566,Philosophie des Geldes,Georg Simmel,Duncker & Humblot,1900    ,Economics and Business,978-3518284063,10
3567,The Americans,Daniel J. Boorstin,Random House,1958    ,Economics and Business,978-0394415109,11
3568,Perfectly irrational,Dan Ariely,HarperCollins,2010    ,Economics and Business,978-0061353246,2
3569,Health and safety,Tony Boyle,Routledge,2000    ,Economics and Business,978-1138776838,18
3570,Managing transitions,"Bridges, William",Da Capo Lifelong,1991    ,Economics and Business,978-0738208244,16
3571,Breaking the magic spell,Jack David Zipes,Univ. Press of Kentucky,1979    ,Economics and Business,978-0813190303,1
3572,World regions in global context,Sallie A. Marston,Pearson,2002    ,Economics and Business,978-0321939654,20
3573,Biopiracy,Vandana Shiva,South End Press,1997    ,Economics and Business,978-0896085558,12
3574,History of Corporate Finance,Robert E. Wright,Pickering & Chatto,2003    ,Economics and Business,978-1851967490,1
3575,Brief Principles of Macroeconomics,N. Gregory Mankiw,Cengage Learning,2000    ,Economics and Business,978-1285165929,19
3576,The Fred Factor,Mark Sanborn,Currency,2002    ,Economics and Business,978-0385513517,7
3577,Development and social change,Philip McMichael,SAGE Publications,1996    ,Economics and Business,978-1412952408,7
3578,Emma's secret,Barbara Taylor Bradford,St. Martin's Press,2003    ,Economics and Business,978-0312301194,18
3579,The fourth industrial revolution,Klaus Schwab,World Economic Forum,2017    ,Economics and Business,978-1524758868,17
3580,Inside the Minds,Inside the Minds,Aspatore Books,2000    ,Economics and Business,978-1587621147,9
3581,Organizing from the Inside Out,Julie Morgenstern,Henry Holt and Co,1998    ,Economics and Business,978-0805075892,15
3582,Engines that move markets,Alasdair G. M. Nairn,John Wiley & Sons,2002    ,Economics and Business,978-0471206705,7
3583,Built from scratch,Bernie Marcus,Times Business,1999    ,Economics and Business,978-0812933789,11
3584,Everybody lies,Seth Stephens-Davidowitz,Harper,2017    ,Economics and Business,978-0062390869,1
3585,Financial reporting & analysis,Lawrence Revsine,McGraw-Hill Education,1998    ,Economics and Business,978-0078110863,1
3586,INTERNATIONAL FINANCIAL STATEMENT ANALYSIS,Thomas R. Robinson,John Wiley & Sons,2008    ,Economics and Business,978-1118298022,20
3587,Liftoff,Eric Berger,William Morrow,2021    ,Economics and Business,978-0008445621,7
3588,Call Sign Chaos,James N. Mattis,Random House,2019    ,Economics and Business,978-0812996838,5
3589,Pesticides,United States. General Accounting Office,GAO,1986    ,Economics and Business,N/A (Báo cáo chính phủ),19
3590,Green marketing,Jacquelyn A. Ottman,NTC Business Books,1993    ,Economics and Business,978-0844232508,18
3591,Essentials of Marketing,William D. Perreault,McGraw-Hill Education,1996    ,Economics and Business,978-0078112034,14
3592,The rise and fall of nations,Ruchir Sharma,W. W. Norton & Co,2016    ,Economics and Business,978-0393244847,9
3593,The Pursuit of Wow!,Thomas J. Peters,Vintage,1994    ,Economics and Business,978-0679755555,10
3594,An invitation to Indian cooking,Madhur Jaffrey,Knopf,1973    ,Economics and Business,978-0394711010,5
3595,Which MBA?,George Bickerstaffe,Economist Intelligence,1991    ,Economics and Business,978-0273641759,5
3596,Pengantar teori ekonomi,Sritua Arief,LP3ES,1976    ,Economics and Business,978-9798391033,19
3597,Global marketing management,Masaaki Kotabe,John Wiley & Sons,1998    ,Economics and Business,978-1118466483,16
3598,Problems of American Small Business,United States. Congress. Senate. Special Committee To Study and Survey Problems of American Small Business Enterprises.,GPO,1973    ,Economics and Business,N/A (Tài liệu Quốc hội),18
3599,The Hard Truth About Soft Skills,Peggy Klaus,Harper Business,2007    ,Economics and Business,978-0061284243,19
3600,Dünden bugüne Türkiye'nin toplumsal yapısı,Memet Zencirkıran,Dora,2006    ,Economics and Business,978-6052491171,19
3601,Stop Doing That Sh*t,Gary John Bishop,HarperOne,2019    ,Economics and Business,978-0062871848,8
3602,The Warren Buffett portfolio,Robert G. Hagstrom,John Wiley & Sons,1999    ,Economics and Business,978-0471392644,13
3603,The significance of the frontier in American history,Frederick Jackson Turner,Penguin Classics,1893    ,Economics and Business,978-0140433487,3
3604,Teori dan kebijaksanaan ekonomi makro,Bruce Glassburner,LP3ES,1979    ,Economics and Business,978-9794280140,3
3605,Absentee ownership and busines enterprise in recent times,Thorstein Veblen,Transaction Publishers,1923    ,Economics and Business,978-0765804396,1
3606,Mediocre,Ijeoma Oluo,Seal Press,2020    ,Economics and Business,978-1541673304,19
3607,World trade and payments,Richard E. Caves,Pearson,1973    ,Economics and Business,978-0321321145,7
3608,The stock market,Charles North,Hodder & Stoughton,2011    ,Economics and Business,978-1528935821,16
3609,Make Time,"Knapp, Jake;Zeratsky, John",Currency,2018    ,Economics and Business,978-0525572428,11
3610,The logic of collective action,Mancur Olson,Harvard University Press,1965    ,Economics and Business,978-0674537514,18
3611,"Buy, Rehab, Rent, Refinance, Repeat",David M Greene,BiggerPockets,2019    ,Economics and Business,978-1947200081,2
3612,Mindwise,Nicholas Epley,Vintage,2014    ,Economics and Business,978-0307591432,4
3613,Late Victorian Holocausts,Mike Davis,Verso,2001    ,Economics and Business,978-1784786625,17
3614,Foundations of Business,William M. Pride,Cengage Learning,2012    ,Economics and Business,978-1337386920,8
3615,Capi talist agriculture and the origins of the European world-economy in the sixteenth century,Immanuel Maurice Wallerstein,Academic Press,1974    ,Economics and Business,978-0520267589,9
3616,The complete idiot's guide to organizing your life,Georgene Muller Lockwood,Alpha,1996    ,Economics and Business,978-1592574100,12
3617,Performance management,Michael Armstrong,Kogan Page,1994    ,Economics and Business,978-0749472177,19
3618,Supervisor's survival kit,Elwood N. Chapman,Pearson,1975    ,Economics and Business,978-0131446342,17
3619,Leadership Strategy and Tactics,Jocko Willink,St. Martin's Press,2020    ,Economics and Business,978-1250226846,14
3620,Buy Then Build,Walker Deibel,Lioncrest Publishing,2018    ,Economics and Business,978-1544512419,1
3621,Your brain at work,David Rock,Harper Business,2009    ,Economics and Business,978-0061771293,3
3622,The ancient economy,M. I. Finley,Univ. of California Press,1973    ,Economics and Business,978-0520219465,12
3623,Answer as a man,Taylor Caldwell,G.P. Putnam's Sons,1980    ,Economics and Business,978-0399125300,3
3624,Da substituição de importações ao capitalismo financeiro,Maria da Conceição Tavares,Zahar,1975    ,Economics and Business,978-8571061415,18
3625,Electronic commerce,Elias M. Awad,Prentice Hall,2002    ,Economics and Business,978-0132342933,7
3626,To die for,Linda Howard,Ballantine Books,2004    ,Economics and Business,978-0345476258,13
3627,The song machine,John Seabrook,W. W. Norton & Co,2015    ,Economics and Business,978-0393241921,3
3628,Fundamentals of cost accounting,William N. Lanen,McGraw-Hill Education,2007    ,Economics and Business,978-1259969478,17
3629,Jahre der Entscheidung,Oswald Spengler,C.H. Beck,1933    ,Economics and Business,978-3406716867,1
3630,Chokepoint Capitalism,Rebecca Giblin,Beacon Press,2022    ,Economics and Business,978-0807007068,4
3631,The Thank You Economy,Gary Vaynerchuk,Harper Business,2011    ,Economics and Business,978-0061914188,8
3632,The Story Factor,Annette Simmons,Basic Books,2000    ,Economics and Business,978-0465032228,11
3633,Making money online,Antonia Chitty,White Ladder,2013    ,Economics and Business,978-1854584212,13
3634,Medicaid,United States. General Accounting Office,GAO,1986    ,Economics and Business,978-1243171344,20
3635,Manajemen strategi,Bambang Tri Cahyono,IPWI,1995    ,Economics and Business,978-9794281352,19
3636,Research in the History of Economic Thought and Methodology,Luca Fiorito,Emerald Publishing,2017    ,Economics and Business,978-1839097737,18
3637,The complete idiot's guide to interpreting your dreams,Marci Pliskin,Alpha,1998    ,Economics and Business,978-0028612713,11
3638,When cultures collide,Richard D. Lewis,Nicholas Brealey,1996    ,Economics and Business,978-1473652668,1
3639,Palaces for the people,Eric Klinenberg,Crown,2018    ,Economics and Business,978-1524761165,8
3640,Рабство нашего времени,Лев Толстой,Independent,1900    ,Economics and Business,978-5040333202,7
3641,United Nations,United States. General Accounting Office,GAO,1987    ,Economics and Business,978-1243175441,11
3642,The theory of social and economic organization,Max Weber,Free Press,1947    ,Economics and Business,978-0684836409,19
3643,The High Cost of Free Parking,Donald C. Shoup,Routledge,2005    ,Economics and Business,978-1932364965,2
3644,Rich Routines,Steve Houghton,Houghton,2024    ,Economics and Business,978-1641533157,18
3645,Advertising secrets of the written word,Joseph Sugarman,DelStar Pub,1998    ,Economics and Business,978-1891686009,17
3646,Essential Scrum,Kenneth S. Rubin,Addison-Wesley,2012    ,Economics and Business,978-0137043293,1
3647,Guide to managerial communication,Mary Munter,Pearson,1982    ,Economics and Business,978-0132971331,1
3648,Your limited liability company,Anthony Mancuso,Nolo,1999    ,Economics and Business,978-1413329063,18
3649,Contract management,United States. General Accounting Office,GAO,1997    ,Economics and Business,978-1243160751,10
3650,Coast Guard,United States. General Accounting Office,GAO,1980    ,Economics and Business,978-1242981517,16
3651,The space barons,Christian Davenport,PublicAffairs,2018    ,Economics and Business,978-1610398299,13
3652,Personal styles and effective performance,David W. Merrill,CRC Press,1981    ,Economics and Business,978-0814450277,7
3653,The Fatal Conceit,Friedrich A. von Hayek,Univ. of Chicago Press,1988    ,Economics and Business,978-0226320663,6
3654,Global business today,Charles W. L. Hill,McGraw-Hill Education,1997    ,Economics and Business,978-1260565812,15
3655,How to Talk to Anyone,Leil Lowndes,McGraw-Hill Education,2013    ,Economics and Business,978-0071418584,10
3656,Winning through intimidation,Robert J. Ringer,Skyhorse,1974    ,Economics and Business,978-1626361133,12
3657,From Strength to Strength,"Brooks, Arthur C.",Portfolio,2022    ,Economics and Business,978-0593191484,17
3658,Census of business,United States. Bureau of the Census,GPO,1936    ,Economics and Business,978-1240212002,2
3659,Predictable Revenue,Aaron Ross,PebbleStorm,2012    ,Economics and Business,978-0615523064,1
3660,Peace handbooks,Great Britain. Foreign Office. Historical Section,H.M. Stationery Off.,1920    ,Economics and Business,978-1144079817,10
3661,Kids These Days,Malcolm Harris,"Little, Brown and Co",2017    ,Economics and Business,978-0316510622,13
3662,The poetical works of Bret Harte,Bret Harte,Houghton Mifflin,1789    ,Economics and Business,978-1425021207,10
3663,State Department,United States. General Accounting Office,GAO,1989    ,Economics and Business,978-1243169822,15
3664,Getting Organized,Stephanie Winston,Warner Books,1978    ,Economics and Business,978-0446387026,2
3665,FUNDAMENTALS OF DEMAND PLANNING & FORECASTING,Chaman L. Jain,IBF,2012    ,Economics and Business,978-0983393306,8
3666,When to Rob a Bank,Steven D. Levitt,William Morrow,2015    ,Economics and Business,978-0062385321,10
3667,1977 survey of minority-owned business enterprises,Không rõ,GPO,1980    ,Economics and Business,978-1240166640,16
3668,Trading Classic Chart Patterns,Thomas N. Bulkowski,John Wiley & Sons,2002    ,Economics and Business,978-0471435754,19
3669,DATA MINING FOR BUSINESS ANALYTICS,Galit Shmueli,John Wiley & Sons,2016    ,Economics and Business,978-1118879368,18
3670,The team handbook,Peter R. Scholtes,Oriel Inc,1988    ,Economics and Business,978-1884731266,11
3671,AAT Success (Financial Training AAT Study Packs),Financial Training Company,BPP Learning Media,1995    ,Economics and Business,978-0751711288,11
3672,"Don't Worry, Make Money",Richard Carlson,Hyperion,1997    ,Economics and Business,978-0786863211,6
3673,Poison Island,Arthur Quiller-Couch,Cassell,1907    ,Economics and Business,978-1406836189,5
3674,Mathematics for economics and business,Ian Jacques,Pearson,1992    ,Economics and Business,978-1292191669,11
3675,Financial Modeling and Valuation,Paul Pignataro,John Wiley & Sons,2013    ,Economics and Business,978-1118558768,13
3676,Inc. yourself,Judith H. McQuown,Career Press,1977    ,Economics and Business,978-1601633194,3
3677,Constitución política (1980),Chile,Editorial Jurídica,1893    ,Economics and Business,978-9568396008,14
3678,The End of Poverty,Jeffrey Sachs,Penguin Books,2005    ,Economics and Business,978-0143036586,12
3679,The End of Policing,Alex S. Vitale,Verso,2017    ,Economics and Business,978-1784782894,4
3680,The price of motherhood,Ann Crittenden,Metropolitan Books,2001    ,Economics and Business,978-0312420239,20
3681,Ecofeminism,Maria Mies,Zed Books,1993    ,Economics and Business,978-1780329277,15
3682,Corporations and other business associations,Charles R. O'Kelley,Aspen Publishers,1992    ,Economics and Business,978-1543815719,7
3683,"Money, whence it came, where it went",John Kenneth Galbraith,Princeton University Press,1975    ,Economics and Business,978-0618056101,2
3684,Cambridge IGCSE® and O Level Economics Coursebook,Susan Grant,Cambridge University Press,2018    ,Economics and Business,978-1108440387,12
3685,Macroeconomics in Context,Neva Goodwin,Routledge,2013    ,Economics and Business,978-1138559035,8
3686,Environmental and natural resource economics,Thomas H. Tietenberg,Routledge,1984    ,Economics and Business,978-1138105904,17
3687,A course in behavioral economics,Erik Angner,Red Globe Press,2012    ,Economics and Business,978-1137512925,12
3688,Exploring business for the 21st century,Michael Liepner,McGraw-Hill Ryerson,2001    ,Economics and Business,978-0070908123,1
3689,Trading price action trading ranges,Al Brooks,John Wiley & Sons,2012    ,Economics and Business,978-1118066690,8
3690,Purchasing and supply chain management,W. C. Benton,McGraw-Hill Education,2010    ,Economics and Business,978-1111526481,6
3691,Black awakening in capitalist America,Robert L. Allen,Africa World Press,1969    ,Economics and Business,978-0865431263,15
3692,The process of economic development,James M. Cypher,Routledge,1997    ,Economics and Business,978-0415643283,3
3693,Essentials of marketing research,William G. Zikmund,Cengage Learning,1999    ,Economics and Business,978-1133190646,15
3694,Introduction to finance,Ronald W. Melicher,John Wiley & Sons,2007    ,Economics and Business,978-1119560531,6
3695,Start something that matters,Blake Mycoskie,Spiegel & Grau,2011    ,Economics and Business,978-1400069187,17
3696,Long-term care,United States. General Accounting Office,GAO,1991    ,Economics and Business,978-1243169228,1
3697,Federal-grant research at the state agricultural experiment stations,United States. Agricultural Research Service,GPO,1958    ,Economics and Business,978-1240375539,7
3698,Principles of Managerial Finance,"Gitman, Lawrence J.",Pearson,1999    ,Economics and Business,978-0133507690,6
3699,Runaway world,Anthony Giddens,Routledge,1999    ,Economics and Business,978-0415944878,3
3700,"If you're not first, you're last",Grant Cardone,John Wiley & Sons,2010    ,Economics and Business,978-0470624357,19
3701,The Legal Analyst,Ward Farnsworth,University of Chicago Press,2007    ,Economics and Business,978-0226238357,3
3702,The public relations handbook,Alison Theaker,Routledge,2002    ,Economics and Business,978-0367279936,4
3703,Rich Dad's Who Took My Money?,Sharon L. Lechter,Warner Books,2004    ,Economics and Business,978-0446691826,4
3704,Fair Play,Eve Rodsky,G.P. Putnam's Sons,2019    ,Economics and Business,978-0525541936,7
3705,Social Marketing,Gerard Hastings,Routledge,2007    ,Economics and Business,978-1138240575,18
3706,The art of closing any deal,James W. Pickens,Warner Books,1989    ,Economics and Business,978-0446390972,16
3707,Franchising for dummies,R. David Thomas,For Dummies,2000    ,Economics and Business,978-0764551605,13
3708,The monk and the riddle,Randy Komisar,Harvard Business Press,2000    ,Economics and Business,978-1578516445,4
3709,"Business Intelligence, Analytics, and Data Science",Ramesh Sharda,Pearson,2016    ,Economics and Business,978-0133050905,2
3710,Herrn Eugen Dührings Umwälzung der Wissenschaft,Friedrich Engels,Dietz Verlag,1878    ,Economics and Business,978-1502446701,6
3711,El Fabricante De Helados/ the Ice Cream Maker: Una Historia Sobre El Ingrediente Indispensable En La Empresa,Subir Chowdhury,Ediciones Urano,2005    ,Economics and Business,978-0385514217,12
3712,The Innovator's Solution,Clayton M. Christensen,Harvard Business Press,2003    ,Economics and Business,978-1422185209,4
3713,"Everyone communicates, few connect",John C. Maxwell,Thomas Nelson,2009    ,Economics and Business,978-0785214250,13
3714,Inquiry into the Nature and Causes of the Wealth of Nations,Adam Smith,Oxford University Press,1776    ,Economics and Business,978-0226763743,2
3715,Cannibals with Forks,"Elkington, John.",Capstone,1997    ,Economics and Business,978-1841120843,20
3716,Benner's prophecies of future ups and downs in prices,Samuel Benner,Robert Clarke & Co,1877    ,Economics and Business,978-1534958630,4
3717,Binary options,Abe Cofnas,Bloomberg Press,2011    ,Economics and Business,978-1119253457,14
3718,Trade Stocks & Commodities with the Insiders,Larry Williams,John Wiley & Sons,2005    ,Economics and Business,978-1118003671,13
3719,Develop Your Presentation Skills (Creating Success),Theo Theobald,Kogan Page,2013    ,Economics and Business,978-0749463595,12
3720,Depression,Dorothy Rowe,Routledge,1991    ,Economics and Business,978-1412903172,11
3721,Discover Your Inner Economist,Tyler Cowen,Dutton,2007    ,Economics and Business,978-0525950257,4
3722,Supercharge Power BI,Matt Allington,"Tickling Keys, Inc.",2018    ,Economics and Business,978-1615470532,4
3723,Globalization and diversity,Lester Rowntree,Pearson,2004    ,Economics and Business,978-0134112978,15
3724,Programs & services,United States. Small Business Administration.,SBA,1996    ,Economics and Business,978-1517409579,12
3725,Global Capitalism,Jeffry A. Frieden,W. W. Norton & Co,2006    ,Economics and Business,978-0393329810,13
3726,"Delay, Deny, Defend",Jay M. Feinman,Portfolio,2010    ,Economics and Business,978-1591843153,7
3727,Million Dollar Habits,Brian Tracy,Entrepreneur Press,1999    ,Economics and Business,978-1591141561,10
3728,Human Resource Management,K. Aswathappa,McGraw Hill Education,2012    ,Economics and Business,978-9339205737,14
3729,Fundamentals of accounting,Claudia Bienias Gilbertson,Cengage Learning,2005    ,Economics and Business,978-1111581084,17
3730,Coaching for performance,"Whitmore, John Sir",Nicholas Brealey,1992    ,Economics and Business,978-1473658516,4
3731,The age of access,Jeremy Rifkin,TarcherPerigee,2000    ,Economics and Business,978-1585420186,18
3732,Motivate to Win,Richard Denny,Kogan Page,1993    ,Economics and Business,978-0749445102,15
3733,Stakeholder theory,R. Edward Freeman,Cambridge University Press,2010    ,Economics and Business,978-0521151740,12
3734,Lost and Found,Jayne Ann Krentz,Berkley,2001    ,Economics and Business,978-0515132205,2
3735,VEP,Staff of Vault,Vault,1998    ,Economics and Business,978-1581313383,16
3736,Summary of Alex Hormozi's 100M Offers,Không rõ,Independent,2021    ,Economics and Business,978-1737475712,9
3737,Doughnut economics,Kate Raworth,Chelsea Green,2017    ,Economics and Business,978-1603586740,13
3738,"The queen-like closet, or, Rich cabinet",Hannah Woolley,Southover Press,1670    ,Economics and Business,978-1519441140,13
3739,Algorithmic Trading,Ernie Chan,John Wiley & Sons,2013    ,Economics and Business,978-1118460146,15
3740,Ekonomi,Hindersah Wiratmadja,Erlangga,1964    ,Economics and Business,978-9794073001,10
3741,Factory physics,Wallace J. Hopp,Waveland Press,1995    ,Economics and Business,978-1577667391,20
3742,Applied statistics in business and economics,David P. Doane,McGraw-Hill Education,2007    ,Economics and Business,978-1259957598,15
3743,Lean Analytics,Alistair Croll,O'Reilly Media,2013    ,Economics and Business,978-1449335861,10
3744,Customer service,Paul R. Timm,Pearson,2010    ,Economics and Business,978-0133056846,20
3745,Macroeconomics for Today,Irvin B. Tucker,Cengage Learning,1997    ,Economics and Business,978-1337613057,16
3746,The $12 million stuffed shark,Donald N. Thompson,Palgrave Macmillan,2008    ,Economics and Business,978-0230610224,13
3747,The Return of Depression Economics,Paul R. Krugman,W. W. Norton & Co,1999    ,Economics and Business,978-0393071016,17
3748,E-Logistics,Stephen Pettit,Kogan Page,2016    ,Economics and Business,978-0749472665,18
3749,Coders,Clive Thompson,Penguin Press,2019    ,Economics and Business,978-0735220560,3
3750,Strategic Sports Event Management,Guy Masterman,Routledge,2004    ,Economics and Business,978-0415516990,18
3751,Introductory Econometrics,Jeffrey M. Wooldridge,Cengage Learning,2015    ,Economics and Business,978-1305270107,16
3752,The Secret Life of Groceries,Benjamin Lorr,Avery,2020    ,Economics and Business,978-1524744960,13
3753,Household papers and stories,Harriet Beecher Stowe,Houghton Mifflin,1896    ,Economics and Business,978-1541014527,8
3754,The 100 Absolutely Unbreakable Laws of Business Success (Audio),Brian Tracy,Berrett-Koehler,2000    ,Economics and Business,978-1576751268,13
3755,Warren Buffett speaks,Warren Buffett,John Wiley & Sons,1997    ,Economics and Business,978-1119330103,20
3756,Histoire philosophique et politique des établissemens et du commerce des Européens dans les deux Indes,Raynal abbé,Hayez,1774    ,Economics and Business,978-1246101294,3
3757,An Introduction to the Policy Process,Thomas A. Birkland,Routledge,2001    ,Economics and Business,978-0765646132,15
3758,The art of the commonplace,Wendell Berry,Counterpoint,2002    ,Economics and Business,978-1593760076,11
3759,Trading Market Dynamics Using Technical Analysis,Constance Brown,John Wiley & Sons,2022    ,Economics and Business,978-0071350037,19
3760,Introduction to business,Joseph T. Straub,Kent Pub. Co,1983    ,Economics and Business,978-0070621459,15
3761,Modern auditing,William C. Boynton,John Wiley & Sons,1995    ,Economics and Business,978-0471230113,7
3762,A passion for success,Kazuo Inamori,McGraw-Hill,1995    ,Economics and Business,978-0070325418,20
3763,When Affirmative Action Was White,Ira Katznelson,W. W. Norton & Co,2005    ,Economics and Business,978-0393328516,15
3764,Daddy's gone a hunting,Mary Higgins Clark,Simon & Schuster,2013    ,Economics and Business,978-0671705640,17
3765,The birth of a consumer society,Neil McKendrick,Indiana University Press,1982    ,Economics and Business,978-0253203212,12
3766,Microeconomic theory,C. E. Ferguson,Richard D. Irwin,1966    ,Economics and Business,978-0256016628,5
3767,Life on the English Manor,Henry Stanley Bennett,Cambridge University Press,1937    ,Economics and Business,978-0521091213,4
3768,Statistical techniques in business and economics,Robert Deward Mason,Irwin/McGraw-Hill,1967    ,Economics and Business,978-0256157147,2
3769,Fire in the valley,Paul Freiberger,McGraw-Hill,1984    ,Economics and Business,978-0071358927,8
3770,The Biggest Bluff,Maria Konnikova,Penguin Press,2020    ,Economics and Business,978-0525522621,19
3771,Project Management for the Unofficial Project Manager,Kory Kogon,BenBella Books,2015    ,Economics and Business,978-1941631102,7
3772,The art of the start 2.0,Guy Kawasaki,Portfolio,2015    ,Economics and Business,978-1591847564,8
3773,The great game of business,Jack Stack,Currency,1992    ,Economics and Business,978-0385536455,4
3774,"Change Your Thinking, Change Your Life",Brian Tracy,John Wiley & Sons,2003    ,Economics and Business,978-0471648376,8
3775,Management and the arts,William J. Byrnes,Routledge,1993    ,Economics and Business,978-1138241015,10
3776,E-business and e-commerce management,Dave Chaffey,Pearson,2001    ,Economics and Business,978-0273752011,17
3777,"Big Data: A Revolution That Will Transform How We Live, Work, and Think",Viktor Mayer-Schönberger,Eamon Dolan/HMH,2013    ,Economics and Business,978-0544227750,7
3778,Edible Economics,Ha-Joon Chang,PublicAffairs,2022    ,Economics and Business,978-1526615718,19
3779,Secrets of Productive People,Mark Forster,Teach Yourself,2015    ,Economics and Business,978-1444195156,4
3780,Choose Your Enemies Wisely,Patrick Bet-David,Portfolio,2023    ,Economics and Business,978-1250289414,14
3781,How to be a productivity ninja,Graham Allcott,Icon Books,2014    ,Economics and Business,978-1848316836,1
3782,Banana,Dan Koeppel,Hudson Street Press,2007    ,Economics and Business,978-1594630385,12
3783,Accounting and finance for non-specialists,Peter Atrill,Pearson,1995    ,Economics and Business,978-1292135601,13
3784,The Deming management method,Mary Walton,Perigee Books,1986    ,Economics and Business,978-0399550003,11
3785,Introduction to information systems,James A. O'Brien,McGraw-Hill Education,1993    ,Economics and Business,978-0073376776,8
3786,Bodalsi͡a︡ telenok s dubom,Александр Исаевич Солженицын,Collins/Harvill,1975    ,Economics and Business,978-5010044558,11
3787,How will you measure your life?,Clayton M. Christensen,Harper Business,2012    ,Economics and Business,978-0062103062,7
3788,The Steep Approach to Garbadale,Iain Banks,"Little, Brown",2007    ,Economics and Business,978-0316017503,19
3789,Histoire de l'économie politique en Europe depuis les anciens jusqu'a nos jours,Jérôme-Adolphe Blanqui,Guillaumin,1837    ,Economics and Business,978-1421226064,3
3790,Health economics,"Phelps, Charles E.",Routledge,1976    ,Economics and Business,978-0134534510,6
3791,Your Money and Your Brain,Jason Zweig,Simon & Schuster,2007    ,Economics and Business,978-0743276696,15
3792,A Lesson in Loving,Margaret Way,Harlequin,1975    ,Economics and Business,978-0373024506,5
3793,It's not luck,Eliyahu M. Goldratt,North River Press,1994    ,Economics and Business,978-0884271154,7
3794,Principles for Navigating Big Debt Crises,Ray Dalio,Bridewater,2018    ,Economics and Business,978-1732203105,8
3795,America's housekeeping book,New York Herald Tribune. Home Institute.,Charles Scribner's Sons,1941    ,Economics and Business,978-1258169220,15
3796,Applications and investigations in earth science,Kenneth G. Pinzke,Pearson,1994    ,Economics and Business,978-0134746241,4
3797,Work Won't Love You Back,Sarah Jaffe,Bold Type Books,2021    ,Economics and Business,978-1568589398,17
3798,Black metropolis,St. Clair Drake,University of Chicago Press,1945    ,Economics and Business,978-0226162317,11
3799,Business policy in an Asian context,Emanuel V. Soriano,Sinag-Tala,1983    ,Economics and Business,978-9711016142,5
3800,The crowd in the French Revolution,George Rudé,Oxford University Press,1959    ,Economics and Business,978-0195003666,16
3801,Psychology of Entrepreneurship,J. Robert Baum,Psychology Press,2006    ,Economics and Business,978-0805850628,1
3802,Eastern standard tribe,Cory Doctorow,Tor Books,2004    ,Economics and Business,978-0765307590,10
3803,Troubles,J.G. Farrell,NYRB Classics,1970    ,Economics and Business,978-1590170137,14
3804,The dual mandate in British tropical Africa,"Lugard, Frederick John Dealtry Baron",Routledge,1905    ,Economics and Business,978-0714612201,11
3805,Selling,Roger Ditzenberger,South-Western Pub,1981    ,Economics and Business,978-0538605304,13
3806,Essentials of business communication,Mary Ellen Guffey,Cengage Learning,1995    ,Economics and Business,978-1285094069,17
3807,Business cycles,Joseph Alois Schumpeter,McGraw-Hill,1939    ,Economics and Business,978-1614270607,17
3808,Business Goals 1 Student's Book,Gareth Knight,Cambridge University Press,2004    ,Economics and Business,978-0521755375,1
3809,The Google story,David A. Vise,Delacorte Press,2005    ,Economics and Business,978-0553804577,1
3810,Seven steps to mastering business analysis,Barbara A. Carkenord,J. Ross Publishing,2008    ,Economics and Business,978-1604270075,3
3811,Economics of agricultural development,George W. Norton,Routledge,2009    ,Economics and Business,978-1138657663,14
3812,Fundamentals of real estate appraisal,William L. Ventolo,Dearborn Real Estate,1975    ,Economics and Business,978-1475427059,10
3813,Way of the wolf,Jordan Belfort,Gallery Books,2017    ,Economics and Business,978-1501164286,17
3814,The Dressmaker of Khair Khana,Gayle Tzemach Lemmon,Harper,2011    ,Economics and Business,978-0061962387,12
3815,"L'Antisémitisme, son histoire et ses causes",Bernard Lazare,Vieille Taupe,1894    ,Economics and Business,978-2357480834,19
3816,Disrupted,Daniel Lyons,Hachette Books,2016    ,Economics and Business,978-0316306058,16
3817,Financial Markets and Institutions,Frederic S. Mishkin,Pearson,1998    ,Economics and Business,978-0133423624,12
3818,An Examination of Sir William Hamilton's Philosophy,John Stuart Mill,"Longmans, Green",1865    ,Economics and Business,978-1376882254,12
3819,Microsoft Secrets,Michael A. Cusumano,Free Press,1995    ,Economics and Business,978-0684855219,9
3820,Global marketing,Warren J. Keegan,Pearson,2004    ,Economics and Business,978-0133548334,7
3821,The more of less,Joshua Becker,WaterBrook,2016    ,Economics and Business,978-1601427960,4
3822,Research on professional responsibility and ethics in accounting,Cynthia Jeffrey,Emerald Publishing,2004    ,Economics and Business,978-1786350640,18
3823,New Venture Creation,"Marc H. Meyer, Frederick G. Crane",Prentice Hall,2013    ,Economics and Business,978-0136140320,20
3824,Post-capitalist society,Peter F. Drucker,Harper Business,1993    ,Economics and Business,978-0750609210,10
3825,Schoolteacher,Dan C. Lortie,University of Chicago Press,1975    ,Economics and Business,978-0226493534,2
3826,Organizing for dummies,Eileen Roth,For Dummies,2000    ,Economics and Business,978-0764553301,11
3827,Debunking neo-classical economics,Steve Keen,Zed Books,2001    ,Economics and Business,978-1848139923,9
3828,The Back of the Napkin,Dan Roam,Portfolio,2008    ,Economics and Business,978-1591842699,15
3829,Nuansa psikologi pembangunan,Djamaludin Ancok,Pustaka Pelajar,1995    ,Economics and Business,978-9798139369,6
3830,Adaptive markets,Andrew W. Lo,Princeton University Press,2017    ,Economics and Business,978-0691135144,13
3831,Ignore everybody,Hugh MacLeod,Portfolio,2009    ,Economics and Business,978-1591842590,13
3832,The new industrial state,John Kenneth Galbraith,Princeton University Press,1967    ,Economics and Business,978-0691131412,10
3833,Applied statistics,John Neter,Richard D. Irwin,1978    ,Economics and Business,978-0205103287,15
3834,Megatrends 2000,John Naisbitt,William Morrow,1990    ,Economics and Business,978-0688072247,19
3835,The ultimate guide to facebook advertising,Perry Marshall,Entrepreneur Press,2011    ,Economics and Business,978-1599184302,10
3836,Dave Ramseys Complete Guide To Money The Handbook Of Financial Peace University,Dave Ramsey,Ramsey Press,2011    ,Economics and Business,978-1937077204,10
3837,The medieval machine,Jean Gimpel,"Holt, Rinehart and Winston",1975    ,Economics and Business,978-0140045147,16
3838,Mexico,Bobbie Kalman,Crabtree Publishing,1993    ,Economics and Business,978-0778793311,6
3839,Economics : the user's guide,Ha-Joon Chang,Pelican,2014    ,Economics and Business,978-1620408124,13
3840,The employment situation,United States. Congress. Joint Economic Committee,GPO,1995    ,Economics and Business,978-1234567890*,9
3841,Five stars,Carmine Gallo,St. Martin's Press,2018    ,Economics and Business,978-1250155238,16
3842,Credibility,James M. Kouzes,Jossey-Bass,1993    ,Economics and Business,978-0470646571,7
3843,The storm book,Charlotte Zolotow,HarperCollins,1952    ,Economics and Business,978-0064431965,2
3844,Investment banking,Joshua Rosenbaum,John Wiley & Sons,2009    ,Economics and Business,978-1118456101,15
3845,Candy Girl,Diablo Cody,Gotham Books,2005    ,Economics and Business,978-1592402946,17
3846,I Still Dream About You,Fannie Flagg,Random House,2010    ,Economics and Business,978-1400065936,15
3847,Power Play,Danielle Steel,Delacorte Press,2014    ,Economics and Business,978-0345530967,15
3848,How to Raise Successful People,Esther Wojcicki,Houghton Mifflin Harcourt,2019    ,Economics and Business,978-1328974860,9
3849,Strategic sport marketing,David Shilbury,Allen & Unwin,1998    ,Economics and Business,978-1743314500,18
3850,Talking from 9 to 5,Deborah Tannen,William Morrow,1994    ,Economics and Business,978-0688112431,4
3851,Trading Psychology 2. 0,Brett N. Steenbarger,John Wiley & Sons,2015    ,Economics and Business,978-1119103745,14
3852,Modern Latin America,Thomas E. Skidmore,Oxford University Press,1984    ,Economics and Business,978-0195374667,19
3853,"The economic development of France and Germany, 1815-1914",John Clapham,Cambridge University Press,1921    ,Economics and Business,978-0691000107,18
3854,How Asia Works: Success and Failure in the World's Most Dynamic Region,Joe Studwell,Grove Press,2013    ,Economics and Business,978-0802121325,15
3855,Barbarous Mexico (Texas Pan American Series),John Kenneth Turner,University of Texas Press,1905    ,Economics and Business,978-1420950335,4
3856,Global economic history,Robert C. Allen,Oxford University Press,2011    ,Economics and Business,978-0199596652,6
3857,The economic problem,Robert L. Heilbroner,Prentice Hall,1968    ,Economics and Business,978-0132247580,10
3858,The capital budgeting decision,Harold Bierman,Routledge,1960    ,Economics and Business,978-0415400015,11
3859,Fully Automated Luxury Communism,Aaron Bastani,Verso,2019    ,Economics and Business,978-1786632623,18
3860,Basic marketing,William D. Perreault,McGraw-Hill Education,1996    ,Economics and Business,978-0078028984,13
3861,How to be a power connector,Judy Robinett,McGraw-Hill Education,2014    ,Economics and Business,978-0071830737,2
3862,1998 Index of Economic Freedom,Không rõ,Heritage Foundation,1998    ,Economics and Business,978-0891952770,12
3863,Be Useful,Arnold Schwarzenegger,Penguin Press,2023    ,Economics and Business,978-0593655955,13
3864,Case studies in finance,"Bruner, Robert F.",McGraw-Hill Education,1990    ,Economics and Business,978-0077861759,2
3865,Audit report,Michigan. Office of the Auditor General.,GPO,1988    ,Economics and Business,978-1103023158,16
3866,Your college experience,John N. Gardner,Bedford/St. Martin's,1992    ,Economics and Business,978-1457618390,5
3867,Sorry,Zoran Drvenkar,Other Press,2009    ,Economics and Business,978-1590514931,12
3868,Reaching the Top,Zig Ziglar,Success,1997    ,Economics and Business,978-1563124884,17
3869,Fish!,Stephen C. Lundin,Hyperion,2000    ,Economics and Business,978-0786866021,12
3870,Discrimination and disparities,Thomas Sowell,Basic Books,2018    ,Economics and Business,978-1541645639,17
3871,Organizational communication,Eric M. Eisenberg,Bedford/St. Martin's,1993    ,Economics and Business,978-1457601927,13
3872,Trading price action trends,Al Brooks,John Wiley & Sons,2012    ,Economics and Business,978-1118066515,18
3873,"New New Thing, The",Michael Lewis,W. W. Norton & Co,1999    ,Economics and Business,978-0393321500,15
3874,Search Engine Optimization All-in-One For Dummies,Bruce Clay,John Wiley & Sons,2009    ,Economics and Business,978-1119129578,9
3875,Global Political Economy,Theodore H. Cohn,Routledge,2007    ,Economics and Business,978-1138958746,14
3876,Gomorrah,Roberto Saviano,"Farrar, Straus and Giroux",2007    ,Economics and Business,978-0312427795,4
3877,Essays on Some Unsettled Questions of Political Economy,John Stuart Mill,"Longmans, Green",1844    ,Economics and Business,978-0582500099,8
3878,Real Artists Don't Starve,Jeff Goins,Thomas Nelson,2017    ,Economics and Business,978-0718086268,7
3879,The Feather Thief,Kirk Wallace Johnson,Viking,2018    ,Economics and Business,978-1101981610,16
3880,Value(s),Mark Carney,PublicAffairs,2021    ,Economics and Business,978-1541768680,8
3881,Le systeme des objects,Jean Baudrillard,Gallimard,1968    ,Economics and Business,978-2070267743,8
3882,The Business School for People Who Like Helping People,Robert T. Kiyosaki,Plata Publishing,2001    ,Economics and Business,978-1612680125,9
3883,Thank You for Being Late,Thomas L. Friedman,"Farrar, Straus and Giroux",2016    ,Economics and Business,978-0374273538,5
3884,Mathematical analysis,Jean E. Weber,Harper & Row,1967    ,Economics and Business,978-0060469856,19
3885,Christmas with Martha Stewart living,Martha Stewart,Leisure Arts,1997    ,Economics and Business,978-0848714345,11
3886,The budget kit,Judy Lawrence,Dearborn Trade,1992    ,Economics and Business,978-1427700209,13
3887,The gamification of learning and instruction,Karl M. Kapp,Pfeiffer,2012    ,Economics and Business,978-1118096338,11
3888,Lords of poverty,Graham Hancock,Atlantic Monthly Press,1988    ,Economics and Business,978-0871134691,19
3889,Ireland in the new century,Horace Plunkett,John Murray,1904    ,Economics and Business,978-1406859737,19
3890,One year to an organized life,Regina Leeds,Da Capo Lifelong,2007    ,Economics and Business,978-0738211244,20
3891,Total Competition,Ross Brawn,Simon & Schuster,2016    ,Economics and Business,978-1471162350,17
3892,Sensemaking in organizations,Karl E. Weick,SAGE Publications,1995    ,Economics and Business,978-0803971776,8
3893,Flying Off Course,Rigas Doganis,Routledge,1985    ,Economics and Business,978-0415810555,12
3894,Histoire de la grandeur et de la décadence de César Birotteau,Honoré de Balzac,Folio,1800    ,Economics and Business,978-2070366620,16
3895,The story of more,Hope Jahren,Vintage,2019    ,Economics and Business,978-1101970355,6
3896,Sistem ekonomi Islam,Mohammad Daud Ali,UI Press,1988    ,Economics and Business,978-9794211601,18
3897,"Thinking, Fast and Slow ... in 30 Minutes",30 Minute Health Summary,Independent,2012    ,Economics and Business,978-1623150532,6
3898,Business math,Cheryl S. Cleaves,Pearson,1990    ,Economics and Business,978-0131100237,12
3899,The art of war for executives,Donald G. Krause,Berkley,1995    ,Economics and Business,978-0399519024,12
3900,The theory of capitalist development,Paul Marlor Sweezy,Monthly Review Press,1942    ,Economics and Business,978-0853450795,9
3901,Fundamentals of actuarial mathematics,S. David Promislow,John Wiley & Sons,2006    ,Economics and Business,978-1118782446,3
3902,Die stumme Herzogin. Roman,Dacia Maraini,Piper,1990    ,Economics and Business,978-3100484055,6
3903,The social media bible,Lon Safko,John Wiley & Sons,2009    ,Economics and Business,978-1118269749,4
3904,Supports,N. J. Habraken,Routledge,1972    ,Economics and Business,978-1870615310,20
3905,Pengorganisasian dan pengembangan masyarakat,Abu Huraerah,Humaniora,2008    ,Economics and Business,978-9793330686,6
3906,"Smartcuts : how hackers, innovators, and icons accelerate success",Shane Snow,Harper Business,2014    ,Economics and Business,978-0062302458,2
3907,International Management,Helen Deresky,Pearson,1993    ,Economics and Business,978-0133062601,4
3908,Cause Celeb,Helen Fielding,Picador,1994    ,Economics and Business,978-0330348270,18
3909,The first-time manager,Loren B. Belker,AMACOM,1978    ,Economics and Business,978-0814417835,9
3910,Armchair Economist,Steven E. Landsburg,Free Press,1993    ,Economics and Business,978-1451651737,17
3911,Scientific Advertising,Claude C. Hopkins,Cosimo Classics,1968    ,Economics and Business,978-1603866347,6
3912,Introduction to international political economy,David N. Balaam,Routledge,2011    ,Economics and Business,978-0205791385,15
3913,The Canadian commonwealth,Agnes C. Laut,Bobbs-Merrill,1915    ,Economics and Business,978-1406830743,12
3914,Financial Valuation,James R. Hitchner,John Wiley & Sons,2003    ,Economics and Business,978-1119286608,13
3915,On fire,Naomi Klein,Simon & Schuster,2019    ,Economics and Business,978-1982129903,20
3916,Zur Kritik der politischen Ökonomie,Karl Marx,Dietz Verlag,1859    ,Economics and Business,978-3320002169,8
3917,El desorden de tu nombre,Juan José Millás,Alfaguara,1988    ,Economics and Business,978-8420422275,17
3918,HBR's 10 must reads,Clayton M. Christensen,Harvard Business Press,2010    ,Economics and Business,978-1422133446,4
3919,Principles of econometrics,R. Carter Hill,John Wiley & Sons,2007    ,Economics and Business,978-1118452271,14
3920,If Then,Jill Lepore,Liveright,2020    ,Economics and Business,978-1631493539,20
3921,Brag!,Peggy Klaus,Warner Books,2003    ,Economics and Business,978-0446692786,1
3922,Export controls,United States. General Accounting Office,GAO,1986    ,Economics and Business,978-1234567890*,5
3923,Brief History of Equality,Thomas Piketty,Harvard University Press,2021    ,Economics and Business,978-0674273559,18
3924,A little history of economics,Niall Kishtainy,Yale University Press,2017    ,Economics and Business,978-0300204568,1
3925,Economie des inégalités,Thomas Piketty,Repères,1997    ,Economics and Business,978-2021235173,16
3926,Industry and trade,Alfred Marshall,Cosimo Classics,1919    ,Economics and Business,978-1614274940,6
3927,Essentials of supply chain management,Michael H. Hugos,John Wiley & Sons,2003    ,Economics and Business,978-1119461104,6
3928,Fordlandia,Greg Grandin,Metropolitan Books,2009    ,Economics and Business,978-0805091915,5
3929,Ekonomi Islam,Universitas Islam Indonesia. Pusat Pengkajian dan Pengembangan Ekonomi Islam,Ekopesia,2008    ,Economics and Business,978-9797691813,2
3930,The economics of sports,Michael Leeds,Routledge,2004    ,Economics and Business,978-1138052451,3
3931,An introduction to law and economics,A. Mitchell Polinsky,Wolters Kluwer,1983    ,Economics and Business,978-1454847427,2
3932,In-laws and outlaws,C. Northcote Parkinson,Murray,1962    ,Economics and Business,978-0140018806,8
3933,Market Forces,Richard K. Morgan,Del Rey,2004    ,Economics and Business,978-0345457745,16
3934,A Joy For Ever (And Its Price in the Market),John Ruskin,Allen & Unwin,1880    ,Economics and Business,978-1602069770,20
3935,Hitlers Volksstaat,Götz Aly,S. Fischer,2005    ,Economics and Business,978-3100004208,16
3936,"Whatever You Think, Think the Opposite",Paul Arden,Portfolio,2006    ,Economics and Business,978-1591841333,9
3937,Hedge funds for dummies,Ann C. Logue,For Dummies,2006    ,Economics and Business,978-0470049273,17
3938,Essentials of investments,Zvi Bodie,McGraw-Hill Education,1992    ,Economics and Business,978-1260013924,7
3939,Artificial intelligence,K. Warwick,Routledge,2012    ,Economics and Business,978-0415534444,19
3940,The business planning guide,David H. Bangs,Upstart Publishing,1976    ,Economics and Business,978-0793153527,12
3941,The New Rules of Green Marketing,Jacquelyn Ottman,Berrett-Koehler,2010    ,Economics and Business,978-1605098661,19
3942,The Practice,Seth Godin,Portfolio,2020    ,Economics and Business,978-0593328972,18
3943,Introduction to Development Studies,Hennie Swanepoel,Oxford University Press,2001    ,Economics and Business,978-0195789522,17
3944,Ekonomi kesehatan,Prijono Tjiptoherijanto,Rinneka Cipta,1994    ,Economics and Business,978-9794561225,16
3945,LinkedIn for dummies,Joel Elad,For Dummies,2011    ,Economics and Business,978-1119576174,5
3946,Glengarry Glen Ross,David Mamet,Grove Press,1983    ,Economics and Business,978-0802130914,4
3947,Amazon Unbound,Brad Stone,Simon & Schuster,2021    ,Economics and Business,978-1501132445,8
3948,Who Stole My Cheese,Ilene Hochberg,Random House,2002    ,Economics and Business,978-0517706824,19
3949,Aspire higher,Avery Johnson,Thomas Nelson,2008    ,Economics and Business,978-0061245039,12
3950,The Big Book of Dashboards,Steve Wexler,John Wiley & Sons,2017    ,Economics and Business,978-1119282716,4
3951,Running lean,Ash Maurya,O'Reilly Media,2012    ,Economics and Business,978-1449305178,9
3952,Guide to Philippine flora and fauna,Natural Resources Management Center (Philippines),Goodwill Bookstore,1986    ,Economics and Business,978-9711014162,13
3953,Poverty and un-British rule in India,"Naoroji, Dadabhai",Classics of South Asia,1901    ,Economics and Business,978-8122312676,16
3954,La loi,Frédéric Bastiat,Ludwig von Mises Inst.,1850    ,Economics and Business,978-1603863483,11
3955,Business Goals 2 Teacher's Book,Gareth Knight,Cambridge University Press,2004    ,Economics and Business,978-0521755436,9
3956,Jeffrey Gitomer's little red book of selling,Jeffrey H. Gitomer,Bard Press,2004    ,Economics and Business,978-1885167606,16
3957,How the world sees you,Sally Hogshead,Harper Business,2014    ,Economics and Business,978-0062230691,14
3958,Fundamentals of Corporate Finance,Jonathan Berk,Pearson,2008    ,Economics and Business,978-0134475561,3
3959,Business finance,Frank Walter Paish,Pitman,1953    ,Economics and Business,978-0273017776,19
3960,Saving capitalism,Robert B. Reich,Knopf,2015    ,Economics and Business,978-0385350570,12
3961,Judgment in managerial decision making,Max H. Bazerman,John Wiley & Sons,1986    ,Economics and Business,978-1118390603,4
3962,Black Mesa,Zane Grey,Leisure Books,1955    ,Economics and Business,978-0582531383,14
3963,Ley de sociedades comerciales,Argentina.,Errepar,1972    ,Economics and Business,978-9502025346,3
3964,On grand strategy,John Lewis Gaddis,Penguin Press,2018    ,Economics and Business,978-1594203527,11
3965,The Marriage Agenda,Christine Rimmer,Silhouette,2003    ,Economics and Business,978-0373244744,7
3966,Arthur's funny money,Lillian Hoban,HarperCollins,1981    ,Economics and Business,978-0064440486,15
3967,Business intelligence,Rajiv Sabherwal,John Wiley & Sons,2010    ,Economics and Business,978-0470461709,17
3968,A economia latino-americana,Celso Furtado,Companhia das Letras,1969    ,Economics and Business,978-8521803737,8
3969,Pakistan,Ian Talbot,Yale University Press,1998    ,Economics and Business,978-0199066070,17
3970,Critical Chain,Eliyahu M. Goldratt,North River Press,1997    ,Economics and Business,978-0884271536,1
3971,Asian drama,Gunnar Myrdal,Twentieth Century Fund,1968    ,Economics and Business,978-0394704692,10
3972,Two awesome hours,Josh Davis,HarperOne,2015    ,Economics and Business,978-0062326911,12
3973,Paekche ŭi kŏnchʻuk kwa tʻomok,Chʻungchʻŏng-namdo Yŏksa Munhwa Yŏnʼguwŏn,Gongju,2007    ,Economics and Business,978-8989505872,5
3974,Developments in ESP,Tony Dudley-Evans,Cambridge University Press,1998    ,Economics and Business,978-0521596756,15
3975,The unschooled mind,Howard Gardner,Basic Books,1991    ,Economics and Business,978-0465088966,11
3976,Materials Management with SAP S/4HANA,Jawad Akhtar,SAP Press,2019    ,Economics and Business,978-1493217496,13
3977,Fundraising for social change,Kim Klein,Jossey-Bass,1985    ,Economics and Business,978-1119220978,12
3978,The Present,Spencer Johnson,Doubleday,2003    ,Economics and Business,978-0385173131,2
3979,The One Device,Brian Merchant,"Little, Brown and Co",2017    ,Economics and Business,978-0316546164,20
3980,A Theory of Economic History,Sir John Richard Hicks,Oxford University Press,1969    ,Economics and Business,978-0198810742,13
3981,Excel 2013 For Dummies,Greg Harvey,For Dummies,2013    ,Economics and Business,978-1118510124,6
3982,The Power of Less,Leo Babauta,Hyperion,2008    ,Economics and Business,978-1401309701,2
3983,Domesday book and beyond,Frederic William Maitland,Cambridge University Press,1897    ,Economics and Business,978-0521093149,11
3984,Dark age ahead,Jane Jacobs,Random House,2004    ,Economics and Business,978-0679313090,16
3985,Strategic Integrated Marketing Communications,Larry Percy,Routledge,2007    ,Economics and Business,978-0415822053,16
3986,Cities and the wealth of nations,Jane Jacobs,Vintage,1984    ,Economics and Business,978-0394736150,2
3987,ECONOMICS,Paul R. Krugman,Worth Publishers,2005    ,Economics and Business,978-1319066604,13
3988,Nation branding,Keith Dinnie,Routledge,2007    ,Economics and Business,978-1138850491,10
3989,Fibonacci analysis,Constance M. Brown,John Wiley & Sons,2008    ,Economics and Business,978-1576602515,6
3990,West's paralegal today,Roger LeRoy Miller,Cengage Learning,1995    ,Economics and Business,978-1133591078,2
3991,The national system of political economy,Friedrich List,Cosimo Classics,1966    ,Economics and Business,978-1614271512,12
3992,Management Information Systems for the Information Age,Stephen Haag,McGraw-Hill Education,1998    ,Economics and Business,978-0073376752,8
3993,Bt-Diet for Sml Planet,Frances Moore Lappé,Ballantine Books,1971    ,Economics and Business,978-0345321206,19
3994,Tulipomania,Mike Dash,Crown,1999    ,Economics and Business,978-0609807651,17
3995,How capitalism underdeveloped Black America,Manning Marable,Haymarket Books,1983    ,Economics and Business,978-0896081987,8
3996,How To Start A Business Without Any Money,Rachel Bridge,Virgin Books,2012    ,Economics and Business,978-0749460670,6
3997,A Good Marriage,Stephen King,Scribner,2014    ,Economics and Business,978-1501103346,13
3998,Results Act,United States. General Accounting Office. RCED,GAO,1997    ,Economics and Business,978-1234567890*,11
3999,Age of ambition,Evan Osnos,"Farrar, Straus and Giroux",2014    ,Economics and Business,978-0374280741,13
4000,Russia,Donald MacKenzie Wallace,Cassell,1877    ,Economics and Business,978-1406836462,9
4001,The Second World War,Winston S. Churchill,Mariner Books,1948    ,History,978-0395416853,3
4002,Im Westen nichts Neues,Erich Maria Remarque,Kiepenheuer & Witsch,1928    ,History,978-3462046335,19
4003,Schachnovelle,Stefan Zweig,Penguin Classics,1943    ,History,978-0241251393,17
4004,Sonnenfinsternis,Arthur Koestler,Scribner,1940    ,History,978-1501161315,8
4005,The Book Thief,Markus Zusak,Knopf,1998    ,History,978-0375842207,6
4006,Noli Me Tangere,José Rizal,Penguin Classics,1902    ,History,978-0143039693,17
4007,Mémoires d'Hadrien,Marguerite Yourcenar,Gallimard,1951    ,History,978-2070369218,8
4008,A Study of History,Arnold J. Toynbee,Oxford Univ. Press,1900    ,History,978-0195050806,8
4009,Die Blechtrommel,Günter Grass,Vintage,1959    ,History,978-0547339108,8
4010,The blue castle,Lucy Maud Montgomery,McClelland & Stewart,1926    ,History,978-0771061486,16
4011,History,Herodotus,Penguin Classics,1494    ,History,978-0140449082,14
4012,Доктор Живаго,Boris Leonidovich Pasternak,Pantheon,1957    ,History,978-0307390950,16
4013,The Razor's Edge,William Somerset Maugham,Penguin Classics,1944    ,History,978-0143105237,19
4014,Naturalis historia,Pliny the Elder,Penguin Classics,1469    ,History,978-0140444131,2
4015,Hiroshima,John Hersey,Vintage,1702    ,History,978-0679721031,12
4016,The Sea Fairies,L. Frank Baum,Books of Wonder,1911    ,History,978-0960332298,5
4017,Le roman du masque de fer,Alexandre Dumas,Flammarion,1600    ,History,978-2081210851,2
4018,Slaughterhouse-Five,Kurt Vonnegut,Dial Press,1968    ,History,978-0385333849,13
4019,Εὐθύφρων / Κρίτων / Φαίδων / Ἀπολογία Σωκράτους,Πλάτων,Oxford Univ. Press,1871    ,History,978-0195139075,16
4020,Shirley,Charlotte Brontë,Penguin Classics,1800    ,History,978-0141439860,4
4021,Perfume,Patrick Süskind,Vintage,1985    ,History,978-0375725845,15
4022,Ivanhoe,Sir Walter Scott,Penguin Classics,1800    ,History,978-0140436587,3
4023,Mein Kampf,Adolf Hitler,Houghton Mifflin,1922    ,History,978-0395925034,14
4024,The Pillars of the Earth,Ken Follett,Penguin Books,1989    ,History,978-0451225245,12
4025,Philosophiae naturalis principia mathematica,Sir Isaac Newton,University of California,1687    ,History,978-0520088177,6
4026,Manifest der Kommunistischen Partei,Karl Marx,Penguin Classics,1848    ,History,978-0140447576,7
4027,El Conde de Montecristo,Alexandre Dumas,Penguin Classics,1830    ,History,978-0140449266,18
4028,Les Trois Mousquetaires,Alexandre Dumas,Oxford World's Classics,1844    ,History,978-0199538478,4
4029,The Art of War,孙武,Shambhala,1900    ,History,978-1590302255,18
4030,The Scarlet Pimpernel,Emma Orczy,Signet Classics,1900    ,History,978-0451527622,10
4031,Ἀπολογία Σωκράτους,Πλάτων,Cambridge Univ. Press,1675    ,History,978-0521277181,2
4032,Het Achterhuis,Anne Frank,Bantam,1944    ,History,978-0553296983,13
4033,Записки изъ подполья,Фёдор Михайлович Достоевский,Vintage,1960    ,History,978-0679734529,2
4034,The House of the Seven Gables,Nathaniel Hawthorne,Penguin Classics,1851    ,History,978-0140390056,17
4035,Salomé,Oscar Wilde,Dover Publications,1893    ,History,978-0486218304,18
4036,Gone With the Wind,Margaret Mitchell,Scribner,1936    ,History,978-1451635621,9
4037,The Souls of Black Folk,W. E. B. Du Bois,Oxford World's Classics,1903    ,History,978-0199555833,19
4038,Brood of the Witch-Queen,Sax Rohmer,Dover Publications,1924    ,History,978-0486411132,19
4039,"Under the Greenwood Tree or, The Mellstock quire",Thomas Hardy,Penguin Classics,1872    ,History,978-0140431230,2
4040,The Story of Philosophy,Will Durant,Simon & Schuster,1926    ,History,978-1567310238,2
4041,The history of the great plague in London in the year 1665,Daniel Defoe,Dover Publications,1722    ,History,978-0486441672,16
4042,The Prince and the Pauper,Mark Twain,Penguin Classics,1881    ,History,978-0140436693,12
4043,Genji monogatari,Murasaki Shikibu,Penguin Classics,1900    ,History,978-0142437148,14
4044,Kidnapped,Robert Louis Stevenson,Penguin Classics,1886    ,History,978-0141441030,13
4045,It Can't Happen Here,Sinclair Lewis,Signet,1935    ,History,978-0451465641,15
4046,Beloved,Toni Morrison,Vintage,1987    ,History,978-1400033416,14
4047,The Alhambra,Washington Irving,Macmillan,1800    ,History,978-1162725895,15
4048,Hong lou meng,"Tsʻao, Hsüeh-chʻin.",Penguin Classics,1900    ,History,978-0140443189,17
4049,The Daughter of Time,Josephine Tey,Scribner,1951    ,History,978-0684803869,6
4050,The House of Mirth,Edith Wharton,Penguin Classics,1905    ,History,978-0140187298,6
4051,Pollyanna,Eleanor Hodgman Porter,Puffin Books,1912    ,History,978-0141321394,16
4052,La père Goriot,Honoré de Balzac,Oxford World's Classics,1800    ,History,978-0199538751,15
4053,The Enduring Vision,Paul S. Boyer,Washington Square Press,1987    ,History,978-1416500353,3
4054,La conquête du pain,Peter Kropotkin,Penguin Classics,1892    ,History,978-0141396118,4
4055,The Hunchback of Notre Dame,Victor Hugo,Penguin Classics,1831    ,History,978-0140443530,20
4056,Narrative of the life of Frederick Douglass,Frederick Douglass,Signet Classics,1845    ,History,978-0451529947,1
4057,The Iron Heel,Jack London,Penguin Classics,1907    ,History,978-0143039716,9
4058,Мастер и Маргарита,Михаил Афанасьевич Булгаков,Penguin Classics,1966    ,History,978-0143108252,10
4059,Essais,"Montaigne, Michel de",Penguin Classics,1600    ,History,978-0140446043,5
4060,The Sun Also Rises,Ernest Hemingway,Scribner,1926    ,History,978-0684800714,15
4061,De rerum natura,Titus Lucretius Carus,Oxford World's Classics,1486    ,History,978-0199555147,17
4062,Les Misérables,Victor Hugo,Signet Classics,1862    ,History,978-0451419439,8
4063,White Fang,Jack London,Scholastic,1905    ,History,978-0439236309,1
4064,The Old Curiosity Shop,Charles Dickens,Penguin Classics,1800    ,History,978-0140437423,5
4065,A Tale of Two Cities,Charles Dickens,Penguin Classics,1800    ,History,978-0141439600,19
4066,The Last of the Mohicans,James Fenimore Cooper,Penguin Classics,1826    ,History,978-0140390247,7
4067,The Good Earth,Pearl S. Buck,Atria,1931    ,History,978-1416500353,10
4068,The Picture of Dorian Gray,Oscar Wilde,Penguin Classics,1890    ,History,978-0141439570,3
4069,Tik-Tok of Oz,L. Frank Baum,Dover Publications,1914    ,History,978-0486278667,2
4070,The Scarlet Letter,Nathaniel Hawthorne,Penguin Classics,1850    ,History,978-0142437261,3
4071,The Enchanted Castle,Edith Nesbit,Puffin,1907    ,History,978-0141321523,5
4072,The Great Gatsby,F. Scott Fitzgerald,Scribner,1920    ,History,978-0743273565,8
4073,Kim,Rudyard Kipling,Penguin Classics,1901    ,History,978-0141439440,17
4074,Little men,Louisa May Alcott,Puffin,1885    ,History,978-0141323381,2
4075,Xi you ji,Wu Cheng'en,Penguin Classics,1900    ,History,978-0140444346,7
4076,Poirot investigates,Agatha Christie,HarperCollins,1924    ,History,978-0008164836,17
4077,She,H. Rider Haggard,Penguin Classics,1886    ,History,978-0140437638,7
4078,Jude the Obscure,Thomas Hardy,Penguin Classics,1895    ,History,978-0140435382,19
4079,Pride and Prejudice,Jane Austen,Penguin Classics,1813    ,History,978-0141439518,11
4080,Antony and Cleopatra,William Shakespeare,Simon & Schuster,1734    ,History,978-0743482851,3
4081,The Jungle,Upton Sinclair,Penguin Classics,1707    ,History,978-0140390476,11
4082,East of Eden,John Steinbeck,Penguin Classics,1952    ,History,978-0142000656,13
4083,History of the Decline and Fall of the Roman Empire Complete and Unabridged,Edward Gibbon,Penguin Classics,1776    ,History,978-0140433937,8
4084,Don Quijote de la Mancha,Miguel de Cervantes Saavedra,Penguin Classics,1600    ,History,978-0142437230,1
4085,A Connecticut Yankee in King Arthur's Court,Mark Twain,Penguin Classics,1889    ,History,978-0140430646,13
4086,Life on the Mississippi,Mark Twain,Penguin Classics,1883    ,History,978-0140390506,16
4087,Les confessions,Jean-Jacques Rousseau,Oxford World's Classics,1782    ,History,978-0199533251,13
4088,Memoirs of Fanny Hill,John Cleland,Oxford World's Classics,1749    ,History,978-0199540235,7
4089,The Riddle of the Sands,Erskine Childers,Penguin Classics,1903    ,History,978-0141181653,14
4090,Bleak House,Charles Dickens,Penguin Classics,1850    ,History,978-0141439723,3
4091,Πολιτικά (Politiká),Aristotle,Oxford World's Classics,1492    ,History,978-0199538737,10
4092,The Grapes of Wrath,John Steinbeck,Penguin Classics,1939    ,History,978-0143039433,1
4093,War and Peace,Лев Толстой,Penguin Classics,1864    ,History,978-0140447934,4
4094,For Whom the Bell Tolls,Ernest Hemingway,Scribner,1940    ,History,978-0684803357,3
4095,Il nome della rosa,Umberto Eco,Mariner Books,1980    ,History,978-0544176560,12
4096,The Red Pony,John Steinbeck,Penguin Classics,1933    ,History,978-0140177367,5
4097,The Secret of Chimneys,Agatha Christie,HarperCollins,1925    ,History,978-0008129460,5
4098,A dictionary of the English language,Samuel Johnson,Penguin Classics,1747    ,History,987-0141441573,10
4099,Смерть Ивана Ильича,Лев Толстой,Penguin Classics,1887    ,History,978-0140449532,5
4100,Decamerone,Giovanni Boccaccio,Penguin Classics,1516    ,History,978-0140449303,1
4101,Twelve years a slave,Solomon Northup,Penguin Classics,1853    ,History,978-0143125419,7
4102,Nicomachean Ethics,Aristotle,Oxford World's Classics,1558    ,History,978-0199213986,19
4103,The Canterbury Tales,Geoffrey Chaucer,Penguin Classics,1478    ,History,978-0140424386,1
4104,La casa de los espíritus,Isabel Allende,Vintage Espanol,1982    ,History,978-1101910214,4
4105,The Red Badge of Courage,Stephen Crane,Norton Critical Ed.,1855    ,History,978-0393930757,1
4106,An autobiography,Mohandas Karamchand Gandhi,Beacon Press,1927    ,History,978-0807059098,4
4107,Moby Dick,Herman Melville,Penguin Classics,1851    ,History,978-0142437247,12
4108,Finnegans Wake,James Joyce,Penguin Classics,1928    ,History,978-0141181264,4
4109,Anthem,Ayn Rand,Signet,1936    ,History,978-0451191137,18
4110,A Little Princess,Frances Hodgson Burnett,Puffin Classics,1905    ,History,978-0141325132,10
4111,The Legend of Sleepy Hollow,Washington Irving,Dover Publications,1820    ,History,978-0486466583,16
4112,Daisy Miller,Henry James,Penguin Classics,1877    ,History,978-0141441344,20
4113,Συμπόσιον,Πλάτων,Oxford World's Classics,1559    ,History,978-0199540198,2
4114,A Room of One's Own,Virginia Woolf,Mariner Books,1929    ,History,978-0156787338,1
4115,πολιτεία,Πλάτων,Penguin Classics,1554    ,History,978-0140455113,10
4116,Mémoires,Giacomo Casanova,Everyman's Library,1830    ,History,978-0307265579,12
4117,Du côté de chez Swann,Marcel Proust,Gallimard,1908    ,History,978-2070379248,20
4118,Lives,Plutarch,Modern Library,1564    ,History,978-0375756764,6
4119,Down and Out in Paris and London,George Orwell,Mariner Books,1933    ,History,978-0156262248,7
4120,The Pickwick Papers,Charles Dickens,Penguin Classics,1800    ,History,978-0140436112,8
4121,Homage to Catalonia,George Orwell,Mariner Books,1938    ,History,978-0156421171,12
4122,Oliver Twist,Charles Dickens,Penguin Classics,1822    ,History,978-0141439747,12
4123,The Club of Queer Trades,Gilbert Keith Chesterton,Dover Publications,1900    ,History,978-0486255347,17
4124,Incidents in the Life of a Slave Girl,Harriet A. Jacobs,Penguin Classics,1861    ,History,978-0140437959,13
4125,Candide,Voltaire,Penguin Classics,1746    ,History,978-0140440041,3
4126,David Copperfield,Charles Dickens,Penguin Classics,1800    ,History,978-0140439441,10
4127,La Divina Commedia,Dante Alighieri,Penguin Classics,1472    ,History,978-0142437223,3
4128,The Travels of Marco Polo,Marco Polo,Penguin Classics,1818    ,History,978-0140440577,13
4129,Treasure Island,Robert Louis Stevenson,Penguin Classics,1880    ,History,978-0141321004,12
4130,L’étranger,Albert Camus,Vintage International,1942    ,History,978-0679720201,9
4131,Our Mutual Friend,Charles Dickens,Penguin Classics,1800    ,History,978-0140434972,17
4132,"The life of Olaudah Equiano, or Gustavus Vassa, the African",Olaudah Equiano,Penguin Classics,1789    ,History,978-0142437162,16
4133,Cyrano de Bergerac,Edmond Rostand,Signet Classics,1821    ,History,978-0451532022,7
4134,Le Morte d'Arthur,Thomas Malory,Penguin Classics,1557    ,History,978-0140430332,20
4135,Anne of the Island,Lucy Maud Montgomery,Tundra Books,1826    ,History,978-1770496811,18
4136,A Vindication of Rights of Woman,Mary Wollstonecraft,Penguin Classics,1792    ,History,978-0141441252,12
4137,Up from Slavery,Booker T. Washington,Oxford World's Classics,1900    ,History,978-0199552399,19
4138,The Castle of Otranto,Horace Walpole,Penguin Classics,1764    ,History,978-0140437676,3
4139,The Pearl,John Steinbeck,Penguin Books,1945    ,History,978-0140177374,5
4140,The Autobiography of Benjamin Franklin,Benjamin Franklin,Yale University Press,1791    ,History,978-0300098587,2
4141,Black Beauty,Anna Sewell,Puffin Classics,1877    ,History,978-0141321035,17
4142,Heidi,"Spyri, Johanna",Puffin Classics,1885    ,History,978-0141322568,11
4143,Meditations,Marcus Aurelius,Modern Library,1626    ,History,978-0812968255,3
4144,Идіотъ,Фёдор Михайлович Достоевский,Vintage,1880    ,History,978-0375702242,19
4145,Great Expectations,Charles Dickens,Penguin Classics,1861    ,History,978-0141439563,16
4146,King Henry V,William Shakespeare,Arden Shakespeare,1600    ,History,978-1904271352,20
4147,American notes,Charles Dickens,Penguin Classics,1800    ,History,978-0140436495,14
4148,Emma,Jane Austen,Penguin Classics,1815    ,History,978-0141439587,16
4149,Отцы и дети,Ivan Sergeevich Turgenev,Penguin Classics,1867    ,History,978-0140441475,5
4150,Murder on the Links,Agatha Christie,HarperCollins,1923    ,History,978-0007119318,7
4151,Uncle Tom's Cabin,Harriet Beecher Stowe,Penguin Classics,1850    ,History,978-0140390032,9
4152,Анна Каренина,Лев Толстой,Penguin Classics,1876    ,History,978-0143035008,15
4153,The Handmaid's Tale,Margaret Atwood,Anchor,1985    ,History,978-0385490818,6
4154,Medea,Euripides,Oxford World's Classics,1703    ,History,978-0199537969,9
4155,Dracula,Bram Stoker,Penguin Classics,1897    ,History,978-0141439846,2
4156,De la démocratie en Amérique,Alexis de Tocqueville,Penguin Classics,1835    ,History,978-0140447606,1
4157,Orlando,Virginia Woolf,Harcourt,1928    ,History,978-0156701600,15
4158,Siddhartha,Hermann Hesse,New Directions,1922    ,History,978-0811200684,19
4159,Little House on the Prairie,Laura Ingalls Wilder,HarperCollins,1935    ,History,978-0064400022,20
4160,The Phoenix and the Carpet,Edith Nesbit,Puffin,1903    ,History,978-0140367393,12
4161,Nineteen Eighty-Four,George Orwell,Signet,1949    ,History,978-0451524935,20
4162,A Room with a View,E. M. Forster,Penguin Classics,1905    ,History,978-0141183299,10
4163,Der Steppenwolf,Hermann Hesse,Picador,1927    ,History,978-0312420000,12
4164,कामसूत्र,Vatsyāyana,Oxford World's Classics,1883    ,History,978-0199539161,17
4165,The Invisible Man,H. G. Wells,Penguin Classics,0    ,History,978-0141439983,7
4166,Adventures of Huckleberry Finn,Mark Twain,Penguin Classics,1876    ,History,978-0143105947,5
4167,Orthodoxy,Gilbert Keith Chesterton,Image,1874    ,History,978-0385015363,15
4168,History of the Peloponnesian War,Thucydides,Penguin Classics,1526    ,History,978-0140440393,18
4169,Meghadūta,Kālidāsa,Penguin Classics,1813    ,History,978-0140449839,15
4170,Good wives,Louisa May Alcott,Puffin,1870    ,History,978-0141366111,11
4171,My Ántonia,Willa Cather,Dover Publications,1818    ,History,978-0486282404,4
4172,Essay concerning human understanding,John Locke,Penguin Classics,1689    ,History,978-0140434828,17
4173,Jo's Boys,Louisa May Alcott,Puffin,1886    ,History,978-0141334998,16
4174,His Last Bow [8 stories],Arthur Conan Doyle,Oxford World's Classics,1917    ,History,978-0199538195,10
4175,An American Tragedy,Theodore Dreiser,Signet Classics,1900    ,History,978-0451531551,16
4176,And Then There Were None,Agatha Christie,HarperCollins,1939    ,History,978-0062073488,10
4177,Les Liaisons dangereuses,Pierre Choderlos de Laclos,Penguin Classics,1782    ,History,978-0140449570,16
4178,The Adventures of Tom Sawyer,Mark Twain,Penguin Classics,1817    ,History,978-0143039563,13
4179,Ὀδύσσεια,Όμηρος,Penguin Classics,1488    ,History,978-0140268867,8
4180,Ἰλιάς,Όμηρος,Penguin Classics,1505    ,History,978-0140275360,11
4181,Little Women,Louisa May Alcott,Penguin Classics,1848    ,History,978-0143106654,13
4182,A Christmas Carol,Charles Dickens,Penguin Classics,1843    ,History,978-0140439052,2
4183,Persuasion,Jane Austen,Penguin Classics,1789    ,History,978-0141439686,16
4184,Winter's Tale,William Shakespeare,Arden Shakespeare,1735    ,History,978-1904271703,14
4185,Three Men in a Boat (to say nothing of the dog),Jerome Klapka Jérôme,Penguin Classics,1889    ,History,978-0140434507,8
4186,The Railway Children,Edith Nesbit,Puffin Classics,1900    ,History,978-0141321608,5
4187,Heart of Darkness,Joseph Conrad,Penguin Classics,1899    ,History,978-0141441337,15
4188,Mere Christianity,C. S. Lewis,HarperOne,1943    ,History,978-0060652883,1
4189,Anatomy,Henry Gray F.R.S.,Running Press,1858    ,History,978-0762415731,8
4190,El amor en los tiempos del cólera,Gabriel García Márquez,Vintage Espanol,1985    ,History,978-1400034710,2
4191,Flatland,Edwin Abbott Abbott,Dover Publications,1884    ,History,978-0486272634,13
4192,Death on the Nile,Agatha Christie,William Morrow,1937    ,History,978-0062073556,10
4193,The Call of the Wild,Jack London,Penguin Classics,1903    ,History,978-0141321042,20
4194,Julius Caesar,William Shakespeare,Simon & Schuster,1656    ,History,978-0743482745,8
4195,The Pilgrim's Progress,John Bunyan,Penguin Classics,1678    ,History,978-0141439464,17
4196,Frankenstein or The Modern Prometheus,Mary Shelley,Penguin Classics,1818    ,History,978-0141439471,1
4197,Sense and Sensibility,Jane Austen,Penguin Classics,1811    ,History,978-0141439662,17
4198,Alice's Adventures in Wonderland / Through the Looking Glass,Lewis Carroll,Penguin Classics,1889    ,History,978-0141439761,20
4199,The Jewel of Seven Stars,Bram Stoker,Penguin Classics,1902    ,History,978-0141441689,8
4200,Poetics,Aristotle,Penguin Classics,1536    ,History,978-0140446364,3
4201,The Mystery of the Blue Train,Agatha Christie,HarperCollins,1928    ,History,978-0008129439,12
4202,This Side of Paradise,F. Scott Fitzgerald,Scribner,1920    ,History,978-0684843780,9
4203,Tender is the Night,F. Scott Fitzgerald,Scribner,1933    ,History,978-0684801544,12
4204,Walden,Henry David Thoreau,Princeton Univ. Press,1854    ,History,978-0691096124,11
4205,Georg Baselitz,Georg Baselitz,Royal Academy of Arts,1970    ,History,978-1905711055,3
4206,The Woman in White,Wilkie Collins,Penguin Classics,1860    ,History,978-0141439501,5
4207,Northanger Abbey,Jane Austen,Penguin Classics,1818    ,History,978-0141439792,4
4208,Jenseits von Gut und Böse,Friedrich Nietzsche,Penguin Classics,1885    ,History,978-0140445138,17
4209,Babbitt,Sinclair Lewis,Signet Classics,1922    ,History,978-0451523662,12
4210,Catch-22,Joseph Heller,Simon & Schuster,1961    ,History,978-1451626650,19
4211,Anne of Green Gables,Lucy Maud Montgomery,Puffin Classics,1908    ,History,978-0141321325,4
4212,Anne's House of Dreams,Lucy Maud Montgomery,Tundra Books,1917    ,History,978-1770496835,15
4213,Hamlet,William Shakespeare,Arden Shakespeare,1603    ,History,978-1904271338,13
4214,Ab urbe condita,Titus Livius,Penguin Classics,1481    ,History,978-0140443875,18
4215,Far From the Madding Crowd,Thomas Hardy,Penguin Classics,1874    ,History,978-0141439655,14
4216,Vanity Fair,William Makepeace Thackeray,Penguin Classics,1800    ,History,978-0141439839,20
4217,As You Like It,William Shakespeare,Penguin Classics,1734    ,History,978-0141396651,4
4218,At Bertram's Hotel,Agatha Christie,HarperCollins,1965    ,History,978-0008129590,10
4219,A Farewell to Arms,Ernest Hemingway,Scribner,1929    ,History,978-0684801469,11
4220,The Lost Symbol,Dan Brown,Anchor,2009    ,History,978-0307475992,6
4221,The Murder of Roger Ackroyd,Agatha Christie,HarperCollins,1926    ,History,978-0008129453,20
4222,Howards End,E. M. Forster,Penguin Classics,1910    ,History,978-0141182131,10
4223,Middlemarch,George Eliot,Penguin Classics,1871    ,History,978-0141439549,7
4224,Common Sense,Thomas Paine,Penguin Classics,1776    ,History,978-0140390162,16
4225,The Merchant of Venice,William Shakespeare,Simon & Schuster,1600    ,History,978-0743477567,17
4226,The Constitution of the United States and related documents,United States,National Constitution Ctr,1787    ,History,978-0812979558,15
4227,Sult,Knut Hamsun,Penguin Classics,1890    ,History,978-0141180649,10
4228,The Age of Innocence,Edith Wharton,Penguin Classics,1920    ,History,978-0140189704,9
4229,Macbeth,William Shakespeare,Arden Shakespeare,1508    ,History,978-1904271604,15
4230,Utopia,Thomas More,Penguin Classics,1518    ,History,978-0140449105,15
4231,The Secret Agent,Joseph Conrad,Penguin Classics,1907    ,History,978-0141441580,16
4232,Ethan Frome,Edith Wharton,Penguin Classics,1910    ,History,978-0142437803,1
4233,Of Mice and Men,John Steinbeck,Penguin Books,1937    ,History,978-0140177398,7
4234,The Kite Runner,Khaled Hosseini,Riverhead Books,2003    ,History,978-1594480003,8
4235,The Lost World,Arthur Conan Doyle,Penguin Classics,1900    ,History,978-0140437072,14
4236,Gulliver's Travels,Jonathan Swift,Penguin Classics,1726    ,History,978-0141439495,8
4237,Jane Eyre,Charlotte Brontë,Penguin Classics,1847    ,History,978-0141441146,12
4238,Ulysses,James Joyce,Penguin Classics,1914    ,History,978-0141182803,3
4239,Das Kapital,Karl Marx,Penguin Classics,1867    ,History,978-0140445688,18
4240,Paradise Lost,John Milton,Penguin Classics,1667    ,History,978-0140424393,16
4241,Five Children and It,Edith Nesbit,Puffin Classics,1905    ,History,978-0141321615,11
4242,Sonnets,William Shakespeare,Penguin Classics,1609    ,History,978-0140714531,9
4243,Othello,William Shakespeare,Arden Shakespeare,1622    ,History,978-1903436455,18
4244,Rayuela,Julio Cortázar,Pantheon,1963    ,History,978-0394752846,7
4245,Der Antichrist,Friedrich Nietzsche,Penguin Classics,1895    ,History,978-0140445145,1
4246,The Book of Tea,Okakura Kakuzō,Shambhala,1900    ,History,978-1570624322,14
4247,To the Lighthouse,Virginia Woolf,Mariner Books,1927    ,History,978-0156907392,2
4248,Se questo è un uomo,Primo Levi,Einaudi,1947    ,History,978-8806219352,3
4249,Die Verwandlung,Franz Kafka,Norton,1915    ,History,978-0393923209,13
4250,The Da Vinci Code,Dan Brown,Anchor,2003    ,History,978-0307474278,17
4251,Братья Карамазовы,Фёдор Михайлович Достоевский,Penguin Classics,1880    ,History,978-0140449242,13
4252,Much Ado About Nothing,William Shakespeare,Arden Shakespeare,1600    ,History,978-1903436837,7
4253,The Taming of the Shrew,William Shakespeare,Arden Shakespeare,1631    ,History,978-1903436936,2
4254,The Tempest,William Shakespeare,Arden Shakespeare,1611    ,History,978-1408133477,20
4255,The Secret Garden,Frances Hodgson Burnett,Puffin Classics,1911    ,History,978-0141321066,17
4256,The Wealth of Nations,Adam Smith,Bantam Classics,1776    ,History,978-0553213607,18
4257,Vincent van Gogh,Vincent van Gogh,Penguin Classics,1914    ,History,978-0140446746,10
4258,A Midsummer Night's Dream,William Shakespeare,Arden Shakespeare,1600    ,History,978-1408133491,4
4259,The Adventures of Sherlock Holmes [12 stories],Arthur Conan Doyle,Penguin Classics,1892    ,History,978-0141033013,3
4260,Le rouge et le noir,Stendhal,Penguin Classics,1830    ,History,978-0140447644,3
4261,Twelfth Night,William Shakespeare,Arden Shakespeare,1734    ,History,978-1903436998,13
4262,Vom Kriege,Carl von Clausewitz,Princeton Univ. Press,1835    ,History,978-0691018546,2
4263,Psychopathia sexualis,Richard von Krafft-Ebing,Bloat Books,1886    ,History,978-0965032414,16
4264,King Solomon's Mines,H. Rider Haggard,Penguin Classics,1880    ,History,978-0141439525,18
4265,Essays,Francis Bacon,Penguin Classics,1618    ,History,978-0140432169,19
4266,Бѣсы,Фёдор Михайлович Достоевский,Penguin Classics,1871    ,History,978-0140443516,12
4267,The Awakening,Kate Chopin,Penguin Classics,1899    ,History,978-0142437027,3
4268,All's Well That Ends Well,William Shakespeare,Arden Shakespeare,1734    ,History,978-1904271116,5
4269,Le fantôme de l'opéra,Gaston Leroux,Penguin Classics,1911    ,History,978-0143106739,4
4270,A Mind That Found Itself,Clifford Whittingham Beers,Univ. of Pittsburgh,1908    ,History,978-0822959939,11
4271,The Time Machine,H. G. Wells,Penguin Classics,1895    ,History,978-0141439976,17
4272,Faust,Johann Wolfgang von Goethe,Penguin Classics,1800    ,History,978-0140449013,20
4273,"Works [37 plays, 6 poems, sonnets]",William Shakespeare,Yale University Press,1730    ,History,978-0300101768,8
4274,Book of common prayer,Church of England,Oxford Univ. Press,1537    ,History,978-0199204403,19
4275,Leaves of Grass,Walt Whitman,Penguin Classics,1855    ,History,978-0140421996,14
4276,Pensées,Blaise Pascal,Penguin Classics,1670    ,History,978-0140446456,15
4277,Kritik der reinen Vernunft,Immanuel Kant,Penguin Classics,1781    ,History,978-0140447477,9
4278,Anne of Avonlea,Lucy Maud Montgomery,Tundra Books,1909    ,History,978-1770496804,15
4279,Lord of the Flies,William Golding,Penguin Books,1954    ,History,978-0399501487,11
4280,The Importance of Being Earnest,Oscar Wilde,Penguin Classics,1893    ,History,978-0140433302,9
4281,The Beautiful and Damned,F. Scott Fitzgerald,Oxford World's Classics,1920    ,History,978-0199539253,6
4282,Le Tour du Monde en Quatre-Vingts Jours,Jules Verne,Penguin Classics,1872    ,History,978-0140449068,6
4283,The Wind in the Willows,Kenneth Grahame,Puffin Classics,1908    ,History,978-0141321332,14
4284,Romeo and Juliet,William Shakespeare,Arden Shakespeare,1597    ,History,978-1903436912,15
4285,Confessions,Augustine of Hippo,Oxford World's Classics,1482    ,History,978-0199537822,15
4286,"The Complete Sherlock Holmes [4 novels, 56 stories]",Arthur Conan Doyle,Bantam Classics,1900    ,History,978-0553328257,5
4287,Inferno,Dante Alighieri,Penguin Classics,1767    ,History,978-0141195902,16
4288,Alice's Adventures in Wonderland,Lewis Carroll,Puffin Classics,1865    ,History,978-0141321073,11
4289,The golden bough,James George Frazer,Oxford World's Classics,1890    ,History,978-0199538829,17
4290,On The Road,Jack Kerouac,Penguin Classics,1957    ,History,978-0142437254,20
4291,The guide of the perplexed of Maimonides,Moses Maimonides,Dover Publications,1473    ,History,978-0486203515,3
4292,Преступление и наказание,Фёдор Михайлович Достоевский,Penguin Classics,1866    ,History,978-0140449136,7
4293,Goodnight Moon,Margaret Wise Brown,HarperCollins,1947    ,History,978-0060775858,2
4294,Bridge to Terabithia,Katherine Paterson,HarperCollins,1972    ,History,978-0060734015,10
4295,The Case-Book of Sherlock Holmes,Arthur Conan Doyle,Oxford World's Classics,1927    ,History,978-0199540440,16
4296,Age of fable,Thomas Bulfinch,Penguin Classics,1800    ,History,978-0140436617,8
4297,A Brief History of Time,Stephen Hawking,Bantam,1988    ,History,978-0553380163,16
4298,Wuthering Heights,Emily Brontë,Penguin Classics,1846    ,History,978-0141439556,8
4299,Summa Theologica,Thomas Aquinas,Ave Maria Press,1467    ,History,978-0870612107,8
4300,Bible,Bible,Oxford Univ. Press,1200    ,History,978-0199535941,13
4301,NASA/DoD aerospace knowledge diffusion research project,Thomas E. Pinelli,Praeger,1990    ,History,978-0131102927,18
4302,John Donne Poetry,John Donne,Penguin Classics,1633    ,History,978-0140422054,8
4303,Prince Caspian,C. S. Lewis,HarperCollins,1951    ,History,978-0064405027,17
4304,The Fellowship of the Ring,J.R.R. Tolkien,Mariner Books,1954    ,History,978-0547928219,4
4305,The Strange Case of Dr. Jekyll and Mr. Hyde,Robert Louis Stevenson,Penguin Classics,1875    ,History,978-0141439730,4
4306,The Return of the Native,Thomas Hardy,Penguin Classics,1878    ,History,978-0140435184,6
4307,The Prince,Niccolò Machiavelli,Penguin Classics,1515    ,History,978-0140449150,14
4308,The Old Man and the Sea,Ernest Hemingway,Scribner,1952    ,History,978-0684801223,8
4309,King Lear,William Shakespeare,Arden Shakespeare,1608    ,History,978-1903436592,14
4310,Lady Chatterley's Lover,D. H. Lawrence,Penguin Classics,1900    ,History,978-0141441498,14
4311,Hard Times,Charles Dickens,Penguin Classics,1854    ,History,978-0141439679,15
4312,The Jungle Book,Rudyard Kipling,Puffin Classics,1893    ,History,978-0141325293,4
4313,Henry Moore,David Sylvester,Tate Gallery,1934    ,History,978-0810903326,14
4314,The Wonderful Wizard of Oz,L. Frank Baum,Penguin Classics,1899    ,History,978-0143105657,15
4315,"The Lion, the Witch and the Wardrobe",C. S. Lewis,HarperCollins,1950    ,History,978-0064404990,8
4316,Brave New World,Aldous Huxley,Harper Perennial,1932    ,History,978-0060850524,7
4317,La Poetica,Aristotle,Oxford World's Classics,1479    ,History,978-0199608362,11
4318,The Moonstone,Wilkie Collins,Penguin Classics,1800    ,History,978-0140435122,3
4319,Madame Bovary,Gustave Flaubert,Penguin Classics,1856    ,History,978-0140449129,8
4320,Plays (36),William Shakespeare,Wordsworth Editions,1623    ,History,978-1840224337,6
4321,The Return of Sherlock Holmes,Arthur Conan Doyle,Penguin Classics,1903    ,History,978-0141034447,5
4322,The Hound of the Baskervilles,Arthur Conan Doyle,Penguin Classics,1900    ,History,978-0141439532,3
4323,Picasso,Pablo Picasso,Taschen,1926    ,History,978-3836532518,13
4324,Aeneis,Publius Vergilius Maro,Penguin Classics,1710    ,History,978-0140449327,19
4325,The Turn of the Screw,Henry James,Penguin Classics,1898    ,History,978-0141441351,17
4326,Harry Potter and the Philosopher's Stone,J. K. Rowling,Bloomsbury,1900    ,History,978-0747532743,13
4327,Metamorphoses,Ovid,Penguin Classics,1479    ,History,978-0140447897,16
4328,The Innocents Abroad,Mark Twain,Penguin Classics,1800    ,History,978-0142437100,16
4329,Tarzan of the Apes,Edgar Rice Burroughs,Penguin Classics,1912    ,History,978-0143106395,11
4330,The Everlasting Man,Gilbert Keith Chesterton,Ignatius Press,1925    ,History,978-0898704440,2
4331,The Color Purple,Alice Walker,Penguin Books,1976    ,History,978-0143135692,5
4332,The Boy in the Striped Pyjamas,John Boyne,David Fickling,2006    ,History,978-0385751063,9
4333,Tractatus logico-philosophicus,Ludwig Wittgenstein,Routledge,1921    ,History,978-0415254083,11
4334,Exercitia spiritualia,Saint Ignatius of Loyola,Image,1548    ,History,978-0385025690,19
4335,Rime of the ancient mariner,Samuel Taylor Coleridge,Dover Publications,1827    ,History,978-0486223056,19
4336,A town like Alice,Nevil Shute,Vintage,1950    ,History,978-0307474001,1
4337,Diary,Samuel Pepys,Penguin Classics,1825    ,History,978-0140435610,13
4338,Poems,William Blake,Oxford Univ. Press,1783    ,History,978-0192810892,5
4339,Marc Chagall,Marc Chagall,Taschen,1948    ,History,978-3836502900,12
4340,The Mammoth Hunters,Jean M. Auel,Bantam,1611    ,History,978-0553280968,11
4341,Dead Man's Folly,Agatha Christie,William Morrow,1956    ,History,978-0062073839,3
4342,Mutual Aid,Peter Kropotkin,Dover Publications,1902    ,History,978-0486448282,14
4343,The Narrative of Arthur Gordon Pym,Edgar Allan Poe,Penguin Classics,1838    ,History,978-0140430486,19
4344,Rights of Man,Thomas Paine,Penguin Classics,1791    ,History,978-0140390155,13
4345,The Shining,Stephen King,Anchor,1977    ,History,978-0307743657,5
4346,Amerika,Franz Kafka,New Directions,1927    ,History,978-0811215695,11
4347,Things Fall Apart,Chinua Achebe,Penguin Classics,1958    ,History,978-0141186887,9
4348,Voskresenīe,Лев Толстой,Penguin Classics,1899    ,History,978-0140441840,12
4349,Cato,Joseph Addison,Liberty Fund,1713    ,History,978-0865974432,11
4350,Death Comes for the Archbishop,Willa Cather,Vintage,1926    ,History,978-0679728894,1
4351,Number the Stars,Lois Lowry,Houghton Mifflin,1901    ,History,978-0547577098,3
4352,Ben Hur,Lew Wallace,Signet Classics,1800    ,History,978-0451528810,3
4353,O Pioneers!,Willa Cather,Penguin Classics,1913    ,History,978-0140187076,14
4354,Aesop's Fables,Aesop,Oxford World's Classics,1848    ,History,978-0199540754,11
4355,Tropic of Cancer,Henry Miller,Grove Press,1934    ,History,978-0802131782,13
4356,Saint Francis of Assisi,Gilbert Keith Chesterton,Image,1923    ,History,978-0385029001,5
4357,The Stones of Venice,John Ruskin,Penguin Classics,1851    ,History,978-0141184715,8
4358,Rilla of Ingleside,Lucy Maud Montgomery,Tundra Books,1920    ,History,978-1770496873,4
4359,Van Gogh,Federico Zeri,Nene,1937    ,History,978-8809015563,10
4360,Goethe's Werke,Johann Wolfgang von Goethe,Penguin Classics,1800    ,History,978-0140441437,9
4361,Der Vorleser,Bernhard Schlink,Vintage,1995    ,History,978-0375707971,18
4362,"Mary Shelley's Frankenstein; or, the Modern Prometheus (1818 text)",Mary Shelley,Johns Hopkins Press,1818    ,History,978-0801844614,9
4363,The Clan of the Cave Bear,Jean M. Auel,Bantam,1900    ,History,978-0553250428,4
4364,The Ambassadors,Henry James,Penguin Classics,1903    ,History,978-0141441313,9
4365,Dom Casmurro,Machado de Assis,Oxford World's Classics,1900    ,History,978-0195103083,6
4366,The works of Washington Irving,Washington Irving,Delphi Classics,1800    ,History,978-1909496620,6
4367,The Woodlanders,Thomas Hardy,Penguin Classics,1800    ,History,978-0140435207,8
4368,Evelina,Fanny Burney,Penguin Classics,1778    ,History,978-0140433104,11
4369,Архипелаг ГУЛАГ,Александр Исаевич Солженицын,Harper Perennial,1970    ,History,978-0061253805,16
4370,Two Treatises on Government,John Locke,Cambridge Univ. Press,1689    ,History,978-0521357302,13
4371,Tales from Shakespeare [20 tales],Charles Lamb,Puffin Classics,1800    ,History,978-0141321684,9
4372,The Valley of Horses,Jean M. Auel,Bantam,1899    ,History,978-0553250695,5
4373,Leonardo,Leonardo da Vinci,Taschen,1946    ,History,978-3836531030,3
4374,Edvard Munch,Edvard Munch,Taschen,1927    ,History,978-3836561273,3
4375,The Moon is Down,John Steinbeck,Penguin Classics,1942    ,History,978-0140187465,11
4376,Satyricon,Petronius,Oxford World's Classics,1575    ,History,978-0199539215,11
4377,Buddenbrooks,Thomas Mann,Vintage,1909    ,History,978-0679752608,2
4378,Way to wealth,Benjamin Franklin,Applewood Books,1758    ,History,978-1557090386,4
4379,Our Man in Havana,Graham Greene,Penguin Classics,1958    ,History,978-0140184938,13
4380,Φαίδων,Πλάτων,Oxford World's Classics,1713    ,History,978-0199538942,8
4381,Sapiens,Yuval Noah Harari,Harper,2011    ,History,978-0062316097,9
4382,Sad Cypress,Agatha Christie,William Morrow,1939    ,History,978-0062073815,2
4383,Bury My Heart at Wounded Knee,Dee Alexander Brown,Holt McDougal,1672    ,History,978-0805086843,18
4384,The Hunting of the Snark,Lewis Carroll,Penguin Classics,1876    ,History,978-0140434910,7
4385,Richard III,William Shakespeare,Arden Shakespeare,1597    ,History,978-1904271383,4
4386,"Henry IV, Part 1 **conflated with Henry VI, part 1**",William Shakespeare,Arden Shakespeare,1598    ,History,978-1904271352,14
4387,The complete poetical works,Robert Burns,Canongate Books,1786    ,History,978-1841951591,7
4388,The Book of the Dead,E. A. Wallis Budge,Arkana,1894    ,History,978-0140190007,11
4389,Kokoro,夏目漱石,Penguin Classics,1914    ,History,978-0143039518,14
4390,El filibusterismo,José Rizal,Penguin Classics,1900    ,History,978-0143106319,5
4391,The History of Tom Jones,Henry Fielding,Penguin Classics,1749    ,History,978-0140430158,12
4392,La Fiesta del Chivo,Mario Vargas Llosa,Vintage Espanol,2000    ,History,978-1400034635,9
4393,The Crucible,Arthur Miller,Penguin Classics,1953    ,History,978-0142437339,18
4394,Milton's Poems,John Milton,Oxford Univ. Press,1605    ,History,978-0198118046,5
4395,Andy Warhol,Andy Warhol,Taschen,1967    ,History,978-3836543897,18
4396,The Bridge of San Luis Rey,Thornton Wilder,Harper Perennial,1927    ,History,978-0060088996,15
4397,Jacob's Room,Virginia Woolf,Oxford World's Classics,1922    ,History,978-0199536580,6
4398,The Blithedale Romance,Nathaniel Hawthorne,Penguin Classics,1852    ,History,978-0140390285,6
4399,Burmese Days,George Orwell,Mariner Books,1934    ,History,978-0156148504,14
4400,Endless Night,Agatha Christie,William Morrow,1905    ,History,978-0062073716,9
4401,Little Dorrit,Charles Dickens,Penguin Classics,1800    ,History,978-0141439969,8
4402,The Man in the High Castle,Philip K. Dick,Mariner Books,1962    ,History,978-0547572482,17
4403,On the Banks of Plum Creek,Laura Ingalls Wilder,HarperCollins,1937    ,History,978-0064400046,3
4404,The Mysterious Stranger,Mark Twain,Dover Publications,1916    ,History,978-0486270692,5
4405,Agnes Grey,Anne Brontë,Penguin Classics,1847    ,History,978-0140432107,15
4406,The Once and Future King,T. H. White,Ace Books,1939    ,History,978-0441627400,18
4407,Le mythe de Sisyphe,Albert Camus,Gallimard (Bản Pháp),1941    ,History,978-2070322886,10
4408,Alias Grace,Margaret Atwood,Anchor,1996    ,History,978-0385490443,10
4409,The French Lieutenant's Woman,John Fowles,Back Bay Books,1967    ,History,978-0316291163,5
4410,The  black arrow,Robert Louis Stevenson,Penguin Classics,1888    ,History,978-0141441399,17
4411,Nesnesitelná lehkost bytí,Milan Kundera,Harper Perennial,1984    ,History,978-0060913229,1
4412,The moon and sixpence,William Somerset Maugham,Vintage Classics,1919    ,History,978-0099415442,7
4413,"The Federalist, or, The New Constitution",Alexander Hamilton,Signet Classics,1788    ,History,978-0451528810,13
4414,"Etiquette in society, in business, in politics and at home",Emily Post,HarperCollins,1922    ,History,978-0062444905,10
4415,A Raisin in the Sun,Lorraine Hansberry,Vintage,1958    ,History,978-0679755333,12
4416,Dog Days,Jeff Kinney,Amulet Books,2004    ,History,978-0810983915,9
4417,À la recherche du temps perdu,Marcel Proust,Penguin Classics,1919    ,History,978-0142437964,12
4418,The Thorn Birds,Colleen McCullough,Harper,1977    ,History,978-0061030741,6
4419,Die Entwicklung des Sozialismus von der Utopie zur Wissenschaft,Friedrich Engels,International Pub,1880    ,History,978-0717800476,8
4420,Witch Wood,John Buchan,Canongate Books,1927    ,History,978-0862410766,10
4421,The Cat of Bubastes,G. A. Henty,Dover Publications,1888    ,History,978-0486423371,13
4422,De consolatione philosophiae,Boethius,Penguin Classics,1483    ,History,978-0140447804,2
4423,Thumbelina,Hans Christian Andersen,Puffin Classics,1911    ,History,978-0141322452,12
4424,The Tragedy of Pudd'nhead Wilson,Mark Twain,Penguin Classics,1758    ,History,978-0140430318,2
4425,I Capture the Castle,Dodie Smith,St. Martin's Griffin,1948    ,History,978-0312316167,12
4426,The Last Days of Pompeii,"Edward Bulwer Lytton, Baron Lytton",Dover Publications,1800    ,History,978-0486411170,3
4427,Государство и революция,Vladimir Il’ich Lenin,Penguin Classics,1900    ,History,978-0140184471,1
4428,Mishneh Torah (Codification of Talmudic laws),Moses Maimonides,Yale University Press,1470    ,History,978-0300098488,20
4429,Heretics,Gilbert Keith Chesterton,Image,1905    ,History,978-0385090131,3
4430,Atonement,Ian McEwan,Anchor,2001    ,History,978-0385721790,11
4431,King Richard II,William Shakespeare,Arden Shakespeare,1597    ,History,978-1903436332,8
4432,At the Back of the North Wind,George MacDonald,Puffin,1871    ,History,978-0141323329,8
4433,My Cousin Rachel,Daphne du Maurier,"Little, Brown",1900    ,History,978-0316253451,1
4434,Kane & Abel,Jeffrey Archer,St. Martin's Paperbacks,1979    ,History,978-0312937393,14
4435,Il pendolo di Foucault,Umberto Eco,Mariner Books,1988    ,History,978-0156032971,16
4436,The lady of the lake,Sir Walter Scott,Dover Publications,1800    ,History,978-0486428789,4
4437,The Comedy of Errors,William Shakespeare,Arden Shakespeare,1734    ,History,978-1904271314,11
4438,Memoirs of a Revolutionist,Peter Kropotkin,Dover Publications,1899    ,History,978-0486224879,9
4439,Hija de la fortuna,Isabel Allende,Harper Perennial,1998    ,History,978-0060955359,1
4440,Nada,Carmen Laforet,Modern Library,1945    ,History,978-0812975833,3
4441,Один день Ивана Денисовича,Александр Исаевич Солженицын,Signet Classics,1960    ,History,978-0451531049,20
4442,Os Lusíadas,Luís de Camões,Oxford World's Classics,1572    ,History,978-0199539949,8
4443,The Enchanted April,Elizabeth von Arnim,NYRB Classics,1922    ,History,978-1590172353,11
4444,An Old-Fashioned Girl,Louisa May Alcott,Puffin Classics,1869    ,History,978-0141324838,7
4445,Native Son,Richard Wright,Harper Perennial,1940    ,History,978-0060837563,18
4446,I Know Why the Caged Bird Sings,Maya Angelou,Ballantine Books,1969    ,History,978-0345514400,17
4447,Ten Days That Shook the World,John Reed,Penguin Classics,1919    ,History,978-0140182934,8
4448,The sword in the stone,T. H. White,HarperCollins,1938    ,History,978-0007503414,8
4449,Abraham Lincoln,Carl Sandburg,Harcourt Brace,1926    ,History,978-0156027496,11
4450,Memoirs of a Geisha,Arthur Golden,Vintage,1997    ,History,978-0679781585,2
4451,Poema de mio Cid,Anonymous,Penguin Classics,1868    ,History,978-0140444469,3
4452,Passing,Nella Larsen,Penguin Classics,1929    ,History,978-0142437278,17
4453,Art Through the Ages,Helen Gardner,Cengage Learning,1926    ,History,978-0495915423,6
4454,Bel-Ami,Guy de Maupassant,Penguin Classics,1893    ,History,978-0140443158,4
4455,Prometheus Bound,Aeschylus,Penguin Classics,1559    ,History,978-0140441123,15
4456,Les damnés de la terre,Frantz Fanon,Grove Press,1961    ,History,978-0802141323,15
4457,Ecclesiastical history,"Eusebius of Caesarea, Bishop of Caesarea",Penguin Classics,1476    ,History,978-0140445350,13
4458,Le Corbusier,Le Corbusier,Taschen,1938    ,History,978-3836531016,9
4459,A Canticle for Leibowitz,Walter M. Miller Jr.,Bantam,1959    ,History,978-0553273816,16
4460,Voyage au bout de la nuit,Louis-Ferdinand Celine,New Directions,1932    ,History,978-0811216548,11
4461,Death Comes as the End,Agatha Christie,William Morrow,1944    ,History,978-0062073839,1
4462,Romance of the three kingdoms,Luo Guanzhong,Penguin Classics,1644    ,History,978-0141193038,20
4463,Astérix le Gaulois,René Goscinny,Orion Children's,1961    ,History,978-0752866055,14
4464,Western Civilizations,Joshua Cole,W. W. Norton,2011    ,History,978-0393419023,3
4465,A Tramp Abroad,Mark Twain,Penguin Classics,1878    ,History,978-0140436082,12
4466,Love's Labour's Lost,William Shakespeare,Arden Shakespeare,1598    ,History,978-1904271109,6
4467,Midnight's Children,Salman Rushdie,Penguin Books,1981    ,History,978-0143039655,16
4468,Moll Flanders,Daniel Defoe,Penguin Classics,1722    ,History,978-0140433135,8
4469,Johnny Tremain,Esther Forbes,HMH Books,1943    ,History,978-0547614328,14
4470,"Roll of Thunder, Hear My Cry",Mildred D. Taylor,Puffin Books,1976    ,History,978-0140384512,1
4471,Measure for Measure,William Shakespeare,Arden Shakespeare,1700    ,History,978-1904271420,11
4472,Platero y yo,Juan Ramón Jiménez,Univ. of Texas Press,1914    ,History,978-0292764798,20
4473,The Nine Tailors,Dorothy L. Sayers,Mariner Books,1934    ,History,978-0156658911,9
4474,Ἀνάβασις,Xenophon,Oxford World's Classics,1623    ,History,978-0199587247,8
4475,The Day of the Jackal,Frederick Forsyth,Penguin Books,1971    ,History,978-0451239372,7
4476,Три сестры,Антон Павлович Чехов,NHB Drama Classics,1901    ,History,978-1854593436,18
4477,On Writing,Stephen King,Scribner,1999    ,History,978-1982159375,10
4478,Doctor Faustus,Thomas Mann,Vintage,1947    ,History,978-0375701238,4
4479,The Plains of Passage,Jean M. Auel,Bantam,1990    ,History,978-0553289411,16
4480,Legenda aurea,Jacobus de Voragine,Princeton Univ. Press,1476    ,History,978-0691154077,2
4481,Novels (Adventures of Huckleberry Finn / Adventures of Tom Sawyer),Mark Twain,Library of America,1922    ,History,978-0940450127,13
4482,All the Light We Cannot See,Anthony Doerr,Scribner,2014    ,History,978-1501173219,16
4483,The power and the Glory,Graham Greene,Penguin Classics,1940    ,History,978-0142437308,10
4484,1066 and All That,Walter Carruthers Sellar,Methuen,1930    ,History,978-0413772701,6
4485,De civitate Dei,Augustine of Hippo,Penguin Classics,1440    ,History,978-0140448948,12
4486,Die Welt als Wille und Vorstellung,Arthur Schopenhauer,Oxford World's Classics,1819    ,History,978-0199538171,2
4487,I promessi sposi,Alessandro Manzoni,Penguin Classics,1800    ,History,978-0140442748,16
4488,America,George Brown Tindall,W. W. Norton,1984    ,History,978-0393614176,12
4489,The worldly philosophers,Robert L. Heilbroner,Simon & Schuster,1953    ,History,978-0684862149,10
4490,Their Eyes Were Watching God,Zora Neale Hurston,Harper Perennial,1937    ,History,978-0061120060,18
4491,Rubāʻīyāt,Omar Khayyam,Penguin Classics,1870    ,History,978-0140440218,14
4492,"Bartleby, the Scrivener",Herman Melville,Penguin Classics,1966    ,History,978-0143106302,16
4493,Flush,Virginia Woolf,Oxford World's Classics,1694    ,History,978-0199539291,10
4494,Cyropaedia,Xenophon,Oxford World's Classics,1527    ,History,978-0199587247,7
4495,The Remains of the Day,Kazuo Ishiguro,Vintage,1989    ,History,978-0679731726,19
4496,Maus I,Art Spiegelman,Pantheon,1986    ,History,978-0394747231,7
4497,Lorna Doone,R. D. Blackmore,Penguin Classics,1656    ,History,978-0140436525,12
4498,Mansfield Park,Jane Austen,Penguin Classics,1814    ,History,978-0141439808,3
4499,Fuente Ovejuna,Lope de Vega,Oxford World's Classics,1909    ,History,978-0199554379,19
4500,The Dragon and the Raven,G. A. Henty,Dover Publications,1800    ,History,978-0486423319,10
4501,The Caine mutiny,Herman Wouk,"Little, Brown and Company",1951    ,History,978-0316955102,10
4502,Boston Cooking-School cook book,Fannie Merritt Farmer,Wilder Publications,1896    ,History,978-1604594669,20
4503,The Heart is a Lonely Hunter,Carson McCullers,Houghton Mifflin Harcourt,1940    ,History,978-0618526413,8
4504,Parzival,Wolfram von Eschenbach,Penguin Classics,1885    ,History,978-0140443240,19
4505,Timeline,Michael Crichton,Ballantine Books,1999    ,History,978-0345539014,12
4506,Roots,Alex Haley,Da Capo Press,1861    ,History,978-0306824852,8
4507,The End of Eternity,Isaac Asimov,Tor Books,1955    ,History,978-0765319197,11
4508,The warlord of Mars #3,Edgar Rice Burroughs,Digireads,1919    ,History,978-1420932027,3
4509,Cosmos,Alexander von Humboldt,Johns Hopkins Press,1845    ,History,978-0801855030,11
4510,Nightmare Abbey,Thomas Love Peacock,Penguin Classics,1818    ,History,978-0140430455,11
4511,As I Lay Dying,William Faulkner,Vintage,1915    ,History,978-0679732259,5
4512,The Black Moth,Georgette Heyer,Sourcebooks,1921    ,History,978-1402210495,13
4513,The Warden,Anthony Trollope,Penguin Classics,1809    ,History,978-0140432145,10
4514,These Old Shades,Georgette Heyer,Sourcebooks,1926    ,History,978-1402210747,5
4515,Long Walk to Freedom,Nelson Mandela,"Little, Brown",1994    ,History,978-0316548182,13
4516,The Bluest Eye,Toni Morrison,Vintage,1970    ,History,978-0307278449,6
4517,The Long Winter,Laura Ingalls Wilder,HarperCollins,1940    ,History,978-0064400053,19
4518,Five Little Peppers and How They Grew,Margaret Sidney,CreateSpace,1880    ,History,978-1505232752,5
4519,Stardust,Neil Gaiman,William Morrow,1997    ,History,978-0061142024,18
4520,Loving,Danielle Steel,Dell,1980    ,History,978-0440153351,13
4521,Γοργίας,Πλάτων,Penguin Classics,1827    ,History,978-0140449013,6
4522,Chronicles of Avonlea,Lucy Maud Montgomery,Ryerson Press,1912    ,History,978-1772440157,12
4523,Die Geburt der Tragödie,Friedrich Nietzsche,Kröner Verlag,1872    ,History,978-3520070098,15
4524,The Fountainhead,Ayn Rand,Signet,1943    ,History,978-0451191151,17
4525,The Chronicles of Narnia,C. S. Lewis,HarperCollins,1970    ,History,978-0066238500,5
4526,La tulipe noire,Alexandre Dumas,Oxford Classics,1800    ,History,978-0199555352,15
4527,Discovering Classical Music,Ian Christians,Monarch Books,1991    ,History,978-1854245786,10
4528,Sailing alone around the world,Joshua Slocum,Dover Publications,1800    ,History,978-0486203263,15
4529,The Age of Revolution,Eric Hobsbawm,Vintage,1962    ,History,978-0679721758,2
4530,"Extradition laws and treaties, United States",United States,BiblioBazaar,1795    ,History,978-1110052951,19
4531,Emile or Education,Jean-Jacques Rousseau,Basic Books,1762    ,History,978-0465019038,18
4532,The anatomy of melancholy,Robert Burton,NYRB Classics,1624    ,History,978-1590170533,11
4533,The double helix,James D. Watson,Scribner,1968    ,History,978-0743231626,2
4534,The Story of the Treasure Seekers,Edith Nesbit,Puffin Books,1899    ,History,978-0140301304,1
4535,Something Wicked This Way Comes,Ray Bradbury,Simon & Schuster,1962    ,History,978-1451673609,12
4536,Fables,Aesop,Penguin Classics,1489    ,History,978-0140446494,19
4537,Dear Zoo,Rod Campbell,Little Simon,1982    ,History,978-1416947370,8
4538,A Painted House,John Grisham,Dell,2000    ,History,978-0345532046,15
4539,A history of the English-speaking peoples,Winston S. Churchill,Cassell,1956    ,History,978-0304363896,10
4540,La Nuit,Elie Wiesel,"Farrar, Straus & Giroux",1955    ,History,978-0374500016,1
4541,"Guns, germs, and steel",Jared M. Diamond,W. W. Norton,1997    ,History,978-0393317558,5
4542,Les Enfants Terribles,Jean Cocteau,New Directions,1900    ,History,978-0811210218,15
4543,From the Mixed-Up Files of Mrs. Basil E. Frankweiler,E. L. Konigsburg,Atheneum,1967    ,History,978-0689711817,6
4544,La chartreuse de Parme,Stendhal,Penguin Classics,1800    ,History,978-0140449655,18
4545,"Absalom, Absalom!",William Faulkner,Vintage,1936    ,History,978-0679732181,20
4546,Coriolanus,William Shakespeare,Penguin Shakespeare,1734    ,History,978-0141012117,5
4547,Dei delitte e delle pene,Cesare Beccaria,University of Chicago,1764    ,History,978-0226040226,18
4548,"Cry, the Beloved Country",Alan Paton,Scribner,1940    ,History,978-0743262170,1
4549,The Well at the World's End,William Morris,Dover Publications,1896    ,History,978-0486423548,19
4550,Little Town on the Prairie,Laura Ingalls Wilder,HarperCollins,1941    ,History,978-0064400077,8
4551,Invisible Man,Ralph Ellison,Vintage,1952    ,History,978-0679732761,19
4552,The spy,James Fenimore Cooper,Penguin Classics,1821    ,History,978-0140431308,11
4553,The King Must Die,Mary Renault,Vintage,1952    ,History,978-0375701047,9
4554,El reino de este mundo,Alejo Carpentier,FSG,1957    ,History,978-0374530181,1
4555,"Capitalism, Socialism and Democracy",Joseph Alois Schumpeter,Harper Perennial,1942    ,History,978-0061561610,2
4556,Personal Recollections of Joan of Arc,Mark Twain,Ignatius Press,1895    ,History,978-0898705546,6
4557,الروض العاطر في نزهة الخاطر,ʻUmar ibn Muḥammad Nafzāwī,Kessinger,1886    ,History,978-1849027816,18
4558,The Good Soldier,Ford Madox Ford,Penguin Classics,1915    ,History,978-0141441849,11
4559,Вишневый сад,Антон Павлович Чехов,Penguin Classics,1918    ,History,978-0140449716,9
4560,The Battle of Life,Charles Dickens,1st World Library,1846    ,History,978-1421805535,13
4561,The Hiding Place,Corrie ten Boom,Chosen Books,1971    ,History,978-0800794057,15
4562,Actes and monuments,John Foxe,Adamant Media,1563    ,History,978-1421257143,8
4563,A short history of nearly everything,Bill Bryson,Broadway Books,2003    ,History,978-0767908184,10
4564,"The History of Rasselas, Prince of Abyssinia",Samuel Johnson,Penguin Classics,1759    ,History,978-0140431087,13
4565,Christmas Books (Battle of Life / Chimes / Christmas Carol / Cricket on the Hearth / Haunted Man),Charles Dickens,Oxford Classics,1800    ,History,978-0199536108,19
4566,Moriæ Encomium,Desiderius Erasmus,Penguin Classics,1515    ,History,978-0140446081,11
4567,Night Over Water,Ken Follett,Signet,1981    ,History,978-0451210456,16
4568,"I, Claudius",Robert Graves,Vintage,1934    ,History,978-0679724773,6
4569,Bring Up the Bodies,Hilary Mantel,Henry Holt,2012    ,History,978-1250024176,12
4570,De l'esprit des lois,Charles-Louis de Secondat baron de La Brède et de Montesquieu,Cambridge University,1748    ,History,978-0521369749,3
4571,Washington Square,Henry James,Penguin Classics,1880    ,History,978-0141441368,20
4572,Murder Must Advertise,Dorothy L. Sayers,Harper Paperbacks,1933    ,History,978-0062196422,19
4573,Americanah,Chimamanda Ngozi Adichie,Anchor,1969    ,History,978-0307455925,1
4574,Rose in Bloom,Louisa May Alcott,Puffin Classics,1876    ,History,978-0140374520,7
4575,Institutio Christianae religionis,Jean Calvin,Westminster John Knox,1536    ,History,978-0664220280,19
4576,Steve Jobs,Walter Isaacson,Simon & Schuster,2011    ,History,978-1451648546,2
4577,"The Muqaddimah, an introduction to history",Ibn Khaldūn,Princeton University,1858    ,History,978-0691117638,8
4578,Śmierć Miasta,Władysław Szpilman,Picador,1946    ,History,978-0312311353,11
4579,A Brief History Of The United States,Allan Nevins,Collier Books,1942    ,History,978-0020354109,19
4580,Tropic of Capricorn,Henry Miller,Grove Press,1939    ,History,978-0802131782,19
4581,Middlesex,Jeffrey Eugenides,Picador,2002    ,History,978-0312422158,8
4582,Plutarchi Vitae parallelae,Plutarch,Penguin Classics,1478    ,History,978-0140442526,3
4583,The 48 Laws of Power,Robert Greene,Penguin Books,1998    ,History,978-0140280197,1
4584,Wild Swans,Jung Chang,Simon & Schuster,1991    ,History,978-0743246989,12
4585,Arabella,Georgette Heyer,Sourcebooks,1949    ,History,978-1402213199,20
4586,When Hitler stole Pink Rabbit,Judith Kerr,HarperCollins,1971    ,History,978-0007274772,4
4587,Brighton rock,Graham Greene,Penguin Classics,1938    ,History,978-0142437971,12
4588,Seta,Alessandro Baricco,Vintage,1920    ,History,978-0307277978,6
4589,The dead secret,Wilkie Collins,Oxford Classics,1857    ,History,978-0199539079,11
4590,These Happy Golden Years,Laura Ingalls Wilder,HarperCollins,1943    ,History,978-0064400084,10
4591,The Fixer,Bernard Malamud,FSG,1901    ,History,978-0374503444,19
4592,El Club Dumas,Arturo Pérez-Reverte,Harcourt,1993    ,History,978-0156032155,4
4593,Evgeniĭ Onegin,Александр Сергеевич Пушкин,Penguin Classics,1833    ,History,978-0140448108,7
4594,War Horse,Michael Morpurgo,Scholastic,1982    ,History,978-0439796644,1
4595,Riders of the Purple Sage,Zane Grey,Penguin Classics,1912    ,History,978-0142437544,13
4596,Into Thin Air,Jon Krakauer,Anchor,1996    ,History,978-0385494785,2
4597,Caddie Woodlawn,Carol Ryrie Brink,Aladdin,1935    ,History,978-1416940289,18
4598,What is history?,Edward Hallet Carr,Vintage,1961    ,History,978-0394703916,14
4599,The pioneers,James Fenimore Cooper,Penguin Classics,1800    ,History,978-0140432831,18
4600,"The Renaissance, Studies in Art and Poetry",Walter Pater,Oxford Classics,1873    ,History,978-0199535071,10
4601,Jonathan Strange and Mr. Norrell,Susanna Clarke,Bloomsbury,2001    ,History,978-1582344164,11
4602,"Vite de' più eccellenti pittori, scultori et architettori",Giorgio Vasari,Oxford Classics,1759    ,History,978-0199537198,5
4603,L'Éducation sentimentale,Gustave Flaubert,Penguin Classics,1898    ,History,978-0140444186,19
4604,Twice-Told Tales,Nathaniel Hawthorne,Kessinger Publishing,1837    ,History,978-1419131059,16
4605,Martin Chuzzlewit,Charles Dickens,Penguin Classics,1800    ,History,978-0140430264,16
4606,Summer,Edith Wharton,Penguin Classics,1917    ,History,978-0140183177,12
4607,The Cricket on the Hearth,Charles Dickens,CreateSpace,1846    ,History,978-1505353846,19
4608,The English Patient,Michael Ondaatje,Vintage,1992    ,History,978-0679745204,17
4609,The mis-education of the Negro,Carter Godwin Woodson,Wilder Publications,1933    ,History,978-1604596311,4
4610,The Guernsey Literary and Potato Peel Pie Society,Mary Ann Shaffer,Dial Press,2008    ,History,978-0385341004,17
4611,Frank Lloyd Wright,Frank Lloyd Wright,Pomegranate,1900    ,History,978-0764932434,1
4612,Max Havelaar of de koffijveilingen der Nederlansche handelmaatschappij,Multatuli,Penguin Classics,1868    ,History,978-0140445169,1
4613,The Intelligent Investor,Benjamin Graham,Harper Business,1949    ,History,978-0060555665,7
4614,Réquiem por un campesino español,Ramón J. Sender,Ediciones Destino,1960    ,History,978-8423340057,12
4615,Silas Marner,George Eliot,Penguin Classics,1860    ,History,978-0141439754,5
4616,Charles Darwin's The Voyage of the Beagle:,Charles Darwin,Penguin Classics,1839    ,History,978-0140436310,9
4617,From slavery to freedom,John Hope Franklin,McGraw-Hill,1947    ,History,978-0072963786,7
4618,Niebla,Miguel de Unamuno,University of Illinois,1914    ,History,978-0252072178,7
4619,Three Lives,Gertrude Stein,Dover Publications,1909    ,History,978-0486277974,7
4620,C. Iulii Caesaris Commentarii de bello gallico,Gaius Julius Caesar,Oxford Classics,1570    ,History,978-0199540266,10
4621,"Maggie, a girl of the streets",Stephen Crane,Penguin Classics,1893    ,History,978-0140435146,6
4622,Gedichte,Johann Wolfgang von Goethe,Northwestern Univ,1700    ,History,978-0810103597,6
4623,The Scarlet Plague,Jack London,CreateSpace,1910    ,History,978-1507746196,16
4624,The Notebook,Nicholas Sparks,Warner Books,1996    ,History,978-0446605236,17
4625,La sociedad del espectáculo,Guy Debord,Zone Books,1967    ,History,978-0942299335,3
4626,Детство; Отрочество; Юность,Лев Толстой,Penguin Classics,1862    ,History,978-0140441390,12
4627,Les Mandarins,Simone de Beauvoir,W. W. Norton,1954    ,History,978-0393311020,5
4628,Evangeline,Henry Wadsworth Longfellow,Digireads,1847    ,History,978-1420952049,19
4629,Eaters of the Dead,Michael Crichton,Harper,1976    ,History,978-0061782633,18
4630,Call It Courage,Armstrong Sperry,Aladdin,1940    ,History,978-0689713910,1
4631,Il barone rampante,Italo Calvino,Harcourt,1957    ,History,978-0156030830,12
4632,Bath Tangle,Georgette Heyer,Sourcebooks,1955    ,History,978-1402210518,17
4633,Zoya,Danielle Steel,Dell,1980    ,History,978-0440203858,5
4634,Oblomov,Ivan Aleksandrovich Goncharov,Penguin Classics,1913    ,History,978-0140449877,17
4635,The Last Days of Hitler,H. R. Trevor-Roper,University of Chicago,1947    ,History,978-0226812243,19
4636,The Shelters of Stone,Jean M. Auel,Crown,2001    ,History,978-0609610596,8
4637,Strong Poison,Dorothy L. Sayers,Harper Paperbacks,1930    ,History,978-0062196194,10
4638,What's wrong with the world,Gilbert Keith Chesterton,Wilder Publications,1910    ,History,978-1604593501,4
4639,The Killer Angels,Michael Shaara,Ballantine Books,1974    ,History,978-0345348104,13
4640,Midwinter,John Buchan,CreateSpace,1923    ,History,978-1522789123,6
4641,Two years before the mast,Richard Henry Dana,Penguin Classics,1000    ,History,978-0140390087,9
4642,The Rape of the Lock,Alexander Pope,Digireads,1714    ,History,978-1420935547,17
4643,The Unfinished Nation,Alan Brinkley,McGraw-Hill,1993    ,History,978-0073385525,8
4644,King Rat,James Clavell,Dell,1950    ,History,978-0440145462,7
4645,A Child's History of England,Charles Dickens,Echo Library,1800    ,History,978-1404325784,2
4646,Inuyasha,高橋留美子,VIZ Media,1998    ,History,978-1591160359,20
4647,The Curious Case of Benjamin Button,F. Scott Fitzgerald,Digireads,2007    ,History,978-1420932782,7
4648,Benim Adım Kırmızı,Orhan Pamuk,Vintage,1998    ,History,978-0375706165,13
4649,The deerslayer,James Fenimore Cooper,Penguin Classics,1841    ,History,978-0140431988,15
4650,The Marble Faun,Nathaniel Hawthorne,Penguin Classics,1840    ,History,978-0140390773,14
4651,Vingt ans apres̀,Alexandre Dumas,Oxford Classics,1800    ,History,978-0199540365,6
4652,The Door into Summer,Robert A. Heinlein,Del Rey,1957    ,History,978-0345330123,3
4653,Longitude,Dava Sobel,Walker & Company,1995    ,History,978-1582340357,15
4654,History of art,H. W. Janson,Prentice Hall,1962    ,History,978-0131841512,2
4655,The Electric Kool-Aid Acid Test,Tom Wolfe,Picador,1968    ,History,978-0312427597,12
4656,The Audacity of Hope,Barack Obama,Crown,2006    ,History,978-0307237705,4
4657,Wide Sargasso Sea,Jean Rhys,W. W. Norton,1966    ,History,978-0393352566,17
4658,Danse Macabre,Stephen King,Gallery Books,1980    ,History,978-1439170984,18
4659,Freedom at Midnight,Dominique Lapierre,HarperCollins,1975    ,History,978-0006388517,10
4660,Master and Commander,Patrick O'Brian,W. W. Norton,1969    ,History,978-0393307054,16
4661,The White Company,Arthur Conan Doyle,Tarlton,1890    ,History,978-1590212738,16
4662,The Grand Sophy,Georgette Heyer,Sourcebooks,1950    ,History,978-1402210549,9
4663,Las venas abiertas de América Latina,Eduardo Galeano,Siglo XXI,1971    ,History,978-9682325571,15
4664,Titus Andronicus,William Shakespeare,Penguin Shakespeare,1594    ,History,978-0141012131,16
4665,Del amor y otros demonios,Gabriel García Márquez,Vintage Español,1994    ,History,978-1400034635,10
4666,Osudy dobrého vojáka Švejka za světové války,Jaroslav Hašek,Penguin Classics,1926    ,History,978-0140442731,10
4667,The Poisonwood Bible,Barbara Kingsolver,Harper Perennial,1998    ,History,978-0060786502,1
4668,11/22/1963,Stephen King,Scribner,1925    ,History,978-1451627282,11
4669,"Sarah, plain and tall",Patricia MacLachlan,HarperCollins,1985    ,History,978-0064402057,3
4670,A View from the Bridge,Arthur Miller,Penguin Books,1955    ,History,978-0140481358,10
4671,L' Orlando furioso,Lodovico Ariosto,Penguin Classics,1545    ,History,978-0140443110,3
4672,The Logic of Scientific Discovery,Karl Popper,Routledge,1935    ,History,978-0415278447,18
4673,The old wives' tale,Arnold Bennett,Penguin Classics,1900    ,History,978-0141441702,8
4674,Speeches,Cicero,Penguin Classics,1499    ,History,978-0140442144,5
4675,Friday's Child,Georgette Heyer,Sourcebooks,1944    ,History,978-1402210525,16
4676,Собачье сердце,Михаил Афанасьевич Булгаков,Harvill Press,1968    ,History,978-0006482109,10
4677,Jurgen,James Branch Cabell,Dover Publications,1919    ,History,978-0486229898,11
4678,The  French Revolution,Thomas Carlyle,Modern Library,1837    ,History,978-0375760228,10
4679,Girl with a Pearl Earring,Tracy Chevalier,Plume,1999    ,History,978-0452282155,8
4680,The Silver Sword,Ian Serraillier,Red Fox,1956    ,History,978-0099439493,14
4681,World Without End,Ken Follett,Signet,1961    ,History,978-0451224996,16
4682,Jack and Jill: a village story,Louisa May Alcott,Digireads,1880    ,History,978-1420952087,12
4683,De bello judaico,Flavius Josephus,Penguin Classics,1481    ,History,978-0140444209,18
4684,Herfsttij der Middeleeuwen,Johan Huizinga,University of Chicago,1919    ,History,978-0226359922,11
4685,The Pathfinder,James Fenimore Cooper,Penguin Classics,1800    ,History,978-0140390711,8
4686,The Structure of Scientific Revolutions,Thomas S. Kuhn,University of Chicago,1955    ,History,978-0226458120,6
4687,The Alienist,Caleb Carr,Random House,1994    ,History,978-0812976144,7
4688,Emily climbs,Lucy Maud Montgomery,Tundra,1920    ,History,978-1770481237,14
4689,The Complete Short Stories of Ernest Hemingway,Ernest Hemingway,Scribner,1930    ,History,978-0684843322,7
4690,The Death and Life of Great American Cities,Jane Jacobs,Vintage,1961    ,History,978-0679741954,2
4691,Liebeszauber,Louise Erdrich,Harper Perennial,1984    ,History,978-0061787638,17
4692,The history of the Peleponnesian war,Thucydides,Penguin Classics,1545    ,History,978-0140440393,12
4693,Art history,Marilyn Stokstad,Pearson,1995    ,History,978-0131455276,19
4694,The Endless Steppe,Esther Rudomin Hautzig,HarperCollins,1968    ,History,978-0064405775,7
4695,Mr. Standfast,John Buchan,Oxford Classics,1918    ,History,978-0199537167,5
4696,The New Machiavelli,H. G. Wells,Penguin Classics,1900    ,History,978-0141441580,13
4697,The great controversy,Ellen Gould Harmon White,Pacific Press,1858    ,History,978-1614550006,6
4698,A Distant Mirror,Barbara Tuchman,Ballantine Books,1600    ,History,978-0345349576,2
4699,The Chessmen of Mars,Edgar Rice Burroughs,Digireads,1922    ,History,978-1420932034,3
4700,Bushidō,Inazo Nitobe,iUniverse,1899    ,History,978-1583483961,12
4701,Cymbeline,William Shakespeare,Penguin,1734    ,History,978-0141012179,20
4702,The Great Hunt (The Wheel of Time Book 2),Robert Jordan,Tor Books,1990    ,History,978-0812517728,9
4703,Dragonfly in Amber,Diana Gabaldon,Delacorte,1992    ,History,978-0385306065,4
4704,Novels (The Call of the Wild / White Fang),Jack London,Library of America,1962    ,History,978-0940450059,6
4705,The Rise and Fall of the Third Reich,William L. Shirer,Simon & Schuster,1901    ,History,978-1451651683,17
4706,"Henry IV, Part 2",William Shakespeare,Penguin,1600    ,History,978-0141012124,2
4707,The Sign of the Beaver,Elizabeth George Speare,Houghton Mifflin,1944    ,History,978-0547577111,18
4708,Mistress of Mellyn,Eleanor Burford,St. Martin's Press,1960    ,History,978-0312377311,17
4709,The water-witch,James Fenimore Cooper,Digireads,1830    ,History,978-1420934175,19
4710,Captain Corelli's Mandolin,Louis de Bernières,Vintage,1994    ,History,978-0679763970,1
4711,The Witch of Blackbird Pond,Elizabeth George Speare,Houghton Mifflin,1958    ,History,978-0547550299,2
4712,The way of all flesh,Samuel Butler,Penguin Classics,1900    ,History,978-0140430127,12
4713,Plain tales from the hills,Rudyard Kipling,Penguin Classics,1888    ,History,978-0140431445,10
4714,Treasure,Clive Cussler,Pocket Books,1988    ,History,978-1451635881,5
4715,Fall of Giants,Ken Follett,Signet,2010    ,History,978-0451232571,8
4716,Devil's Cub (Alastair-Audley #2),Georgette Heyer,Sourcebooks,1932    ,History,978-1402201417,14
4717,The discovery of India,Jawaharlal Nehru,Penguin India,1946    ,History,978-0143031031,9
4718,The story of art,E. H. Gombrich,Phaidon Press,1950    ,History,978-0714832470,4
4719,The long ships,Frans Gunnar Bengtsson,NYRB Classics,1943    ,History,978-1590173466,18
4720,A People's History of the United States,Howard Zinn,Harper,1980    ,History,978-0060838652,17
4721,Forever Amber,Kathleen Winsor,Chicago Review,1944    ,History,978-1556524165,19
4722,Traditions & encounters,Jerry H. Bentley,McGraw-Hill,1999    ,History,978-0073406930,7
4723,The Toll-Gate,Georgette Heyer,Sourcebooks,1954    ,History,978-1402210556,10
4724,Where the Crawdads Sing,Delia Owens,Putnam,2018    ,History,978-0735219090,6
4725,Wolf Hall,Hilary Mantel,Picador,2009    ,History,978-0312429980,20
4726,The works of Hubert Howe Bancroft,Hubert Howe Bancroft,BiblioBazaar,1882    ,History,978-1110756735,18
4727,Kommandant in Auschwitz,Rudolf Höss,DTV,1956    ,History,978-3423301275,17
4728,The Economic Consequences of the Peace (Twentieth-Century Classics),John Maynard Keynes,Martino Fine Books,1919    ,History,978-1614271819,4
4729,The Watsons go to Birmingham--1963,Christopher Paul Curtis,Yearling,1963    ,History,978-0440414124,15
4730,Forever,Judy Blume,Atheneum,1957    ,History,978-1481414432,13
4731,Bacchae,Euripides,Penguin Classics,1821    ,History,978-0140440447,12
4732,Einstein,Walter Isaacson,Simon & Schuster,2007    ,History,978-0743264747,19
4733,The Plot Against America,Philip Roth,Vintage,2004    ,History,978-1400079490,8
4734,Kodeks pracy,Poland.,C.H. Beck,1693    ,History,978-8381585637,15
4735,Civilization in the West,Mark A. Kishlansky,Pearson,1991    ,History,978-0205556847,1
4736,Hospital Sketches,Louisa May Alcott,Dover,1863    ,History,978-0486263304,14
4737,"Ancient law, its connection with the early history of society and its relaton to modern ideas",Henry James Sumner Maine,Univ. of Arizona,1861    ,History,978-0816503469,2
4738,Commentaries on the laws of England,Sir William Blackstone,Univ. of Chicago,1721    ,History,978-0226055381,5
4739,De la division du travail social,Émile Durkheim,Free Press,1893    ,History,978-0029079614,3
4740,Gravity's Rainbow,Thomas Pynchon,Penguin Classics,1973    ,History,978-0143039945,18
4741,Caesar and Cleopatra,George Bernard Shaw,Penguin Classics,1900    ,History,978-0140437959,1
4742,The illustrated naked ape,Desmond Morris,Crescent,1772    ,History,978-0517618455,16
4743,Dialogues Concerning Natural Religion,David Hume,Penguin Classics,1779    ,History,978-0140445367,13
4744,Sophocles,Sophocles,Penguin Classics,1832    ,History,978-0140444254,8
4745,Endurance,Alfred Lansing,Basic Books,1959    ,History,978-0465062881,13
4746,Nova Atlantis,Francis Bacon,Digireads,1627    ,History,978-1420933703,5
4747,The postman always rings twice,James M. Cain,Vintage,1934    ,History,978-0679723257,11
4748,Farmer Giles of Ham,J.R.R. Tolkien,Houghton Mifflin,1949    ,History,978-0618009367,12
4749,El Dorado,Emma Orczy,Digireads,1913    ,History,978-1420934670,17
4750,The Forsyte Saga (various novels),John Galsworthy,Oxford Classics,1898    ,History,978-0199540549,11
4751,La reine Margot,Alexandre Dumas,Oxford Classics,1844    ,History,978-0199538447,18
4752,The Outline of History,H. G. Wells,Digital Village,1919    ,History,978-1582181554,1
4753,Billy Budd,Herman Melville,Penguin Classics,1900    ,History,978-0140390537,14
4754,The house by the church-yard,Sheridan Le Fanu,iUniverse,1863    ,History,978-1583485552,1
4755,Madame Curie,"Curie, Eve",Da Capo Press,1937    ,History,978-0306810381,8
4756,Joan Miró,Joan Miró,MoMA,1937    ,History,978-0870705007,10
4757,I am Malala,Malala Yousafzai,"Little, Brown",2012    ,History,978-0316322409,20
4758,Troilus and Cressida,William Shakespeare,Penguin,1609    ,History,978-0141012148,5
4759,Black like me,John Howard Griffin,Signet,1960    ,History,978-0451234216,13
4760,Purple Hibiscus,Chimamanda Ngozi Adichie,Algonquin Books,2003    ,History,978-1616202415,8
4761,Possession,A. S. Byatt,Vintage,1890    ,History,978-0679735908,12
4762,The Man Without a Country,Edward Everett Hale,Digireads,1865    ,History,978-1420930726,8
4763,The History of England from the accession of James the Second,Thomas Babington Macaulay,Penguin Classics,1800    ,History,978-0140431339,11
4764,In the days of the comet,H. G. Wells,Penguin Classics,1906    ,History,978-0141441337,20
4765,Tai-Pan (Asian Saga,James Clavell,Dell,1966    ,History,978-0440184621,13
4766,The Nightingale,Kristin Hannah,St. Martin's Press,2000    ,History,978-1250080400,3
4767,"Calculus, Early Transcendentals",James Stewart,Cengage Learning,1991    ,History,978-1285741550,3
4768,Narziss und Goldmund,Hermann Hesse,Picador,1930    ,History,978-0312421670,19
4769,The ruby in the smoke (Sally Lockhart #1),Philip Pullman,Knopf,1985    ,History,978-0375845161,1
4770,Half of a Yellow Sun,Chimamanda Ngozi Adichie,Anchor,2006    ,History,978-1400095209,17
4771,The fire next time,James Baldwin,Vintage,1962    ,History,978-0679744726,7
4772,The works of Horace,Horace,Loeb Classical Lib,1681    ,History,978-0674990364,20
4773,Erewhon,Samuel Butler,Penguin Classics,1700    ,History,978-0140430202,11
4774,The Underground Railroad,Colson Whitehead,Doubleday,2000    ,History,978-0385542364,8
4775,Ten days in a mad-house,Nellie Bly,Martino Fine Books,1905    ,History,978-1614271833,19
4776,The Tin Woodman of Oz,L. Frank Baum,Wilder,1918    ,History,978-1604595826,3
4777,Galapagos,Kurt Vonnegut,Dial Press,1820    ,History,978-0385333870,11
4778,The Running Man,Stephen King,Gallery Books,1982    ,History,978-1501143823,4
4779,Salammbô,Gustave Flaubert,Penguin Classics,1863    ,History,978-0140443288,10
4780,Lysistrata,Aristophanes,Penguin Classics,1872    ,History,978-0140448146,7
4781,The True Confessions of Charlotte Doyle,Avi,Scholastic,1990    ,History,978-0545477116,2
4782,Ungeduld des Herzens,Stefan Zweig,NYRB Classics,1927    ,History,978-1590179574,1
4783,The Song of Achilles,Madeline Miller,Ecco,2011    ,History,978-0062060624,10
4784,20 Years at Hull House,Jane Addams,Penguin Classics,1910    ,History,978-0143039129,15
4785,Goodbye to Berlin,Christopher Isherwood,New Directions,1939    ,History,978-0811220248,19
4786,Lightning,Dean Koontz,Berkley,1986    ,History,978-0425115800,10
4787,Cousin Kate,Georgette Heyer,Sourcebooks,1968    ,History,978-1402213168,10
4788,The Old Man in the Corner,Emma Orczy,Dover,1908    ,History,978-0486414270,5
4789,The Children of Men,P. D. James,Vintage,1992    ,History,978-0307275431,7
4790,Mas̲navī,Rumi (Jalāl ad-Dīn Muḥammad Balkhī),Oxford Classics,1851    ,History,978-0199552313,16
4791,三体,刘慈欣,Tor Books,2008    ,History,978-0765377067,8
4792,The Talisman Ring,Georgette Heyer,Sourcebooks,1936    ,History,978-1402213151,6
4793,Dead Souls,Николай Васильевич Гоголь,Penguin Classics,1942    ,History,978-0140448078,8
4794,Constitution,India,CBS Publishers,1947    ,History,978-8123929422,16
4795,Everything Is Illuminated,Jonathan Safran Foer,Perennial,2002    ,History,978-0060529703,19
4796,The twenty-one balloons,William Pène Du Bois,Puffin Books,1947    ,History,978-0140320978,20
4797,The Coming Race,"Edward Bulwer Lytton, Baron Lytton",Penguin Classics,1871    ,History,978-0141441733,18
4798,Cloud Atlas,David Mitchell,Random House,2004    ,History,978-0375507250,9
4799,Regency Buck,Georgette Heyer,Sourcebooks,1935    ,History,978-1402213182,19
4800,Diarios de Motocicleta,Che Guevara,Ocean Press,1993    ,History,978-1920888107,20
4801,The Seven Storey Mountain,Thomas Merton,HMH Books,1948    ,History,978-0156010863,2
4802,L'amica geniale,Elena Ferrante,Europa Editions,2011    ,History,978-1609450786,7
4803,Lettres philosophiques,Voltaire,Oxford Classics,1733    ,History,978-0199535743,15
4804,Fast Food Nation,Eric Schlosser,Mariner Books,2001    ,History,978-0547750330,9
4805,Rip Van Winkle,Washington Irving,Empire Books,1850    ,History,978-1619491755,8
4806,Journal,Henry David Thoreau,NYRB Classics,1906    ,History,978-1590173213,3
4807,Phèdre,Jean Racine,Penguin Classics,1677    ,History,978-0140441147,17
4808,Farewell to Manzanar,Jeanne Wakatsuki Houston,Ember,1758    ,History,978-0307976079,9
4809,Implementation of the Helsinki accords,United States. Congress. Commission on Security and Cooperation in Europe,Univ. of California,1982    ,History,978-0520053380,1
4810,The story of the other wise man,Henry van Dyke,iUniverse,1895    ,History,978-1583486337,18
4811,The Haunted Man and the Ghost's Bargain,Charles Dickens,1st World Library,1848    ,History,978-1421805542,13
4812,Puck of Pook's Hill,Rudyard Kipling,Penguin Classics,1900    ,History,978-0140435757,3
4813,Berlin Alexanderplatz,Alfred Döblin,Penguin Classics,1929    ,History,978-0141187143,9
4814,Stone Butch Blues,Leslie Feinberg,Alyson Books,1993    ,History,978-1555833794,6
4815,The Crystal Cave,Mary Stewart,William Morrow,1970    ,History,978-0060548254,12
4816,Manon Lescaut,Abbé Prévost,Penguin Classics,1734    ,History,978-0140445596,17
4817,The Defendant,Gilbert Keith Chesterton,BiblioBazaar,1901    ,History,978-1110825302,1
4818,The Lodger,Marie Belloc Lowndes,Oxford Classics,1913    ,History,978-0199537020,16
4819,Lettres persanes,Charles-Louis de Secondat baron de La Brède et de Montesquieu,Penguin Classics,1721    ,History,978-0140442816,15
4820,Future shock,Alvin Toffler,Bantam,1801    ,History,978-0553277371,9
4821,"Bud, Not Buddy",Christopher Paul Curtis,Yearling,1994    ,History,978-0440414803,6
4822,In the Heart of the Sea,Nathaniel Philbrick,Penguin Books,2000    ,History,978-0141001821,17
4823,Eugénie Grandet,Honoré de Balzac,Penguin Classics,1868    ,History,978-0140440768,12
4824,"Works [37 plays, 5 poems, sonnets]",William Shakespeare,Oxford University,1794    ,History,978-0199661947,12
4825,Collapse,Jared M. Diamond,Penguin Books,2004    ,History,978-0143117001,10
4826,Three cups of tea,Greg Mortenson,Penguin Books,2006    ,History,978-0143038252,11
4827,Venetia,Georgette Heyer,Sourcebooks,1958    ,History,978-1402213144,19
4828,History of Alexander the Great,Jacob Abbott,Cosimo Classics,1848    ,History,978-1605206301,18
4829,Lodore,Mary Shelley,Broadview Press,1835    ,History,978-1551110776,8
4830,Servant of the Bones,Anne Rice,Ballantine,1996    ,History,978-0345389473,17
4831,Eichmann in Jerusalem,Hannah Arendt,Penguin Classics,1963    ,History,978-0143039884,12
4832,Water for Elephants,Sara Gruen,Algonquin Books,2006    ,History,978-1565125605,1
4833,And the Mountains Echoed,Khaled Hosseini,Riverhead Books,2013    ,History,978-1594632389,1
4834,На Дрини ћуприја (Na Drini ćuprija),Ivo Andrić,Univ. of Chicago,1956    ,History,978-0226020457,14
4835,Radetzkymarsch,Joseph Roth,Overlook Press,1932    ,History,978-1585673261,19
4836,"Le vicomte de Bragelonne, ou, dix ans plus tard",Alexandre Dumas,Oxford Classics,1848    ,History,978-0199538454,9
4837,Astérix et Cléopâtre,René Goscinny,Orion Children's,1965    ,History,978-0752866055,5
4838,The Convenient Marriage,Georgette Heyer,Sourcebooks,1934    ,History,978-1402210532,2
4839,Vita nuova,Dante Alighieri,Oxford Classics,1829    ,History,978-0199540655,14
4840,World War Z,Max Brooks,Crown,2006    ,History,978-0307346612,15
4841,Stone soup,Marcia Brown,Aladdin,1947    ,History,978-0689711039,2
4842,American Indian Stories,Zitkála-Šá,Univ. of Nebraska,1921    ,History,978-0803299177,19
4843,A Civil Contract,Georgette Heyer,Sourcebooks,1961    ,History,978-1402213175,2
4844,The song of Hiawatha,Henry Wadsworth Longfellow,Digireads,1855    ,History,978-1420952025,8
4845,The Coral Island,Robert Michael Ballantyne,Puffin Classics,1858    ,History,978-0140366884,17
4846,Two Gentlemen of Verona,William Shakespeare,Penguin,1632    ,History,978-0141012100,17
4847,The great conversation,Norman Melchert,Oxford University,1991    ,History,978-0190604356,19
4848,Give Me Liberty!,Eric Foner,W. W. Norton,2010    ,History,978-0393418040,10
4849,The Corinthian,Georgette Heyer,Sourcebooks,1940    ,History,978-1402213205,4
4850,Western Civilization,Jackson J. Spielvogel,Cengage Learning,1900    ,History,978-1305952317,7
4851,A history of New York,Washington Irving,Penguin Classics,1800    ,History,978-0143105022,5
4852,Le città invisibili,Italo Calvino,Harcourt,1972    ,History,978-0156453806,14
4853,A Fine Balance,Rohinton Mistry,McClelland & Stewart,1995    ,History,978-0771060540,12
4854,Les règles de la méthode sociologique,Émile Durkheim,Free Press,1912    ,History,978-0029079409,15
4855,"Bless Me, Ultima",Rudolfo A. Anaya,Warner Books,1972    ,History,978-0446600255,20
4856,Godfrey of Bulloigne,Torquato Tasso,Oxford Classics,1581    ,History,978-0199535415,13
4857,Emily's quest,Lucy Maud Montgomery,McClelland & Stewart,1756    ,History,978-0771063466,6
4858,The Time Traveler's Wife,Audrey Niffenegger,Harcourt,2003    ,History,978-0156029438,14
4859,The Song of the Lark,Willa Cather,Penguin Classics,1915    ,History,978-0140183573,13
4860,Cryptonomicon,Neal Stephenson,William Morrow,1999    ,History,978-0060512804,12
4861,The master of Ballantrae,Robert Louis Stevenson,Penguin Classics,1888    ,History,978-0140434460,16
4862,Frogs,Aristophanes,Penguin Classics,1785    ,History,978-0140449693,9
4863,A Walk in the Woods,Bill Bryson,Anchor,1997    ,History,978-0307279460,9
4864,One of Ours,Willa Cather,Penguin Classics,1922    ,History,978-0141181158,5
4865,The One and Only Ivan,Katherine Applegate,HarperCollins,2011    ,History,978-0061992278,12
4866,Natural law in the spiritual world,Henry Drummond,Digireads,1835    ,History,978-1420934090,9
4867,The Lost Continent,Bill Bryson,Harper Perennial,1989    ,History,978-0060920081,13
4868,Là-bas,Joris-Karl Huysmans,Penguin Classics,1890    ,History,978-0140447675,8
4869,Civil Disobedience,Henry David Thoreau,Martino Fine Books,1800    ,History,978-1614270133,18
4870,Suite française,Irène Némirovsky,Vintage,2004    ,History,978-1400096275,8
4871,Timon of Athens,William Shakespeare,Penguin,1734    ,History,978-0141012162,3
4872,The Serpent's Shadow,Rick Riordan,Disney-Hyperion,2012    ,History,978-1423140573,18
4873,Der Untergang des Abendlandes,Oswald Spengler,Oxford University,1918    ,History,978-0195067514,12
4874,All the President's Men,Carl Bernstein,Simon & Schuster,1974    ,History,978-1476770512,12
4875,"The principall navigations, voiages, and discoveries of the English nations",Richard Hakluyt,Penguin Classics,1589    ,History,978-0140430738,1
4876,The Reluctant Widow,Georgette Heyer,Sourcebooks,1946    ,History,978-1402213212,4
4877,The  man who would be king,Rudyard Kipling,Penguin Classics,1898    ,History,978-0140432244,13
4878,Seven Pillars of Wisdom,T. E. Lawrence,Anchor,1905    ,History,978-0385418959,17
4879,The Yiddish Policemen's Union,Michael Chabon,Harper Perennial,2006    ,History,978-0007149834,5
4880,The Haunted Mask,Robert Lawrence Stine,Scholastic,1993    ,History,978-0545035255,20
4881,The History of Mr. Polly,H. G. Wells,Penguin Classics,1900    ,History,978-0141441412,9
4882,Histoire naturelle,"Georges-Louis Leclerc, comte de Buffon",Univ. of Chicago,1749    ,History,978-0226079080,6
4883,"Der Ursprung der Familie, des Privateigenthums und des Staats",Friedrich Engels,Penguin Classics,1884    ,History,978-0141188041,6
4884,Private Peaceful,Michael Morpurgo,HarperCollins,1962    ,History,978-0007150076,12
4885,ההיסטוריה של המחר,Yuval Noah Harari,Harper,2015    ,History,978-0062316097,14
4886,My Family and other Animals,Gerald Malcolm Durrell,Penguin Classics,1956    ,History,978-0143104117,7
4887,Sprig Muslin,Georgette Heyer,Sourcebooks,1956    ,History,978-1402213229,1
4888,Jazz,Toni Morrison,Vintage,1992    ,History,978-1400076215,20
4889,The Sea-Hawk,Rafael Sabatini,Digireads,1900    ,History,978-1420934618,15
4890,The way we live now,Anthony Trollope,Penguin Classics,1875    ,History,978-0140433920,19
4891,Sofies verden,Jostein Gaarder,FSG,1991    ,History,978-0374530716,9
4892,Love and Mr. Lewisham,H. G. Wells,Penguin Classics,1899    ,History,978-0141441429,11
4893,Homegoing,Yaa Gyasi,Vintage,2016    ,History,978-1101971062,18
4894,Sans famille,Hector Malot,Digireads,1878    ,History,978-1420935554,12
4895,Frederica,Georgette Heyer,Sourcebooks,1965    ,History,978-1402213236,17
4896,The complete works of Robert Browning Volume XVI,Robert Browning,Penguin Classics,1800    ,History,978-0140422603,12
4897,Down Under (In a Sunburned Country),Bill Bryson,Black Swan,2000    ,History,978-0552997034,20
4898,The Quiet Gentleman,Georgette Heyer,Sourcebooks,1951    ,History,978-1402213243,13
4899,Aphrodite (ancient manners),Pierre Louÿs,Digireads,1848    ,History,978-1420934144,4
4900,Казаки (Kazaki),Leo Tolstoy,Penguin Classics,1887    ,History,978-0140449594,11
4901,Baudolino,Umberto Eco,Mariner Books,2000    ,History,978-0156029063,10
4902,Clouds,Aristophanes,Dover Publications,1715    ,History,978-0486283487,10
4903,King John,William Shakespeare,Penguin Shakespeare,1700    ,History,978-0141012025,4
4904,King Henry VIII,William Shakespeare,Penguin Shakespeare,1670    ,History,978-0141012094,15
4905,Brave New World Revisited,Aldous Huxley,Harper Perennial,1958    ,History,978-0060641252,3
4906,By The Great Horn Spoon,Sid Fleischman,"Little, Brown",1963    ,History,978-0316286121,20
4907,Lyddie,Katherine Paterson,Puffin Books,1991    ,History,978-0140373899,7
4908,The White Queen,Philippa Gregory,Touchstone,2009    ,History,978-1416563716,3
4909,The Door in the Wall,Marguerite de Angeli,Yearling,1949    ,History,978-0440402831,18
4910,Circe,Madeline Miller,"Little, Brown",2018    ,History,978-0316556347,13
4911,The Invisible Life of Addie LaRue,V. E. Schwab,Tor Books,2015    ,History,978-0765387561,4
4912,The Historian,Elizabeth Kostova,Back Bay Books,2005    ,History,978-0316011778,10
4913,Fermat's Last Theorem,Simon Singh,Fourth Estate,1997    ,History,978-1857025217,11
4914,Confessions of an economic hit man,"Perkins, John",Berrett-Koehler,2004    ,History,978-1576753019,5
4915,21 Lessons for the 21st Century,Yuval Noah Harari,Spiegel & Grau,2018    ,History,978-0525512172,11
4916,Life of George Washington,Washington Irving,Digireads,1850    ,History,978-1420934151,4
4917,Barnaby Rudge,Charles Dickens,Penguin Classics,1840    ,History,978-0140437287,13
4918,"San Manuel Bueno, mártir",Miguel de Unamuno,Cátedra,1933    ,History,978-8437601427,6
4919,Postern of Fate,Agatha Christie,William Morrow,1973    ,History,978-0062073747,10
4920,The Little Friend,Donna Tartt,Vintage,2000    ,History,978-1400031696,2
4921,Orientalism,Edward W. Said,Vintage,1978    ,History,978-0394740676,8
4922,Letters on demonology and witchcraft,Sir Walter Scott,Cosimo Classics,1830    ,History,978-1605064512,11
4923,"Götter, Gräber und Gelehrte",C. W. Ceram,Knopf,1949    ,History,978-0394426464,13
4924,The Shock Doctrine,Naomi Klein,Picador,2007    ,History,978-0312427993,19
4925,The Eyre Affair,Jasper Fforde,Penguin Books,2001    ,History,978-0142001806,1
4926,Romeo & Juliet,William Shakespeare,Folger Shakespeare,1939    ,History,978-0743477116,14
4927,The Night Circus,Erin Morgenstern,Anchor,2011    ,History,978-0307744432,13
4928,Quatrevingt-treize,Victor Hugo,Modern Library,1800    ,History,978-0812975017,19
4929,Sadako and the Thousand Paper Cranes,Eleanor Coerr,Puffin Books,1977    ,History,978-0142401132,20
4930,A People and a Nation,Mary Beth Norton,Cengage Learning,1982    ,History,978-1133312727,17
4931,Aventures de Télémaque,François de Salignac de La Mothe-Fénelon,Cambridge Univ.,1699    ,History,978-0521456623,18
4932,La tía Julia y el escribidor,Mario Vargas Llosa,Penguin Classics,1977    ,History,978-0141180120,16
4933,The Bronze Bow,Elizabeth George Speare,HMH Books,1961    ,History,978-0547577135,19
4934,Moreta,Anne McCaffrey,Del Rey,1983    ,History,978-0345298737,4
4935,"Black Hawk, Down",Mark Bowden,Grove Press,1999    ,History,978-0802144782,4
4936,"Laws, etc",England and Wales,ProQuest,1513    ,History,978-1240183180,11
4937,Go Set A Watchman,Harper Lee,Harper,2015    ,History,978-0062409850,6
4938,A strange manuscript found in a copper cylinder,James De Mille,Talonbooks,1888    ,History,978-0889225015,8
4939,Quidditch Through the Ages,J. K. Rowling,Scholastic,2001    ,History,978-1338125740,6
4940,The Wouldbegoods,Edith Nesbit,Puffin Books,1901    ,History,978-0140301229,5
4941,Tristan und Isolde,Gottfried von Strassburg,Penguin Classics,1823    ,History,978-0140440980,12
4942,The Poetical Works of John Dryden,John Dryden,Nabu Press,1777    ,History,978-1142825850,15
4943,The Wolves of Willoughby Chase (Wolves #1),Joan Aiken,Yearling,1911    ,History,978-0385350358,18
4944,Agamemnon,Aeschylus,Penguin Classics,1816    ,History,978-0140443332,6
4945,Into the Wild,Jon Krakauer,Anchor,1996    ,History,978-0385486804,6
4946,Blood and Gold,Anne Rice,Ballantine Books,1998    ,History,978-0345423016,14
4947,"Windsor Castle, an historical romance",William Harrison Ainsworth,1st World Library,1800    ,History,978-1421808468,18
4948,Sketches by Boz,Charles Dickens,Penguin Classics,1800    ,History,978-0140433456,20
4949,And the Band Played on,Randy Shilts,St. Martin's Press,1987    ,History,978-0312374631,8
4950,Michel Strogoff,Jules Verne,Digireads,1876    ,History,978-1420935561,9
4951,Tom Sawyer Abroad,Mark Twain,Univ. of California,1894    ,History,978-0520241084,20
4952,At Home,Bill Bryson,Anchor,2010    ,History,978-0767919395,17
4953,The Last Kingdom,Bernard Cornwell,Harper,2004    ,History,978-0060887186,18
4954,Se una notte d'inverno un viaggiatore,Italo Calvino,Harcourt,1979    ,History,978-0156806565,9
4955,Captivity and Restoration,Mary White Rowlandson,Digireads,1682    ,History,978-1420931501,11
4956,Apologia pro vita sua,John Henry Newman,Penguin Classics,1860    ,History,978-0140430158,2
4957,Far away and long ago,W. H. Hudson,Wilder Publications,1918    ,History,978-1604593129,1
4958,Maria Stuart,Friedrich Schiller,Penguin Classics,1801    ,History,978-0140444391,9
4959,Lady of Quality,Georgette Heyer,Sourcebooks,1972    ,History,978-1402213250,20
4960,Doctor Thorne,Anthony Trollope,Penguin Classics,1858    ,History,978-0140432497,4
4961,By the King,King James VI and I,BiblioBazaar,1603    ,History,978-1110825302,12
4962,South: the story of Shackleton's 1914-1917 expedition,Sir Ernest Henry Shackleton,Penguin Books,1919    ,History,978-0140170511,1
4963,The Emperor of All Maladies,Siddhartha Mukherjee,Scribner,2010    ,History,978-1439170915,18
4964,River God,Wilbur Smith,St. Martin's Press,1993    ,History,978-0312953287,2
4965,California and Oregon trail,Francis Parkman,Penguin Classics,1872    ,History,978-0140390421,12
4966,The histories,Polybius,Oxford Classics,1542    ,History,978-0199534708,13
4967,The Adventures of Gerard,Arthur Conan Doyle,Digireads,1902    ,History,978-1420935103,19
4968,The Elusive Pimpernel (Scarlet Pimpernel),Emma Orczy,Digireads,1908    ,History,978-1420935042,12
4969,Tales of the Jazz Age,F. Scott Fitzgerald,Digireads,1922    ,History,978-1420932010,4
4970,The secret life of bees,Sue Monk Kidd,Penguin Books,2000    ,History,978-0142001745,12
4971,The Autobiography of Alice B. Toklas,Gertrude Stein,Vintage,1933    ,History,978-0679724636,19
4972,The uncommercial traveller,Charles Dickens,Penguin Classics,1776    ,History,978-0141198422,2
4973,Three guineas,Virginia Woolf,Harcourt,1938    ,History,978-0156901772,20
4974,The big short,Michael Lewis,W. W. Norton,2009    ,History,978-0393338829,17
4975,Decline and Fall,Evelyn Waugh,Back Bay Books,1928    ,History,978-0316926348,11
4976,Welcome to Camp Nightmare,Robert Lawrence Stine,Scholastic,1993    ,History,978-0545035217,10
4977,Lays of ancient Rome,Thomas Babington Macaulay,Digireads,1800    ,History,978-1420933758,4
4978,Castle Rackrent,Maria Edgeworth,Penguin Classics,1800    ,History,978-0140433203,7
4979,Exodus,Leon Uris,Bantam,1958    ,History,978-0553258479,18
4980,Roman de la Rose,Guillaume de Lorris,Oxford Classics,1493    ,History,978-0199540679,15
4981,A Gentleman in Moscow,Amor Towles,Penguin Books,2016    ,History,978-0143110439,16
4982,The Mother Tongue,Bill Bryson,William Morrow,1656    ,History,978-0380715435,15
4983,Sozialgeschichte der Kunst und Literatur,Arnold Hauser,Routledge,1951    ,History,978-0415199451,7
4984,The Buried Giant,Kazuo Ishiguro,Vintage,1900    ,History,978-0307455796,6
4985,A Sand County Almanac,Aldo Leopold,Oxford University,1964    ,History,978-0195059281,5
4986,Lies My Teacher Told Me,James W. Loewen,The New Press,1994    ,History,978-1620973929,9
4987,The Intelligent Man's Guide to Science,Isaac Asimov,Basic Books,1960    ,History,978-0465004720,12
4988,Kindred,Octavia E. Butler,Beacon Press,1979    ,History,978-0807083697,8
4989,The works of Robert Burns,Robert Burns,Wordsworth,1800    ,History,978-1853264153,20
4990,Sundiata,Djibril Tamsir Niane,Longman,1960    ,History,978-1405822725,3
4991,Wieland,Charles Brockden Brown,Penguin Classics,1798    ,History,978-0140390797,1
4992,The Myth of Sisyphus and Other Essays,Albert Camus,Vintage,1955    ,History,978-0679733737,9
4993,Le Cid,Pierre Corneille,Penguin Classics,1636    ,History,978-0140446531,5
4994,The Merry Wives of Windsor,William Shakespeare,Penguin Shakespeare,1602    ,History,978-0141011974,19
4995,"Weep not, child",Ngũgĩ wa Thiongʼo,Penguin Classics,1964    ,History,978-0143106692,5
4996,The Last Chronicle of Barset,Anthony Trollope,Penguin Classics,1867    ,History,978-0140431421,19
4997,Why We Can't Wait,Martin Luther King Jr.,Signet,1963    ,History,978-0451527530,18
4998,Blood Meridian,Cormac McCarthy,Vintage,1985    ,History,978-0679728757,14
4999,The years,Virginia Woolf,Harcourt,1937    ,History,978-0156997010,9
5000,Love Comes Softly,Janette Oke,Bethany House,1979    ,History,978-0764205514,7
5001,Goodnight Moon,Margaret Wise Brown,HarperFestival,1947    ,Children,978-0694003617,12
5002,The Night Before Christmas,Clement Clarke Moore,Henry Holt and Co.,1857    ,Children,978-0805072235,14
5003,Guess How Much I Love You,Sam McBratney,Candlewick,1994    ,Children,978-0763642648,1
5004,The Tale of Peter Rabbit,Beatrix Potter,Frederick Warne,1920    ,Children,978-0723247708,1
5005,We're Going on a Bear Hunt,Michael Rosen,Little Simon,1746    ,Children,978-0689504396,20
5006,The Very Hungry Caterpillar,Eric Carle,Philomel Books,1969    ,Children,978-0399226908,6
5007,The Gruffalo,Julia Donaldson,Dial Books,1999    ,Children,978-0803731097,5
5008,The Ugly Duckling,Hans Christian Andersen,Morrow Junior Books,1851    ,Children,978-0688159320,19
5009,The Sea Fairies,L. Frank Baum,Dover Publications,1911    ,Children,978-0486445663,14
5010,Winnie-the-Pooh,A. A. Milne,Dutton Juvenile,1925    ,Children,978-0525444435,10
5011,The Enchanted Castle,Edith Nesbit,Puffin Classics,1907    ,Children,978-0141321455,16
5012,Charlie and the Chocolate Factory,Roald Dahl,Alfred A. Knopf,1964    ,Children,978-0375815263,8
5013,The Book of Dragons,Edith Nesbit,Dover Publications,1973    ,Children,978-0486444147,11
5014,A Little Princess,Frances Hodgson Burnett,Signet Classics,1905    ,Children,978-0451525093,2
5015,Heidi,"Spyri, Johanna",Puffin Books,1885    ,Children,978-0141322568,2
5016,The Twits,Roald Dahl,Puffin,1967    ,Children,978-0142410394,2
5017,Bambi,Felix Salten,Simon & Schuster,1923    ,Children,978-1442467460,8
5018,Where the Wild Things Are,Maurice Sendak,HarperCollins,1963    ,Children,978-0060254926,16
5019,Emily of New Moon,Lucy Maud Montgomery,Sourcebooks,1923    ,Children,978-1402214349,7
5020,The Marvelous Land of Oz,L. Frank Baum,Dover Publications,1904    ,Children,978-0486206929,17
5021,Pollyanna,Eleanor Hodgman Porter,Puffin Classics,1912    ,Children,978-0141324814,19
5022,Fantastic Mr Fox,Roald Dahl,Puffin,1970    ,Children,978-0142410349,10
5023,The Wonderful Wizard of Oz,L. Frank Baum,George M. Hill,1899    ,Children,978-0688069445,4
5024,The Phoenix and the Carpet,Edith Nesbit,Puffin Classics,1903    ,Children,978-0141321493,6
5025,The Road to Oz,L. Frank Baum,Dover Publications,1909    ,Children,978-0486252087,8
5026,The Complete Life and Adventures of Santa Claus,L. Frank Baum,Shoemaker & Hoard,1902    ,Children,978-1593760236,2
5027,The Silver Chair,C. S. Lewis,HarperCollins,1953    ,Children,978-0064405041,8
5028,Bridge to Terabithia,Katherine Paterson,HarperCollins,1972    ,Children,978-0060734015,8
5029,Just So Stories,Rudyard Kipling,Puffin Classics,1922    ,Children,978-0141321523,20
5030,Le avventure di Pinocchio,Carlo Collodi,Feltrinelli,1883    ,Children,978-8807821615,12
5031,"Momo oder Die seltsame Geschichte von den Zeit-Dieben und von dem Kind, das den Menschen die gestohlene Zeit zurückbrachte",Michael Ende,McSweeney's,1973    ,Children,978-1938073144,16
5032,Dorothy and the Wizard in Oz,L. Frank Baum,Dover Publications,1908    ,Children,978-0486204772,17
5033,Robin Hood,Howard Pyle,Signet Classics,1883    ,Children,978-0451530264,20
5034,The Story of Doctor Dolittle,Hugh Lofting,Dover Publications,1920    ,Children,978-0486295558,19
5035,The water-babies: a fairy tale for a land-baby,Charles Kingsley,Oxford Univ Press,1863    ,Children,978-0199674404,19
5036,Peter Pan,J. M. Barrie,Puffin Classics,1911    ,Children,978-0141322575,12
5037,The Story of the Amulet,Edith Nesbit,Puffin Classics,1905    ,Children,978-0141321509,9
5038,Anne of Windy Poplars,Lucy Maud Montgomery,Bantam Classics,1900    ,Children,978-0553213164,11
5039,Twilight,Stephenie Meyer,"Little, Brown",2005    ,Children,978-0316015844,2
5040,Le petit prince,Antoine de Saint-Exupéry,Mariner Books,1943    ,Children,978-0156012195,6
5041,The Witches,Roald Dahl,Puffin,1983    ,Children,978-0142410110,11
5042,The BFG,Roald Dahl,Puffin,1980    ,Children,978-0142410387,2
5043,The Wind in the Willows,Kenneth Grahame,Puffin Classics,1908    ,Children,978-0141321134,3
5044,Ozma of Oz,L. Frank Baum,Dover Publications,1907    ,Children,978-0486266749,13
5045,James and the Giant Peach,Roald Dahl,Puffin,1961    ,Children,978-0142410363,3
5046,The Secret Garden,Frances Hodgson Burnett,HarperCollins,1911    ,Children,978-0064401883,13
5047,Little men,Louisa May Alcott,Puffin Classics,1885    ,Children,978-0141323398,11
5048,The Jungle Book,Rudyard Kipling,Puffin Classics,1893    ,Children,978-0141321172,14
5049,The Magician's Nephew,C. S. Lewis,HarperCollins,1955    ,Children,978-0064405058,11
5050,Little House on the Prairie,Laura Ingalls Wilder,HarperCollins,1935    ,Children,978-0064400015,8
5051,Tik-Tok of Oz,L. Frank Baum,Dover Publications,1914    ,Children,978-0486275819,3
5052,Vingt mille lieues sous les mers,Jules Verne,Pierre-Jules Hetzel,1870    ,Children,978-2070404414,6
5053,The Last Battle,C. S. Lewis,HarperCollins,1956    ,Children,978-0064405072,3
5054,Kinder- und Hausmärchen,Gebrüder Grimm [Brothers Grimm],Reclam,1812    ,Children,978-3150031841,11
5055,Northern Lights,Philip Pullman,Scholastic,1995    ,Children,978-0439951210,4
5056,Matilda,Roald Dahl,Puffin,1988    ,Children,978-0142410370,16
5057,The Railway Children,Edith Nesbit,Puffin Classics,1900    ,Children,978-0141321608,3
5058,Little House in the Big Woods,Laura Ingalls Wilder,HarperCollins,1932    ,Children,978-0064400022,10
5059,A Tale of Two Cities,Charles Dickens,Penguin Classics,1800    ,Children,978-0141439600,7
5060,Black Beauty,Anna Sewell,Puffin Classics,1877    ,Children,978-0141321035,13
5061,Charlie and the Great Glass Elevator,Roald Dahl,Puffin,1972    ,Children,978-0142410325,14
5062,Pippi Långstrump,Astrid Lindgren,Rabén & Sjögren,1945    ,Children,978-0142402498,2
5063,Alice's Adventures in Wonderland / Through the Looking Glass,Lewis Carroll,Macmillan,1889    ,Children,978-0141439761,2
5064,The Alhambra,Washington Irving,Darf Publishers Ltd,1800    ,Children,978-1850770510,10
5065,White Fang,Jack London,Puffin Classics,1905    ,Children,978-0141321110,9
5066,A Wonder Book for Girls and Boys,Nathaniel Hawthorne,Dover Publications,1851    ,Children,978-0486432137,18
5067,"The Lion, the Witch and the Wardrobe",C. S. Lewis,HarperCollins,1950    ,Children,978-0064404990,14
5068,The Lightning Thief,Rick Riordan,Disney-Hyperion,2005    ,Children,978-0786838653,14
5069,The Legend of Sleepy Hollow,Washington Irving,Dover Publications,1820    ,Children,978-0486466583,1
5070,Anne of Green Gables,Lucy Maud Montgomery,Bantam Classics,1908    ,Children,978-0553213133,15
5071,Anne of the Island,Lucy Maud Montgomery,Bantam Classics,1826    ,Children,978-0553213171,12
5072,Daisy Miller,Henry James,Penguin Classics,1877    ,Children,978-0141441344,6
5073,The Hobbit,J.R.R. Tolkien,Houghton Mifflin,1937    ,Children,978-0547928227,19
5074,Charlotte's Web,E. B. White,HarperCollins,1952    ,Children,978-0064400558,17
5075,Prince Caspian,C. S. Lewis,HarperCollins,1951    ,Children,978-0064405003,12
5076,Jo's Boys,Louisa May Alcott,Puffin Classics,1886    ,Children,978-0141323411,7
5077,Anne of Avonlea,Lucy Maud Montgomery,Bantam Classics,1909    ,Children,978-0553213140,13
5078,Oliver Twist,Charles Dickens,Penguin Classics,1822    ,Children,978-0141439747,9
5079,Through the Looking-Glass,Lewis Carroll,Penguin Classics,1865    ,Children,978-0141439761,11
5080,Treasure Island,Robert Louis Stevenson,Puffin Classics,1880    ,Children,978-0141321004,6
5081,A Christmas Carol,Charles Dickens,Penguin Classics,1843    ,Children,978-0141439907,1
5082,The blue castle,Lucy Maud Montgomery,Sourcebooks,1926    ,Children,978-1402213571,13
5083,Daddy-Long-Legs,Jean Webster,Puffin Classics,1912    ,Children,978-0141335346,2
5084,Alice's Adventures in Wonderland,Lewis Carroll,Dover Publications,1865    ,Children,978-0486212005,10
5085,Le roman du masque de fer,Alexandre Dumas,Hachette,1600    ,Children,978-2010021671,17
5086,The Voyage of the Dawn Treader,C. S. Lewis,HarperCollins,1952    ,Children,978-0064405027,11
5087,The Horse and His Boy,C. S. Lewis,HarperCollins,1954    ,Children,978-0064405010,4
5088,Kim,Rudyard Kipling,Penguin Classics,1901    ,Children,978-0141442471,20
5089,Anne's House of Dreams,Lucy Maud Montgomery,Bantam Classics,1917    ,Children,978-0553213188,2
5090,Harry Potter and the Deathly Hallows,J. K. Rowling,Scholastic,2007    ,Children,978-0590353427,12
5091,The Giver,Lois Lowry,Houghton Mifflin,1993    ,Children,978-0544336261,6
5092,Five Children and It,Edith Nesbit,Puffin Classics,1905    ,Children,978-0141321486,15
5093,On the Beach,Nevil Shute,Vintage,1957    ,Children,978-0307473998,5
5094,Harry Potter and the Chamber of Secrets,J. K. Rowling,Scholastic,1998    ,Children,978-0439064873,10
5095,A Wrinkle in Time,Madeleine L'Engle,Square Fish,1962    ,Children,978-0312367541,12
5096,George's Marvelous Medicine,Roald Dahl,Puffin,1981    ,Children,978-0142410356,6
5097,The Red Pony,John Steinbeck,Penguin Classics,1933    ,Children,978-0140177367,13
5098,Harry Potter and the Prisoner of Azkaban,J. K. Rowling,Scholastic,1999    ,Children,978-0439136365,2
5099,Harry Potter and the Philosopher's Stone,J. K. Rowling,Scholastic,1900    ,Children,978-0439139601,3
5100,Les Contes de ma mère l'Oye,Charles Perrault,Gallimard,1675    ,Children,978-2070341887,14
5101,The Scarlet Pimpernel,Emma Orczy,Hodder & Stoughton,1900    ,Children,978-0340894989,15
5102,The most dangerous game,Richard Connell,Collier's,1990    ,Children,978-1421831206,1
5103,The Hound of the Baskervilles,Arthur Conan Doyle,George Newnes,1900    ,Children,978-0141439730,10
5104,Le fantôme de l'opéra,Gaston Leroux,Pierre Lafitte,1911    ,Children,978-2253005421,14
5105,The Prince and the Pauper,Mark Twain,James R. Osgood,1881    ,Children,978-0141321158,2
5106,Hans Andersen's Fairy Tales,Hans Christian Andersen,Puffin Classics,1846    ,Children,978-0141329017,11
5107,The Adventures of Tom Sawyer,Mark Twain,American Publ. Co,1817    ,Children,978-0141439570,17
5108,Diary of a Wimpy Kid,Jeff Kinney,Amulet Books,2002    ,Children,978-0810993136,15
5109,The Subtle Knife,Philip Pullman,Scholastic,1997    ,Children,978-0439951227,8
5110,Harry Potter and the Goblet of Fire,J. K. Rowling,Scholastic,2000    ,Children,978-0439358064,13
5111,David Copperfield,Charles Dickens,Bradbury & Evans,1800    ,Children,978-0140439441,11
5112,Voyage au Centre de la Terre,Jules Verne,Pierre-Jules Hetzel,1867    ,Children,978-2070408542,9
5113,The Hunchback of Notre Dame,Victor Hugo,Gosselin,1831    ,Children,978-0140443530,19
5114,American notes,Charles Dickens,Chapman & Hall,1800    ,Children,978-0140436495,11
5115,The Hunger Games,Suzanne Collins,Scholastic,2008    ,Children,978-0439023481,3
5116,Harry Potter and the Order of the Phoenix,J. K. Rowling,Scholastic,2003    ,Children,978-0439784542,5
5117,Kidnapped,Robert Louis Stevenson,Cassell,1886    ,Children,978-0141321042,18
5118,The Invisible Man,H. G. Wells,C. Arthur Pearson,0    ,Children,978-0141439983,4
5119,Cranford,Elizabeth Cleghorn Gaskell,Household Words,1853    ,Children,978-0141439311,1
5120,Les Trois Mousquetaires,Alexandre Dumas,Baudry,1844    ,Children,978-2253008453,13
5121,The Call of the Wild,Jack London,Macmillan,1903    ,Children,978-0141321059,1
5122,The Daughter of Time,Josephine Tey,Peter Davies,1951    ,Children,978-0684803869,2
5123,A Princess of Mars,Edgar Rice Burroughs,A. C. McClurg,1917    ,Children,978-0143105633,12
5124,My Ántonia,Willa Cather,Houghton Mifflin,1818    ,Children,978-0395755142,19
5125,Ivanhoe,Sir Walter Scott,Archibald Constable,1800    ,Children,978-0140436426,16
5126,A Midsummer Night's Dream,William Shakespeare,Simon & Schuster,1600    ,Children,978-0743477543,14
5127,Little Women,Louisa May Alcott,Roberts Brothers,1848    ,Children,978-0147514011,17
5128,Crooked House,Agatha Christie,Collins Crime Club,1949    ,Children,978-0007119363,9
5129,The Riddle of the Sands,Erskine Childers,"Smith, Elder & Co",1903    ,Children,978-0141181653,10
5130,The House of the Seven Gables,Nathaniel Hawthorne,Ticknor and Fields,1851    ,Children,978-0140390056,12
5131,The Time Machine,H. G. Wells,Heinemann,1895    ,Children,978-0141439976,4
5132,The Strange Case of Dr. Jekyll and Mr. Hyde,Robert Louis Stevenson,"Longmans, Green",1875    ,Children,978-0141439730,19
5133,The Return of the King,J.R.R. Tolkien,George Allen,1950    ,Children,978-0547928197,1
5134,Fairy Tales and Stories,Hans Christian Andersen,Penguin Classics,1850    ,Children,978-0140448931,17
5135,De la terre à la lune,Jules Verne,Pierre-Jules Hetzel,1865    ,Children,978-2253006459,5
5136,A Connecticut Yankee in King Arthur's Court,Mark Twain,Charles L. Webster,1889    ,Children,978-0140430646,2
5137,Uncle Tom's Cabin,Harriet Beecher Stowe,John P. Jewett,1850    ,Children,978-0393933994,2
5138,Les Misérables,Victor Hugo,A. Lacroix,1862    ,Children,978-0451527868,5
5139,The Scarlet Letter,Nathaniel Hawthorne,"Ticknor, Reed",1850    ,Children,978-0142437261,18
5140,The Sign of Four,Arthur Conan Doyle,Spencer Blackett,1889    ,Children,978-0141439822,6
5141,The Moonstone,Wilkie Collins,Tinsley Brothers,1800    ,Children,978-0140434088,8
5142,The War of the Worlds,H. G. Wells,Heinemann,0    ,Children,978-0141441030,19
5143,Works (Awakening / Beyond the Bayou / Desiree's Baby / Kiss / Locket / Ma'ame Pelagie / Pair of Silk Stockings / Reflection / Respectable Woman),Kate Chopin,Penguin Classics,1981    ,Children,978-0142437803,14
5144,Emma,Jane Austen,John Murray,1815    ,Children,978-0141439587,13
5145,The Return of the Native,Thomas Hardy,"Smith, Elder & Co",1878    ,Children,978-0141439617,4
5146,Le Morte d'Arthur,Thomas Malory,William Caxton,1557    ,Children,978-0140440690,11
5147,Im Westen nichts Neues,Erich Maria Remarque,Propyläen Verlag,1928    ,Children,978-0449213902,17
5148,Death in the Clouds,Agatha Christie,Collins Crime Club,1935    ,Children,978-0007119318,10
5149,A Clockwork Orange,Anthony Burgess,Heinemann,1962    ,Children,978-0393312836,4
5150,Adventures of Huckleberry Finn,Mark Twain,Chatto & Windus,1876    ,Children,978-0141439648,14
5151,The Adventures of Sherlock Holmes [12 stories],Arthur Conan Doyle,George Newnes,1892    ,Children,978-0141439693,11
5152,Slaughterhouse-Five,Kurt Vonnegut,Delacorte,1968    ,Children,978-0385333849,4
5153,Harry Potter and the Half-Blood Prince,J. K. Rowling,Scholastic,2005    ,Children,978-0545010221,1
5154,Catching Fire,Suzanne Collins,Scholastic,2009    ,Children,978-0439023498,3
5155,King Solomon's Mines,H. Rider Haggard,Cassell,1880    ,Children,978-0141439525,15
5156,Lord Edgware Dies,Agatha Christie,Collins Crime Club,1933    ,Children,978-0007119332,6
5157,Frankenstein or The Modern Prometheus,Mary Shelley,Lackington,1818    ,Children,978-0141439472,2
5158,Hong lou meng,"Tsʻao, Hsüeh-chʻin.",Penguin Classics,1900    ,Children,978-0140443189,15
5159,Le Tour du Monde en Quatre-Vingts Jours,Jules Verne,Pierre-Jules Hetzel,1872    ,Children,978-2070403035,16
5160,The Curious Incident of the Dog in the Night-Time,Mark Haddon,Jonathan Cape,2002    ,Children,978-1400032716,16
5161,Xi you ji,Wu Cheng'en,Foreign Languages,1900    ,Children,978-0140444346,11
5162,The Book Thief,Markus Zusak,Picador,1998    ,Children,978-0375842207,11
5163,Jane Eyre,Charlotte Brontë,"Smith, Elder & Co",1847    ,Children,978-0141441146,4
5164,Hamlet,William Shakespeare,Simon & Schuster,1603    ,Children,978-0743477123,4
5165,Sense and Sensibility,Jane Austen,Thomas Egerton,1811    ,Children,978-0141439662,4
5166,The Pilgrim's Progress,John Bunyan,Nathaniel Ponder,1678    ,Children,978-0141439716,7
5167,Don Quijote de la Mancha,Miguel de Cervantes Saavedra,Francisco de Robles,1600    ,Children,978-0060934347,14
5168,Wuthering Heights,Emily Brontë,Thomas Cautley,1846    ,Children,978-0141439556,1
5169,Tarzan of the Apes,Edgar Rice Burroughs,A. C. McClurg,1912    ,Children,978-0143106463,19
5170,The Last of the Mohicans,James Fenimore Cooper,Carey & Lea,1826    ,Children,978-0140390247,4
5171,Othello,William Shakespeare,Simon & Schuster,1622    ,Children,978-0743477550,20
5172,To Kill a Mockingbird,Harper Lee,J. B. Lippincott,1960    ,Children,978-0060935467,16
5173,Murder on the Orient Express,Agatha Christie,Collins Crime Club,1933    ,Children,978-0007119318,19
5174,The Catcher in the Rye,J. D. Salinger,"Little, Brown",1945    ,Children,978-0316769174,8
5175,A  child's garden of verses,Robert Louis Stevenson,"Longmans, Green",1885    ,Children,978-0141321417,19
5176,"The Complete Sherlock Holmes [4 novels, 56 stories]",Arthur Conan Doyle,Doubleday,1900    ,Children,978-0553328257,6
5177,Julius Caesar,William Shakespeare,Simon & Schuster,1656    ,Children,978-0743482745,12
5178,The Red Badge of Courage,Stephen Crane,D. Appleton & Co,1855    ,Children,978-0140390131,17
5179,The Canterbury Tales,Geoffrey Chaucer,Pynson,1478    ,Children,978-0140424386,11
5180,The Taming of the Shrew,William Shakespeare,Simon & Schuster,1631    ,Children,978-0743477574,18
5181,The Return of Sherlock Holmes,Arthur Conan Doyle,George Newnes,1903    ,Children,978-0141439472,14
5182,Twelfth Night,William Shakespeare,Simon & Schuster,1734    ,Children,978-0743482776,14
5183,Life on the Mississippi,Mark Twain,James R. Osgood,1883    ,Children,978-0140390506,11
5184,King Lear,William Shakespeare,Simon & Schuster,1608    ,Children,978-0743482769,12
5185,Gulliver's Travels,Jonathan Swift,Benjamin Motte,1726    ,Children,978-0141439496,19
5186,Love and Freindship,Jane Austen,Penguin Classics,1995    ,Children,978-0140435061,13
5187,Angela's Ashes,Frank McCourt,Scribner,1996    ,Children,978-0684842677,12
5188,Het Achterhuis,Anne Frank,Contact Publishing,1944    ,Children,978-0553296983,5
5189,The Island of Dr. Moreau,H. G. Wells,Stone & Kimball,1896    ,Children,978-0141441023,5
5190,Much Ado About Nothing,William Shakespeare,Simon & Schuster,1600    ,Children,978-0743482752,6
5191,The Tempest,William Shakespeare,Simon & Schuster,1611    ,Children,978-0743482837,4
5192,Heart of Darkness,Joseph Conrad,Blackwood's,1899    ,Children,978-0141441672,8
5193,King Henry V,William Shakespeare,Simon & Schuster,1600    ,Children,978-0743482769,19
5194,Walden,Henry David Thoreau,Ticknor and Fields,1854    ,Children,978-0140390445,5
5195,"Works [37 plays, 6 poems, sonnets]",William Shakespeare,Penguin Classics,1730    ,Children,978-0140707328,14
5196,The Merchant of Venice,William Shakespeare,Simon & Schuster,1600    ,Children,978-0743477567,15
5197,An autobiography,Mohandas Karamchand Gandhi,Navajivan,1927    ,Children,978-0807059097,17
5198,The Canterville Ghost,Oscar Wilde,Court and Society Review,1887    ,Children,978-0140620955,7
5199,Ἰλιάς,Όμηρος,Penguin Classics,1505    ,Children,978-0140447941,7
5200,Tao te Ching,老子,Penguin Classics,1842    ,Children,978-0140441314,12
5201,La casa de los espíritus,Isabel Allende,Plaza & Janés,1982    ,Children,978-8401341588,6
5202,Ὀδύσσεια,Όμηρος,Penguin Classics,1488    ,Children,978-0140268867,10
5203,Good wives,Louisa May Alcott,Puffin Classics,1870    ,Children,978-0141346144,17
5204,Macbeth,William Shakespeare,Simon & Schuster,1508    ,Children,978-0743477109,7
5205,Up from Slavery,Booker T. Washington,Doubleday,1900    ,Children,978-0140390513,3
5206,Plays (36),William Shakespeare,Wordsworth Editions,1623    ,Children,978-1853268953,3
5207,As You Like It,William Shakespeare,Simon & Schuster,1734    ,Children,978-0743482714,10
5208,Jude the Obscure,Thomas Hardy,"Osgood, McIlvaine",1895    ,Children,978-0140435382,5
5209,Watership Down,Richard Adams,Rex Collings,1972    ,Children,978-0743277709,5
5210,Ἀπολογία Σωκράτους,Πλάτων,Oxford Univ Press,1675    ,Children,978-0199586318,3
5211,The Old Curiosity Shop,Charles Dickens,Chapman & Hall,1800    ,Children,978-0140430752,17
5212,The Pearl,John Steinbeck,Viking Press,1945    ,Children,978-0140177374,13
5213,Twelve years a slave,Solomon Northup,Derby & Miller,1853    ,Children,978-1631680021,11
5214,The Poems of Emily Dickinson Volume II,Emily Dickinson,"Little, Brown",1890    ,Children,978-0674018013,7
5215,The Turn of the Screw,Henry James,Heinemann,1898    ,Children,978-0141441351,20
5216,Memoirs of Sherlock Holmes [11 stories],Arthur Conan Doyle,George Newnes,1893    ,Children,978-0141439549,8
5217,Leaves of Grass,Walt Whitman,James R. Osgood,1855    ,Children,978-0140421996,8
5218,Lord of the Flies,William Golding,Faber & Faber,1954    ,Children,978-0399501487,2
5219,Third Girl,Agatha Christie,Collins Crime Club,1966    ,Children,978-0007119318,7
5220,Poems,William Wordsworth,Longman,1807    ,Children,978-0140422115,10
5221,"Tom Sawyer, Detective",Mark Twain,Harper & Brothers,1897    ,Children,978-0486421117,8
5222,The Big Sleep,Raymond Chandler,Alfred A. Knopf,1939    ,Children,978-0394758282,19
5223,The Picture of Dorian Gray,Oscar Wilde,"Ward, Lock & Co",1890    ,Children,978-0141439570,18
5224,This Side of Paradise,F. Scott Fitzgerald,Charles Scribner,1920    ,Children,978-0141180731,18
5225,The Murders in the Rue Morgue,Edgar Allan Poe,Graham's Magazine,1841    ,Children,978-0140437546,17
5226,Antony and Cleopatra,William Shakespeare,Simon & Schuster,1734    ,Children,978-0743482844,7
5227,Angels & Demons,Dan Brown,Pocket Books,2000    ,Children,978-0671027360,20
5228,Age of fable,Thomas Bulfinch,J.E. Tilton,1800    ,Children,978-0451531063,2
5229,Howards End,E. M. Forster,Edward Arnold,1910    ,Children,978-0141183336,2
5230,Bleak House,Charles Dickens,Bradbury & Evans,1850    ,Children,978-0141439723,8
5231,Romeo and Juliet,William Shakespeare,Simon & Schuster,1597    ,Children,978-0743477116,13
5232,Moby Dick,Herman Melville,Richard Bentley,1851    ,Children,978-0142437247,5
5233,Tess of the d'Urbervilles,Thomas Hardy,James R. Osgood,1707    ,Children,978-0141439594,9
5234,Our Mutual Friend,Charles Dickens,Chapman & Hall,1800    ,Children,978-0140430608,3
5235,Of Mice and Men,John Steinbeck,Covici Friede,1937    ,Children,978-0140177398,14
5236,East of Eden,John Steinbeck,Viking Press,1952    ,Children,978-0142000656,13
5237,The Lost World,Arthur Conan Doyle,Hodder & Stoughton,1900    ,Children,978-0140621327,4
5238,Gitanjali (song offerings),Rabindranath Tagore,Macmillan,1910    ,Children,978-1420956467,8
5239,À rebours,Joris-Karl Huysmans,Henry Kistemaeckers,1884    ,Children,978-0140447637,15
5240,Northanger Abbey,Jane Austen,John Murray,1818    ,Children,978-0141439792,5
5241,A Study in Scarlet,Arthur Conan Doyle,Ward Lock & Co,1887    ,Children,978-0141395402,7
5242,The Bell Jar,Sylvia Plath,Heinemann,1963    ,Children,978-0060837020,15
5243,The Valley of Fear,Arthur Conan Doyle,George Newnes,1914    ,Children,978-0141439496,10
5244,Der Steppenwolf,Hermann Hesse,S. Fischer,1927    ,Children,978-0312278670,11
5245,The Importance of Being Earnest,Oscar Wilde,Leonard Smithers,1893    ,Children,978-0140433272,15
5246,His Last Bow [8 stories],Arthur Conan Doyle,John Murray,1917    ,Children,978-0141439563,15
5247,The Pickwick Papers,Charles Dickens,Chapman & Hall,1800    ,Children,978-0140436150,20
5248,Bible,Bible,Oxford Univ Press,1200    ,Children,978-0199535941,13
5249,The Case-Book of Sherlock Holmes,Arthur Conan Doyle,John Murray,1927    ,Children,978-0141439518,3
5250,The Fellowship of the Ring,J.R.R. Tolkien,George Allen,1954    ,Children,978-0547928210,12
5251,Siddhartha,Hermann Hesse,S. Fischer,1922    ,Children,978-0142437186,19
5252,Смерть Ивана Ильича,Лев Толстой,The Russian Messenger,1887    ,Children,978-0143035008,3
5253,Ender's Game,Orson Scott Card,Tor Books,1985    ,Children,978-0765342157,17
5254,Hard Times,Charles Dickens,Bradbury & Evans,1854    ,Children,978-0141439679,4
5255,Three Men in a Boat (to say nothing of the dog),Jerome Klapka Jérôme,J. W. Arrowsmith,1889    ,Children,978-0140621334,2
5256,Great Expectations,Charles Dickens,Chapman & Hall,1861    ,Children,978-0141439518,20
5257,The Secret Agent,Joseph Conrad,Methuen,1907    ,Children,978-0141441580,3
5258,Ethan Frome,Edith Wharton,Scribners,1910    ,Children,978-0142437803,17
5259,The Two Towers,J.R.R. Tolkien,George Allen,1954    ,Children,978-0547928203,12
5260,"[William Wheeler Hubbell, authorized to apply for patents.]",United States. Congress. Senate. Committee on Patents,US Govt Print,1858    ,Children,978-1428941250,15
5261,Доктор Живаго,Boris Leonidovich Pasternak,Feltrinelli,1957    ,Children,978-0307390950,16
5262,The Thirty-Nine Steps,John Buchan,William Blackwood,1915    ,Children,978-0141441177,2
5263,Lord Jim,Joseph Conrad,William Blackwood,1900    ,Children,978-0141441702,20
5264,Die Verwandlung,Franz Kafka,Kurt Wolff Verlag,1915    ,Children,978-0141183107,14
5265,Vanity Fair,William Makepeace Thackeray,Bradbury & Evans,1800    ,Children,978-0141439839,13
5266,The Jungle,Upton Sinclair,"Doubleday, Page",1707    ,Children,978-0140390476,1
5267,Middlemarch,George Eliot,William Blackwood,1871    ,Children,978-0141439549,4
5268,The Boy in the Striped Pyjamas,John Boyne,David Fickling,2006    ,Children,978-0385751537,9
5269,The Incredible Journey,Sheila Burnford,Hodder & Stoughton,1960    ,Children,978-0385322713,18
5270,"Danny, The Champion of the World",Roald Dahl,Jonathan Cape,1975    ,Children,978-0142410332,19
5271,The Innocents Abroad,Mark Twain,American Publ. Co,1800    ,Children,978-0142437087,13
5272,Rime of the ancient mariner,Samuel Taylor Coleridge,J. & A. Arch,1827    ,Children,978-0140424515,17
5273,Les Robots,Isaac Asimov,Gnome Press,1950    ,Children,978-0553294385,8
5274,The Narrative of Arthur Gordon Pym,Edgar Allan Poe,Harper & Brothers,1838    ,Children,978-0140430691,2
5275,Vol de nuit,Antoine de Saint-Exupéry,Gallimard,1931    ,Children,978-2070404414,12
5276,Coraline,Neil Gaiman,Bloomsbury,2001    ,Children,978-0380807345,18
5277,The Raven,Edgar Allan Poe,Evening Mirror,1845    ,Children,978-0486450377,19
5278,Fables,Jean de La Fontaine,Claude Barbin,1678    ,Children,978-2253010043,8
5279,Artemis Fowl,Eoin Colfer,Viking Children's,1999    ,Children,978-0786808014,1
5280,Roughing It,Mark Twain,American Publ. Co,1872    ,Children,978-0140390100,8
5281,Jurassic Park,Michael Crichton,Alfred A. Knopf,1990    ,Children,978-0345370778,15
5282,Things Fall Apart,Chinua Achebe,William Heinemann,1958    ,Children,978-0385474542,8
5283,The Sound and the Fury,William Faulkner,Jonathan Cape,1929    ,Children,978-0679732242,17
5284,Aesop's Fables,Aesop,Various,1848    ,Children,978-0140436648,3
5285,Rilla of Ingleside,Lucy Maud Montgomery,McClelland & Stewart,1920    ,Children,978-0553213218,10
5286,Ben Hur,Lew Wallace,Harper & Brothers,1800    ,Children,978-0140390186,9
5287,Number the Stars,Lois Lowry,Houghton Mifflin,1901    ,Children,978-0547577098,18
5288,Tales from Shakespeare [20 tales],Charles Lamb,M. J. Godwin,1800    ,Children,978-0141321684,3
5289,Pet Sematary,Stephen King,Doubleday,1983    ,Children,978-1501156700,12
5290,The House at Pooh Corner,A. A. Milne,Methuen,1925    ,Children,978-0525444442,9
5291,Anne of Ingleside,Lucy Maud Montgomery,McClelland & Stewart,1939    ,Children,978-0553213157,11
5292,Divergent,Veronica Roth,Katherine Tegen,2010    ,Children,978-0062024039,4
5293,Do Androids Dream of Electric Sheep?,Philip K. Dick,Doubleday,1968    ,Children,978-0345404473,17
5294,Breaking Dawn,Stephenie Meyer,"Little, Brown",2000    ,Children,978-0316067928,20
5295,Hickory Dickory Death,Agatha Christie,Collins Crime Club,1952    ,Children,978-0007119318,11
5296,The Boxcar Children,Gertrude Chandler Warner,Rand McNally,1924    ,Children,978-0807508527,3
5297,New Moon,Stephenie Meyer,"Little, Brown",2006    ,Children,978-0316160193,8
5298,Eclipse,Stephenie Meyer,"Little, Brown",2006    ,Children,978-0316160209,5
5299,The Hunting of the Snark,Lewis Carroll,Macmillan,1876    ,Children,978-0140434460,19
5300,Passenger to Frankfurt,Agatha Christie,Collins Crime Club,1970    ,Children,978-0007120994,4
5301,The Woodlanders,Thomas Hardy,Macmillan,1800    ,Children,978-0140435382,13
5302,The Cat in the Hat,Dr. Seuss,Random House,1957    ,Children,978-0394800011,14
5303,The Magic World,Edith Nesbit,Macmillan,1959    ,Children,978-0141321011,4
5304,The Valley of Horses,Jean M. Auel,Crown,1899    ,Children,978-0517544891,15
5305,The Moon is Down,John Steinbeck,Viking Press,1942    ,Children,978-0140187465,9
5306,Hänsel und Gretel,Gebrüder Grimm [Brothers Grimm],Various,1900    ,Children,978-0140502329,6
5307,Five on a Treasure Island,Enid Blyton,Hodder & Stoughton,1942    ,Children,978-0340680995,6
5308,Eragon,Christopher Paolini,Knopf,1998    ,Children,978-0375826689,8
5309,Ranma 1/2,高橋留美子,Shogakukan,1992    ,Children,978-1591162452,14
5310,Captains Courageous,Rudyard Kipling,Macmillan,1896    ,Children,978-0140436532,12
5311,"Brown Bear, Brown Bear, What Do You See?",Bill Martin Jr.,Henry Holt,1967    ,Children,978-0805047905,13
5312,The Life and Adventures of Nicholas Nickleby,Charles Dickens,Chapman & Hall,1800    ,Children,978-0140430585,12
5313,Richard III,William Shakespeare,Simon & Schuster,1597    ,Children,978-0743482844,8
5314,The complete poetical works,Robert Burns,Canongate Books,1786    ,Children,978-1841951553,16
5315,Holes,Louis Sachar,"Farrar, Straus",1988    ,Children,978-0440414803,4
5316,Little Dorrit,Charles Dickens,Bradbury & Evans,1800    ,Children,978-0141439969,4
5317,"Henry IV, Part 1 **conflated with Henry VI, part 1**",William Shakespeare,Simon & Schuster,1598    ,Children,978-0743482783,13
5318,A Wizard of Earthsea,Ursula K. Le Guin,Parnassus Press,1968    ,Children,978-0547773742,8
5319,Domestic medicine,William Buchan M.D.,"Whittaker, Treacher",1769    ,Children,978-0140435610,17
5320,The Amber Spyglass,Philip Pullman,Scholastic,1999    ,Children,978-0439943567,7
5321,The Mysterious Stranger,Mark Twain,Harper & Brothers,1916    ,Children,978-0142437759,13
5322,On the Banks of Plum Creek,Laura Ingalls Wilder,Harper & Brothers,1937    ,Children,978-0064400046,3
5323,Jacob's Room,Virginia Woolf,Hogarth Press,1922    ,Children,978-0140185737,12
5324,Hatchet,Gary Paulsen,Bradbury Press,1986    ,Children,978-1416936473,4
5325,L'Île mystérieuse,Jules Verne,Pierre-Jules Hetzel,1870    ,Children,978-2070408542,11
5326,Dog Days,Jeff Kinney,Amulet Books,2004    ,Children,978-0810983915,3
5327,The reluctant dragon,Kenneth Grahame,Holiday House,1938    ,Children,978-0823405367,4
5328,The Once and Future King,T. H. White,Collins,1939    ,Children,978-0441627400,8
5329,The Runaway Bunny,Margaret Wise Brown,Harper & Brothers,1942    ,Children,978-0060775827,3
5330,Thumbelina,Hans Christian Andersen,Various,1911    ,Children,978-0141329017,10
5331,The  black arrow,Robert Louis Stevenson,Cassell,1888    ,Children,978-0141321042,11
5332,Cujo,Stephen King,Viking Press,1981    ,Children,978-1501143694,14
5333,The Lost Princess of Oz,L. Frank Baum,Reilly & Britton,1917    ,Children,978-0486411514,19
5334,The Cat of Bubastes,G. A. Henty,Blackie & Son,1888    ,Children,978-0486420585,6
5335,Destination Unknown,Agatha Christie,Collins Crime Club,1954    ,Children,978-0007121014,20
5336,À la recherche du temps perdu,Marcel Proust,Grasset/Gallimard,1919    ,Children,978-2070114177,2
5337,The Fault in Our Stars,John Green,Dutton Books,2010    ,Children,978-0525478812,10
5338,The Magic City,Edith Nesbit,Macmillan,1910    ,Children,978-0141321011,12
5339,Flowers for Algernon,Daniel Keyes,"Harcourt, Brace",1966    ,Children,978-0156030304,7
5340,Dragonflight,Anne McCaffrey,Ballantine Books,1968    ,Children,978-0345335463,9
5341,The Voyages of Doctor Dolittle,Hugh Lofting,Frederick A. Stokes,1922    ,Children,978-0141315584,12
5342,Cricket in Times Square,George Selden,Ariel Books,1960    ,Children,978-0312384517,10
5343,The Ugly American,William J. Lederer,W. W. Norton,1958    ,Children,978-0393318678,12
5344,The Outsiders,S. E. Hinton,Viking Press,1967    ,Children,978-0142407332,18
5345,The Magic Finger,Roald Dahl,Harper & Row,1966    ,Children,978-0142410318,4
5346,The Confidence Man,Herman Melville,"Dix, Edwards & Co",1857    ,Children,978-0140445473,8
5347,At the Back of the North Wind,George MacDonald,Strahan,1871    ,Children,978-0140437348,7
5348,The Bad Beginning,Lemony Snicket,HarperCollins,1999    ,Children,978-0061146305,15
5349,Schweizerische Robinson,Johann David Wyss,"Orell, Füssli & Co",1828    ,Children,978-0141321004,5
5350,The Illustrated Man,Ray Bradbury,Doubleday,1901    ,Children,978-1451678185,3
5351,Firestarter,Stephen King,Viking Press,1980    ,Children,978-1501143717,17
5352,Heretics,Gilbert Keith Chesterton,John Lane,1905    ,Children,978-0141183381,13
5353,The Mill on the Floss,George Eliot,William Blackwood,1800    ,Children,978-0141439624,4
5354,King Richard II,William Shakespeare,Simon & Schuster,1597    ,Children,978-0743482844,19
5355,Madeleine,Ludwig Bemelmans,Simon & Schuster,1920    ,Children,978-0140501988,2
5356,The sword in the stone,T. H. White,Collins,1938    ,Children,978-0399225024,7
5357,An Old-Fashioned Girl,Louisa May Alcott,Roberts Brothers,1869    ,Children,978-0140390711,3
5358,The Comedy of Errors,William Shakespeare,Simon & Schuster,1734    ,Children,978-0743477123,16
5359,My Cousin Rachel,Daphne du Maurier,Gollancz,1900    ,Children,978-0316206082,15
5360,Frog and Toad Are Friends,Arnold Lobel,Harper & Row,1920    ,Children,978-0064440202,11
5361,A Woman of No Importance,Oscar Wilde,John Lane,1893    ,Children,978-0140433272,9
5362,Bag of Bones,Stephen King,Scribner,1998    ,Children,978-1501192319,1
5363,Один день Ивана Денисовича,Александр Исаевич Солженицын,Novy Mir,1960    ,Children,978-0451531049,1
5364,The Enormous Crocodile,Roald Dahl,Jonathan Cape,1978    ,Children,978-0142410325,10
5365,Eldest,Christopher Paolini,Knopf,1998    ,Children,978-0375826702,10
5366,Boy,Roald Dahl,Jonathan Cape,1984    ,Children,978-0142410035,20
5367,Beautiful Stories from Shakespeare,Edith Nesbit,E. Nister,1907    ,Children,978-0486433233,2
5368,The Sea of Monsters,Rick Riordan,Miramax Books,2006    ,Children,978-1423103349,2
5369,Island of the Blue Dolphins,Scott O’Dell,Houghton Mifflin,1960    ,Children,978-0547328614,15
5370,The tale of Jemima Puddle-Duck,Beatrix Potter,Frederick Warne,1908    ,Children,978-0723247715,5
5371,Frog and Toad Together,Arnold Lobel,Harper & Row,1971    ,Children,978-0064440592,9
5372,Flowers in the Attic,V. C. Andrews,Pocket Books,1979    ,Children,978-0671729417,19
5373,Little Bear,Else Holmelund Minarik,Harper & Brothers,1957    ,Children,978-0064440042,18
5374,The natural,Bernard Malamud,"Harcourt, Brace",1952    ,Children,978-0374502003,7
5375,Platero y yo,Juan Ramón Jiménez,Ediciones de la Lectura,1914    ,Children,978-8424116026,11
5376,The Story of Ferdinand,Munro Leaf,Viking Press,1936    ,Children,978-0140502343,17
5377,Νόμοι,Πλάτων,Various,1562    ,Children,978-0140441222,19
5378,Rodrick Rules,Jeff Kinney,Amulet Books,2007    ,Children,978-0810994737,16
5379,Skeleton crew,Stephen King,Putnam,1985    ,Children,978-1501143502,9
5380,The Velveteen Rabbit,Margery Williams Bianco,Heinemann,1900    ,Children,978-0380002559,17
5381,"Roll of Thunder, Hear My Cry",Mildred D. Taylor,Dial Press,1976    ,Children,978-0140384512,10
5382,"Ramona Quimby, Age 8",Beverly Cleary,William Morrow,1981    ,Children,978-0380709564,18
5383,Farmer Boy,Laura Ingalls Wilder,Harper & Brothers,1933    ,Children,978-0064400039,10
5384,The Price of Salt,Patricia Highsmith,Coward-McCann,1952    ,Children,978-0393325997,15
5385,Superfudge,Judy Blume,Dutton,1972    ,Children,978-0142408803,20
5386,Johnny Tremain,Esther Forbes,Houghton Mifflin,1943    ,Children,978-0547614328,16
5387,The Adventures of Captain Underpants,Dav Pilkey,Scholastic,1997    ,Children,978-0590846288,4
5388,Moll Flanders,Daniel Defoe,W. Chetwood,1722    ,Children,978-0140433135,4
5389,Astérix le Gaulois,René Goscinny,Dargaud,1961    ,Children,978-2012101333,12
5390,Midnight's Children,Salman Rushdie,Jonathan Cape,1981    ,Children,978-0143105312,17
5391,The Martian,Andy Weir,Crown,2011    ,Children,978-0553418026,18
5392,The Nine Tailors,Dorothy L. Sayers,Gollancz,1934    ,Children,978-0156658935,6
5393,Tintenherz,Cornelia Funke,Cecilie Dressler,2003    ,Children,978-0439709101,1
5394,Novels (Adventures of Huckleberry Finn / Adventures of Tom Sawyer),Mark Twain,Penguin Classics,1922    ,Children,978-0140430646,11
5395,North and South,Elizabeth Cleghorn Gaskell,Chapman & Hall,1855    ,Children,978-0140434248,15
5396,The Gruffalo's Child,Julia Donaldson,Macmillan,2004    ,Children,978-0333961353,3
5397,The Girl Who Loved Tom Gordon,Stephen King,Scribner,1999    ,Children,978-1501192166,12
5398,Measure for Measure,William Shakespeare,Simon & Schuster,1700    ,Children,978-0743482813,12
5399,The Emerald City of Oz,L. Frank Baum,Reilly & Britton,1910    ,Children,978-0486430379,3
5400,The Tombs of Atuan,Ursula K. Le Guin,Atheneum,1971    ,Children,978-0547773759,6
5401,Henry Huggins,Beverly Cleary,William Morrow,1950    ,Children,978-0380709120,2
5402,Eight cousins,Louisa May Alcott,Roberts Brothers,1874    ,Children,978-0140390728,3
5403,Make Way for Ducklings,Robert McCloskey,Viking Press,1941    ,Children,978-0140501711,12
5404,The Eye of the World,Robert Jordan,Tor Books,1990    ,Children,978-0312850098,8
5405,The Snowy Day,Ezra Jack Keats,Viking Press,1962    ,Children,978-0140501827,3
5406,A Streetcar Named Desire,Tennessee Williams,New Directions,1947    ,Children,978-0811216029,6
5407,Ubik,Philip K. Dick,Doubleday,1969    ,Children,978-0547572291,18
5408,Sphere,Michael Crichton,Alfred A. Knopf,1980    ,Children,978-0345353146,1
5409,The Mouse and the Motorcycle,Beverly Cleary,William Morrow,1965    ,Children,978-0380709243,11
5410,Cat's Eye,Margaret Atwood,McClelland & Stewart,1988    ,Children,978-0385491020,18
5411,Dear Mr. Henshaw,Beverly Cleary,William Morrow,1983    ,Children,978-0380709588,5
5412,When we were very young,A. A. Milne,Methuen,1924    ,Children,978-0525444459,4
5413,Frog and Toad All Year,Arnold Lobel,Harper & Row,1976    ,Children,978-0064440219,9
5414,The Dragon and the Raven,G. A. Henty,Blackie & Son,1800    ,Children,978-1590871140,2
5415,The Yearling,Marjorie Kinnan Rawlings,Charles Scribner,1938    ,Children,978-0689846236,8
5416,The Violet Fairy Book (Large Print),Andrew Lang,"Longmans, Green",1901    ,Children,978-0486216751,18
5417,Insurgent,Veronica Roth,Katherine Tegen,2011    ,Children,978-0062024053,10
5418,The Phantom Tollbooth,Norton Juster,Random House,1961    ,Children,978-0394820378,5
5419,Harriet the Spy,Louise Fitzhugh,Harper & Row,1960    ,Children,978-0385323345,15
5420,Where's Spot?,Eric Hill,Putnam,1980    ,Children,978-0399240461,3
5421,Artemis Fowl and the Eternity Code,Eoin Colfer,Puffin,2003    ,Children,978-1423107019,19
5422,Lorna Doone,R. D. Blackmore,Sampson Low,1656    ,Children,978-0140436563,20
5423,All the Light We Cannot See,Anthony Doerr,Scribner,2014    ,Children,978-1476746586,2
5424,Room on the Broom,Julia Donaldson,Macmillan,2001    ,Children,978-0142501122,2
5425,"Are You There God? It's Me, Margaret.",Judy Blume,Bradbury Press,1970    ,Children,978-1481435710,1
5426,Mansfield Park,Jane Austen,T. Egerton,1814    ,Children,978-0141439808,12
5427,The Eyes of the Dragon,Stephen King,Viking Press,1959    ,Children,978-1501192203,4
5428,The Name of the Wind,Patrick Rothfuss,DAW Books,2007    ,Children,978-0756404741,14
5429,Maus I,Art Spiegelman,Pantheon Books,1986    ,Children,978-0394747231,13
5430,Indian Fairy Tales,Joseph Jacobs,David Nutt,1892    ,Children,978-0486218281,17
5431,The World Almanac for Kids,Judith S. Levey,Time-Life Books,1995    ,Children,978-0816041183,15
5432,Stuart Little,E. B. White,Harper & Brothers,1945    ,Children,978-0064400565,5
5433,Ramona the Pest,Beverly Cleary,William Morrow,1968    ,Children,978-0380709540,4
5434,Five Little Peppers and How They Grew,Margaret Sidney,D. Lothrop,1880    ,Children,978-0486414119,2
5435,Dear Zoo,Rod Campbell,Macmillan,1982    ,Children,978-1416947370,17
5436,Night Shift,Stephen King,Doubleday,1960    ,Children,978-0307743640,6
5437,The Farthest Shore,Ursula K. Le Guin,Atheneum,1972    ,Children,978-0547773766,20
5438,Maria (Colección Literatura Universal Alba),Jorge Isaacs,Various,1800    ,Children,978-1505340020,1
5439,By the Shores of Silver Lake,Laura Ingalls Wilder,Harper & Brothers,1924    ,Children,978-0064400053,11
5440,Chronicles of Avonlea,Lucy Maud Montgomery,L.C. Page,1912    ,Children,978-0553213195,8
5441,The Chronicles of Narnia,C. S. Lewis,Geoffrey Bles,1970    ,Children,978-0066238500,4
5442,The Long Winter,Laura Ingalls Wilder,Harper & Brothers,1940    ,Children,978-0064400060,10
5443,Go Tell It on the Mountain,James Baldwin,Alfred A. Knopf,1952    ,Children,978-0345806543,16
5444,The Giraffe and the Pelly and Me,Roald Dahl,Jonathan Cape,1985    ,Children,978-0142413791,6
5445,The Battle of the Labyrinth,Rick Riordan,Hyperion,2008    ,Children,978-1423101499,8
5446,Thinner,Stephen King,New American Library,1984    ,Children,978-1501143762,16
5447,Jonathan Livingston Le Goeland,Richard Bach,Macmillan,1970    ,Children,978-0684846842,8
5448,Esio Trot,Roald Dahl,Jonathan Cape,1990    ,Children,978-0142413821,13
5449,Julie of the Wolves,Jean Craighead George,Harper & Row,1972    ,Children,978-0064400589,5
5450,Stardust,Neil Gaiman,Spike,1997    ,Children,978-0061142024,7
5451,The Titan's Curse,Rick Riordan,Miramax Books,2007    ,Children,978-1423101482,17
5452,The Story of the Treasure Seekers,Edith Nesbit,T. Fisher Unwin,1899    ,Children,978-0140301076,8
5453,Tanglewood Tales,Nathaniel Hawthorne,Ticknor and Fields,1853    ,Children,978-1537248103,11
5454,Long Walk to Freedom,Nelson Mandela,"Little, Brown",1994    ,Children,978-0316548182,20
5455,Runaway Ralph,Beverly Cleary,William Morrow,1970    ,Children,978-0380709267,19
5456,What Katy Did,Susan Coolidge,Roberts Brothers,1873    ,Children,978-0141315577,9
5457,The Black Cauldron,Lloyd Alexander,"Holt, Rinehart",1965    ,Children,978-0805080490,13
5458,海辺のカフカ,村上春樹,Shinchosha,2001    ,Children,978-1400079278,11
5459,Cabin Fever,Jeff Kinney,Amulet Books,2007    ,Children,978-1419702235,15
5460,Swallows and Amazons,Arthur Michell Ransome,Jonathan Cape,1930    ,Children,978-1567924206,3
5461,The Five People You Meet in Heaven,Mitch Albom,Hyperion,2003    ,Children,978-1401308582,6
5462,Allegiant,Veronica Roth,Katherine Tegen,2001    ,Children,978-0062024077,11
5463,The Long Haul,Jeff Kinney,Amulet Books,2000    ,Children,978-1419711893,6
5464,"The Secret Diary of Adrian Mole, Aged 13 3/4",Sue Townsend,Methuen,1982    ,Children,978-0062334961,16
5465,From the Mixed-Up Files of Mrs. Basil E. Frankweiler,E. L. Konigsburg,Atheneum,1967    ,Children,978-0689711404,10
5466,Redwall,Brian Jacques,Hutchinson,1986    ,Children,978-0399214240,15
5467,The dark is rising,Susan Cooper,Chatto & Windus,1972    ,Children,978-0689829833,18
5468,Γοργίας,Πλάτων,Various,1827    ,Children,978-0140449013,1
5469,The Second Jungle Book,Rudyard Kipling,Macmillan,1887    ,Children,978-0140432886,10
5470,Reptile Room,Lemony Snicket,HarperCollins,1999    ,Children,978-0061146312,19
5471,Little Town on the Prairie,Laura Ingalls Wilder,Harper & Brothers,1941    ,Children,978-0064400077,4
5472,The Hate U Give,Angie Thomas,Balzer + Bray,2017    ,Children,978-0062498533,9
5473,Dinosaurs Before Dark,Mary Pope Osborne,Random House,1992    ,Children,978-0679824114,2
5474,Cover Her Face,P. D. James,Faber & Faber,1962    ,Children,978-0140019247,4
5475,The Princess and Curdie,George MacDonald,Strahan,1832    ,Children,978-0140437348,16
5476,Petals on the Wind,V. C. Andrews,Pocket Books,1980    ,Children,978-0671729455,2
5477,Mary Poppins,Pamela L. Travers,Gerald Howe,1934    ,Children,978-0544292154,5
5478,Looking for Alaska,John Green,Dutton Books,2005    ,Children,978-0142402511,12
5479,La Petite Sirene (French Well Loved Tales),Hans Christian Andersen,Various,1935    ,Children,978-0141329017,11
5480,The Last Straw,Jeff Kinney,Amulet Books,1999    ,Children,978-0810970687,15
5481,Where the Red Fern Grows,Wilson Rawls,Doubleday,1961    ,Children,978-0440412670,16
5482,Coriolanus,William Shakespeare,Simon & Schuster,1734    ,Children,978-0743482752,4
5483,Paula,Isabel Allende,HarperCollins,1994    ,Children,978-0060927219,7
5484,A Painted House,John Grisham,Doubleday,2000    ,Children,978-0440237228,1
5485,The Last Olympian,Rick Riordan,Hyperion,2009    ,Children,978-1423101475,3
5486,Tom's Midnight Garden,Philippa Pearce,Oxford Univ Press,1958    ,Children,978-0064404457,19
5487,La Nuit,Elie Wiesel,Les Éditions de Minuit,1955    ,Children,978-0374500016,11
5488,Die unendliche Geschichte,Michael Ende,Thienemann,1979    ,Children,978-0140386332,15
5489,Tales of a Fourth Grade Nothing,Judy Blume,Dutton,1972    ,Children,978-0142408810,14
5490,The spy,James Fenimore Cooper,Wiley & Halsted,1821    ,Children,978-0140390551,20
5491,The Princess and the Goblin,George MacDonald,Chatto & Windus,1872    ,Children,978-0140437348,20
5492,Revolting rhymes,Roald Dahl,Jonathan Cape,1982    ,Children,978-0142414828,5
5493,Rose in Bloom,Louisa May Alcott,Roberts Brothers,1876    ,Children,978-0140390735,16
5494,The Well at the World's End,William Morris,Kelmscott Press,1896    ,Children,978-0486226163,19
5495,Complete Big Nate,Lincoln Peirce,Andrews McMeel,2015    ,Children,978-1449464875,19
5496,"Cry, the Beloved Country",Alan Paton,Charles Scribner,1940    ,Children,978-0743262170,16
5497,Invisible Man,Ralph Ellison,Random House,1952    ,Children,978-0679732761,15
5498,Green Eggs and Ham,Dr. Seuss,Random House,1960    ,Children,978-0394800165,2
5499,Ramona and Her Father,Beverly Cleary,William Morrow,1977    ,Children,978-0380709168,7
5500,Wonder,R. J. Palacio,Alfred A. Knopf,2001    ,Children,978-0375869020,13
5501,Ramona and Her Mother,Beverly Cleary,William Morrow,1979    ,Children,978-0380709526,20
5502,Christmas Books (Battle of Life / Chimes / Christmas Carol / Cricket on the Hearth / Haunted Man),Charles Dickens,Chapman & Hall,1800    ,Children,978-0140439052,13
5503,The Scarecrow of Oz,L. Frank Baum,Reilly & Britton,1915    ,Children,978-0486430362,8
5504,Biology,Neil Alexander Campbell,Benjamin Cummings,1987    ,Children,978-0134093413,18
5505,The Story of Little Black Sambo,Helen Bannerman,Grant Richards,1900    ,Children,978-0590451376,20
5506,Old School,Jeff Kinney,Amulet Books,1997    ,Children,978-1419717017,4
5507,67,Jeff Kinney,Amulet Books,2007    ,Children,978-1419711329,4
5508,These Happy Golden Years,Laura Ingalls Wilder,Harper & Brothers,1943    ,Children,978-0064400084,12
5509,The Red Pyramid,Rick Riordan,Hyperion,2009    ,Children,978-1423113386,14
5510,Because of Winn-Dixie,Kate DiCamillo,Candlewick Press,2000    ,Children,978-0763680862,6
5511,Corduroy,Don Freeman,Viking Press,1968    ,Children,978-0140501735,19
5512,When Hitler stole Pink Rabbit,Judith Kerr,Collins,1971    ,Children,978-0007137602,5
5513,Flat Stanley,Jeff Brown,Harper & Row,1964    ,Children,978-0064402026,14
5514,Frederick,Leo Lionni,Pantheon,1963    ,Children,978-0394810409,12
5515,Washington Square,Henry James,Cornhill Magazine,1880    ,Children,978-0141441368,14
5516,The Tale of Benjamin Bunny,Beatrix Potter,Frederick Warne,1904    ,Children,978-0723247708,5
5517,The No. 1 Ladies' Detective Agency,Alexander McCall Smith,Polygon,1997    ,Children,978-1400034772,2
5518,The Glass Menagerie,Tennessee Williams,Random House,1945    ,Children,978-0811214049,4
5519,Five Go Adventuring Again,Enid Blyton,Hodder & Stoughton,1943    ,Children,978-0340681008,12
5520,The dead secret,Wilkie Collins,Bradbury & Evans,1857    ,Children,978-0199538256,6
5521,The Book Of Three,Lloyd Alexander,"Holt, Rinehart",1964    ,Children,978-0805080483,9
5522,The Lost Hero,Rick Riordan,Hyperion,2010    ,Children,978-1423113393,17
5523,"Can't You Sleep, Little Bear?",Martin Waddell,Walker Books,1988    ,Children,978-0763600624,8
5524,War Horse,Michael Morpurgo,Kaye & Ward,1982    ,Children,978-0439796644,8
5525,Sula,Toni Morrison,Alfred A. Knopf,1973    ,Children,978-1400033430,4
5526,Caddie Woodlawn,Carol Ryrie Brink,Macmillan,1935    ,Children,978-0689815218,4
5527,Days With Frog and Toad,Arnold Lobel,Harper & Row,1979    ,Children,978-0064440585,19
5528,Farmer Duck,Martin Waddell,Walker Books,1991    ,Children,978-1564025968,17
5529,Five Run Away Together,Enid Blyton,Hodder & Stoughton,1942    ,Children,978-0340681015,6
5530,Brisingr,Christopher Paolini,Knopf,1998    ,Children,978-0375826726,9
5531,Little Bear's Visit,Else Holmelund Minarik,Harper & Row,1961    ,Children,978-0064440233,19
5532,At the Earth's Core,Edgar Rice Burroughs,A. C. McClurg,1914    ,Children,978-1420951752,14
5533,Wives and daughters,Elizabeth Cleghorn Gaskell,Cornhill Magazine,1866    ,Children,978-0140434668,11
5534,Wintersmith,Terry Pratchett,Doubleday,2006    ,Children,978-0060890339,10
5535,The Wide Window,Lemony Snicket,HarperCollins,2000    ,Children,978-0061146329,2
5536,The Cricket on the Hearth,Charles Dickens,Bradbury & Evans,1846    ,Children,978-0140437430,3
5537,Tale of Despereaux,Kate DiCamillo,Candlewick Press,2003    ,Children,978-0763625290,4
5538,Martin Chuzzlewit,Charles Dickens,Chapman & Hall,1800    ,Children,978-0140430264,7
5539,La ciudad de las bestias,Isabel Allende,Rayo,2002    ,Children,978-0060510329,5
5540,The Green Fairy Book,Andrew Lang,"Longmans, Green",1892    ,Children,978-0486214399,4
5541,The Third Wheel,Jeff Kinney,Amulet Books,2003    ,Children,978-1419705847,13
5542,Rewards and fairies,Rudyard Kipling,Macmillan,1910    ,Children,978-0140433500,7
5543,A Case of Need,Michael Crichton,World Publishing,1968    ,Children,978-0451210630,4
5544,Baby Einstein,Julie Aigner-Clark,Disney Press,2001    ,Children,978-0786851089,11
5545,Silas Marner,George Eliot,William Blackwood,1860    ,Children,978-0141439754,20
5546,Captain Underpants and the Attack of the Talking Toilets,Dav Pilkey,Scholastic,1996    ,Children,978-0590846295,12
5547,Call It Courage,Armstrong Sperry,Macmillan,1940    ,Children,978-0689713910,10
5548,The Vampire Lestat,Anne Rice,Knopf,1986    ,Children,978-0345313164,7
5549,Sex and the City,Candace Bushnell,Atlantic Monthly,1996    ,Children,978-0446673549,9
5550,Artemis Fowl and the Arctic Incident,Eoin Colfer,Puffin,2001    ,Children,978-1423124559,19
5551,The Very Busy Spider,Eric Carle,Philomel,1984    ,Children,978-0399211669,12
5552,"Over Sea, Under Stone (The Dark Is Rising #1)",Susan Cooper,Jonathan Cape,1965    ,Children,978-0689840357,15
5553,A Bear Called Paddington,Michael Bond,Collins,1960    ,Children,978-0062312181,16
5554,Stellaluna,Janell Cannon,Harcourt Brace,1990    ,Children,978-0152802172,15
5555,The pioneers,James Fenimore Cooper,Charles Wiley,1800    ,Children,978-0140390582,17
5556,Stormbreaker,Anthony Horowitz,Walker Books,2000    ,Children,978-0142401705,2
5557,Ramona Forever,Beverly Cleary,William Morrow,1927    ,Children,978-0380709502,11
5558,The Regulators,Stephen King,Dutton,1996    ,Children,978-1501143755,14
5559,The Perks of Being a Wallflower,Stephen Chbosky,Pocket Books,1999    ,Children,978-1451696196,19
5560,Hard Luck,Jeff Kinney,Amulet Books,2001    ,Children,978-1419711329,11
5561,Barbie Horse Trouble Barbie Look Look,Golden Books,Golden Books,1921    ,Children,978-0307983275,4
5562,The Wee Free Men,Terry Pratchett,Doubleday,1994    ,Children,978-0060012380,17
5563,Who's Afraid of Virginia Woolf?,Edward Albee,Atheneum,1962    ,Children,978-0451158710,5
5564,Speak,Laurie Halse Anderson,Farrar Straus Giroux,1999    ,Children,978-0142414736,14
5565,Peter's Chair,Ezra Jack Keats,Harper & Row,1967    ,Children,978-0140502091,10
5566,Otherwise Known as Sheila the Great,Judy Blume,Dutton,1972    ,Children,978-0142408827,18
5567,Owl Babies,Martin Waddell,Walker Books,1975    ,Children,978-0763617103,16
5568,The Ugly Truth,Jeff Kinney,Amulet Books,2001    ,Children,978-0810984911,1
5569,Point Blanc,Anthony Horowitz,Walker Books,2001    ,Children,978-0142401712,6
5570,Maniac Magee,Jerry Spinelli,"Little, Brown",1990    ,Children,978-0316809061,11
5571,Diamonds are Forever,Ian Fleming,Jonathan Cape,1956    ,Children,978-1612185460,11
5572,Dombey and Son,Charles Dickens,Bradbury & Evans,1800    ,Children,978-0140435467,12
5573,Evangeline,Henry Wadsworth Longfellow,Ticknor,1847    ,Children,978-1420951677,1
5574,Into the Wild,Erin Hunter,HarperCollins,2003    ,Children,978-0060000028,7
5575,The king of Elfland's daughter,Lord Dunsany,G. P. Putnam,1924    ,Children,978-0345240101,16
5576,The Magic of Oz,L. Frank Baum,Reilly & Lee,1919    ,Children,978-0486430386,2
5577,Film art,David Bordwell,McGraw-Hill,1979    ,Children,978-0073535104,20
5578,Mrs. Frisby and the Rats of Nimh,Robert C. O'Brien,Atheneum,1970    ,Children,978-0689710681,16
5579,The magic Faraway Tree,Enid Blyton,George Newnes,1943    ,Children,978-0753733073,10
5580,Glinda of Oz,L. Frank Baum,Reilly & Lee,1920    ,Children,978-0486430393,2
5581,What's wrong with the world,Gilbert Keith Chesterton,Cassell,1910    ,Children,978-1604593457,4
5582,Heaven,V. C. Andrews,Pocket Books,1985    ,Children,978-1501121852,9
5583,"Sarah, plain and tall",Patricia MacLachlan,Harper & Row,1985    ,Children,978-0062399526,2
5584,Wrecking Ball,Jeff Kinney,Amulet Books,2019    ,Children,978-1419739033,1
5585,Struwwelpeter,Heinrich Hoffmann,Literarische Anstalt,1865    ,Children,978-0486227016,2
5586,Mystic river,Dennis Lehane,William Morrow,2001    ,Children,978-0062068415,12
5587,My father's dragon,Ruth Stiles Gannett,Random House,1948    ,Children,978-0440413219,14
5588,The deerslayer,James Fenimore Cooper,Bentley,1841    ,Children,978-0140390599,13
5589,A Hat Full of Sky,Terry Pratchett,Doubleday,2004    ,Children,978-0060586614,17
5590,Beezus and Ramona,Beverly Cleary,William Morrow,1955    ,Children,978-0380709182,16
5591,The Killer Angels,Michael Shaara,David McKay,1974    ,Children,978-0345348104,16
5592,My Sister's Keeper,Jodi Picoult,Atria Books,2004    ,Children,978-0743454537,1
5593,The Amazing Maurice and His Educated Rodents,Terry Pratchett,Doubleday,2001    ,Children,978-0060012359,13
5594,Inuyasha,高橋留美子,Shogakukan,1998    ,Children,978-1569312629,16
5595,The Time Traders,Andre Norton,World Publishing,1958    ,Children,978-1604593679,20
5596,Captain Underpants and the Invasion of the Incredibly Naughty Cafeteria Ladies from Outer Space,Dav Pilkey,Scholastic,1999    ,Children,978-0590846301,9
5597,Emily climbs,Lucy Maud Montgomery,McClelland & Stewart,1920    ,Children,978-0771061981,6
5598,The Wonderful Story of Henry Sugar and Six More,Roald Dahl,Jonathan Cape,1977    ,Children,978-0142410110,15
5599,Jack and Jill: a village story,Louisa May Alcott,Roberts Brothers,1880    ,Children,978-0140390742,1
5600,Osudy dobrého vojáka Švejka za světové války,Jaroslav Hašek,Various,1926    ,Children,978-0140444667,5
5601,The House on Mango Street,Sandra Cisneros,Arte Público Press,1983    ,Children,978-0679734772,19
5602,The Silver Sword,Ian Serraillier,Jonathan Cape,1956    ,Children,978-0099439493,3
5603,Jack & Jill,James Patterson,"Little, Brown",1714    ,Children,978-0446604802,11
5604,"Click, Clack, Moo Cows That Type",Doreen Cronin,Simon & Schuster,1900    ,Children,978-0689832130,6
5605,Under the Lilacs,Louisa May Alcott,Roberts Brothers,1878    ,Children,978-0140390759,8
5606,Stargirl,Jerry Spinelli,Knopf,2000    ,Children,978-0375813306,19
5607,The Opal Deception,Eoin Colfer,Puffin,2005    ,Children,978-1423124559,20
5608,Blubber,Judy Blume,Bradbury Press,1972    ,Children,978-1481411431,14
5609,Swimmy,Leo Lionni,Pantheon,1963    ,Children,978-0394817132,11
5610,The Tiny Seed,Eric Carle,Franklin Watts,1970    ,Children,978-1416979173,9
5611,Bunnicula,Deborah Howe,Atheneum,1979    ,Children,978-1416928171,17
5612,"A child called ""it""",David J. Pelzer,Health Communications,1987    ,Children,978-1558743663,5
5613,The White Company,Arthur Conan Doyle,"Smith, Elder & Co.",1890    ,Children,978-0140435306,15
5614,The Sign of the Beaver,Elizabeth George Speare,Houghton Mifflin,1944    ,Children,978-0547577111,13
5615,The Return of Tarzan,Edgar Rice Burroughs,A. C. McClurg,1915    ,Children,978-1420951769,8
5616,The Miserable Mill,Lemony Snicket,HarperCollins,2000    ,Children,978-0061146336,14
5617,My side of the mountain,Jean Craighead George,Dutton,1959    ,Children,978-0140348101,13
5618,Herr der Diebe,Cornelia Funke,Cecilie Dressler,2000    ,Children,978-0439404372,16
5619,The Endless Steppe,Esther Rudomin Hautzig,Thomas Y. Crowell,1968    ,Children,978-0064405775,12
5620,The tower treasure,Franklin W. Dixon,Grosset & Dunlap,1927    ,Children,978-0448089010,1
5621,Walk Two Moons,Sharon Creech,HarperCollins,1994    ,Children,978-0064405171,11
5622,The Complete Jungle Book,Rudyard Kipling,Macmillan,1895    ,Children,978-0199539307,11
5623,The Tales of Beedle the Bard,J. K. Rowling,Children's High-Level,2008    ,Children,978-0545128285,7
5624,A little princess,Bob Blaisdell,Charles Scribner,1905    ,Children,978-0451525093,16
5625,An Inspector Calls,J. B. Priestley,Heinemann,1945    ,Children,978-0141185354,8
5626,Skellig,David Almond,Hodder,1998    ,Children,978-0440416029,1
5627,The Witch of Blackbird Pond,Elizabeth George Speare,Houghton Mifflin,1958    ,Children,978-0547550299,11
5628,Novels (The Call of the Wild / White Fang),Jack London,Various,1962    ,Children,978-0141321059,18
5629,Tintin en Amérique,Hergé,Casterman,1962    ,Children,978-1405206143,1
5630,Never Let Me Go,Kazuo Ishiguro,Faber & Faber,2005    ,Children,978-1400078776,2
5631,Le pont de la rivière kwaï,Pierre Boulle,Julliard,1952    ,Children,978-0812976243,9
5632,Virgin,James Patterson,McGraw-Hill,1980    ,Children,978-0446609951,3
5633,Danny and the Dinosaur,Syd Hoff,Harper & Brothers,1958    ,Children,978-0064440022,9
5634,The Trumpet of the Swan,E. B. White,Harper & Row,1970    ,Children,978-0064408677,13
5635,"Then Again, Maybe I Won't",Judy Blume,Bradbury Press,1971    ,Children,978-1481411516,20
5636,Emil und die Detektive,Erich Kästner,Williams & Co.,1930    ,Children,978-0141322513,7
5637,Four,Veronica Roth,Katherine Tegen,2001    ,Children,978-0062345219,3
5638,Little Fuzzy,H. Beam Piper,Avon,1961    ,Children,978-1505312386,5
5639,Forever,Judy Blume,Bradbury Press,1957    ,Children,978-1481414432,6
5640,The Watsons go to Birmingham--1963,Christopher Paul Curtis,Delacorte,1963    ,Children,978-0385321754,13
5641,The Grouchy Ladybug,Eric Carle,Thomas Y. Crowell,1977    ,Children,978-0064434508,13
5642,The Pathfinder,James Fenimore Cooper,Bentley,1800    ,Children,978-0140390612,2
5643,The Hidden Staircase,Carolyn Keene,Grosset & Dunlap,1930    ,Children,978-0448095028,11
5644,Rotkäppchen,Charles Perrault,Various,1945    ,Children,978-0698114456,18
5645,The story of my life,Helen Keller,Doubleday,1903    ,Children,978-0451531568,1
5646,Antigone,Sophocles,Various,1581    ,Children,978-0140441918,1
5647,The way of all flesh,Samuel Butler,Grant Richards,1900    ,Children,978-0140430127,2
5648,The Angel Experiment,James Patterson,"Little, Brown",2001    ,Children,978-0316067959,19
5649,Farmer Giles of Ham,J.R.R. Tolkien,Allen & Unwin,1949    ,Children,978-0618009367,16
5650,The Snail and the Whale,Julia Donaldson,Macmillan,2001    ,Children,978-0142403808,15
5651,Wet Magic,Edith Nesbit,T. Fisher Unwin,1937    ,Children,978-1542385459,10
5652,The First Four Years,Laura Ingalls Wilder,Harper & Row,1953    ,Children,978-0064400091,10
5653,The Paper Bag Princess,Robert N. Munsch,Annick Press,1980    ,Children,978-0920236161,16
5654,A People's History of the United States,Howard Zinn,Harper & Row,1980    ,Children,978-0062397348,9
5655,The Polar Express Gift Set,Chris Van Allsburg,Houghton Mifflin,1985    ,Children,978-0544580145,19
5656,Strega Nona,Tomie dePaola,Prentice Hall,1934    ,Children,978-0671662837,2
5657,Love You Forever,Robert N Munsch,Firefly Books,1986    ,Children,978-0920668375,9
5658,The Swiss Family Robinson,Johann David Wyss,various,1979    ,Children,978-0141322056,7
5659,Winnie-the-Pooh / The House at Pooh Corner,A. A. Milne,Methuen,1926    ,Children,978-0525444435,17
5660,How the Grinch Stole Christmas!,Dr. Seuss,Random House,1957    ,Children,978-0394800790,11
5661,Say Cheese and Die!,Robert Lawrence Stine,Scholastic,1992    ,Children,978-0439568463,13
5662,About a Boy,Nick Hornby,Victor Gollancz,1998    ,Children,978-1573227391,7
5663,The Golden Age,Kenneth Grahame,John Lane,1879    ,Children,978-1419142826,10
5664,The House with a Clock in Its Walls,John Bellairs,Dial Press,1973    ,Children,978-0142402573,6
5665,Keep the Aspidistra Flying,George Orwell,Victor Gollancz,1936    ,Children,978-0156468992,8
5666,Surprise Island,Gertrude Chandler Warner,Rand McNally,1949    ,Children,978-0807576748,4
5667,I am Malala,Malala Yousafzai,"Little, Brown",2012    ,Children,978-0316322409,19
5668,Seeds of Yesterday,V. C. Andrews,Pocket Books,1984    ,Children,978-0671729486,13
5669,The Toll-Gate,Georgette Heyer,Heinemann,1954    ,Children,978-1402210259,4
5670,A Wind in the Door (Time Quintet #2,Madeleine L'Engle,"Farrar, Straus & Giroux",1973    ,Children,978-0312368548,15
5671,Where the Crawdads Sing,Delia Owens,G.P. Putnam's Sons,2018    ,Children,978-0735219090,15
5672,The True Story of the Three Little Pigs,Jon Scieszka,Viking,1989    ,Children,978-0140544510,18
5673,Sabriel,Garth Nix,Moonbeam,1995    ,Children,978-0062315534,13
5674,La dame aux camélias [novel],Alexandre Dumas fils,various,1848    ,Children,978-0199536917,6
5675,Fudge-a-mania,Judy Blume,Dutton,1990    ,Children,978-0142406779,11
5676,Gravity's Rainbow,Thomas Pynchon,Viking Press,1973    ,Children,978-0143039945,4
5677,Baum's American Fairy Tales,L. Frank Baum,George M. Hill,1901    ,Children,978-0486235479,20
5678,Madeline's Rescue,Ludwig Bemelmans,Simon & Schuster,1900    ,Children,978-0140564396,2
5679,Judy Moody Gets Famous,Megan McDonald,Candlewick Press,2001    ,Children,978-0763648497,18
5680,The Tin Woodman of Oz,L. Frank Baum,Reilly & Lee,1918    ,Children,978-0486430379,4
5681,The Secret Seven,Enid Blyton,Brockhampton Press,1949    ,Children,978-0340893074,19
5682,The Halloween Tree,Ray Bradbury,Knopf,1972    ,Children,978-0375803017,6
5683,Where Are the Children?,Mary Higgins Clark,Simon & Schuster,1975    ,Children,978-0671003449,8
5684,The Secret of the Old Clock,Carolyn Keene,Grosset & Dunlap,1930    ,Children,978-0448095011,7
5685,The House on the Borderland,William Hope Hodgson,Chapman & Hall,1946    ,Children,978-0486204710,1
5686,The Secret at Shadow Ranch,Carolyn Keene,Grosset & Dunlap,1931    ,Children,978-0448095066,20
5687,Kensuke's kingdom,Michael Morpurgo,Egmont,1999    ,Children,978-0439382021,7
5688,Never Cry Wolf,Farley Mowat,McClelland & Stewart,1963    ,Children,978-0316586450,15
5689,The Wave,Todd Strasser,Delacorte,1981    ,Children,978-0440993711,13
5690,Rooster who set out to see the world,Eric Carle,Franklin Watts,1971    ,Children,978-0689826849,19
5691,Kodeks pracy,Poland.,various,1693    ,Children,978-8381584000,16
5692,Sophocles,Sophocles,various,1832    ,Children,978-0140441918,9
5693,The ruby in the smoke (Sally Lockhart #1),Philip Pullman,Oxford Univ Press,1985    ,Children,978-0394888262,9
5694,'Twas the Night before Christmas,Clement Clarke Moore,various,1912    ,Children,978-0375838521,15
5695,Gregor the Overlander,Suzanne Collins,Scholastic,2003    ,Children,978-0439435369,2
5696,The Mixed-Up Chameleon,Eric Carle,Thomas Y. Crowell,1975    ,Children,978-0064431620,14
5697,The Throne of Fire,Rick Riordan,Hyperion,2011    ,Children,978-1423140566,8
5698,White oleander,"Fitch, Janet","Little, Brown",1989    ,Children,978-0316284950,4
5699,Go Ask Alice,Beatrice Sparks,Prentice Hall,1971    ,Children,978-0689811630,4
5700,Paper towns,John Green,Dutton,2008    ,Children,978-0142414934,16
5701,Le chat botté,Charles Perrault,various,1865    ,Children,978-0735841352,4
5702,The Man Without a Country,Edward Everett Hale,Ticknor and Fields,1865    ,Children,978-1542456487,4
5703,Peter Pan in Kensington Gardens,J. M. Barrie,Hodder & Stoughton,1906    ,Children,978-0199538836,1
5704,Purple Hibiscus,Chimamanda Ngozi Adichie,Fourth Estate,2003    ,Children,978-1616202415,12
5705,Black like me,John Howard Griffin,Houghton Mifflin,1960    ,Children,978-0451234216,17
5706,The Patchwork Girl of Oz,L. Frank Baum,Reilly & Britton,1913    ,Children,978-1420952087,11
5707,Fantastic Beasts and Where to Find Them,J. K. Rowling,Bloomsbury,2001    ,Children,978-1338132311,14
5708,The Graveyard Book,Neil Gaiman,HarperCollins,2008    ,Children,978-0060530945,8
5709,The True Confessions of Charlotte Doyle,Avi,Orchard Books,1990    ,Children,978-0545477116,12
5710,Freckle Juice,Judy Blume,Four Winds Press,1971    ,Children,978-1481411028,11
5711,The Mark of Athena,Rick Riordan,Disney Hyperion,2011    ,Children,978-1423140603,6
5712,The Bungalow Mystery,Carolyn Keene,Grosset & Dunlap,1930    ,Children,978-0448095035,20
5713,Sanctuary,William Faulkner,Cape & Smith,1931    ,Children,978-0679748144,6
5714,Dragonsong,Anne McCaffrey,Atheneum,1976    ,Children,978-0689860072,4
5715,If You Give a Mouse a Cookie,Laura Joffe Numeroff,Harper & Row,1985    ,Children,978-0060245863,7
5716,Night of the Living Dummy,Robert Lawrence Stine,Scholastic,1993    ,Children,978-0439568418,12
5717,Rip Van Winkle,Washington Irving,various,1850    ,Children,978-1503277717,10
5718,Vogue Knitting on the Go,Trisha Malcolm,Sixth&Spring Books,1999    ,Children,978-1942021117,4
5719,The twenty-one balloons,William Pène Du Bois,Viking,1947    ,Children,978-0140320978,16
5720,Puck of Pook's Hill,Rudyard Kipling,Macmillan,1900    ,Children,978-0140437508,10
5721,Flower Fables,Louisa May Alcott,George W. Briggs,1854    ,Children,978-1500645601,17
5722,Welcome to Dead House,Robert Lawrence Stine,Scholastic,1992    ,Children,978-0439568364,12
5723,Haroun and the Sea of Stories,Salman Rushdie,Granta,1990    ,Children,978-0140157376,19
5724,The light princess,George MacDonald,Strahan & Co,1926    ,Children,978-0374444716,15
5725,The Wishing Spell,Chris Colfer,"Little, Brown",1990    ,Children,978-0316051569,13
5726,Shrek!,William Steig,"Farrar, Straus & Giroux",1990    ,Children,978-0312384494,4
5727,From head to toe,Eric Carle,HarperCollins,1977    ,Children,978-0064434720,13
5728,The Ersatz Elevator,Lemony Snicket,HarperCollins,2001    ,Children,978-0061146367,2
5729,The story of the other wise man,Henry van Dyke,Harper & Brothers,1895    ,Children,978-1420953923,18
5730,Captain Underpants and the Perilous Plot of Professor Poopypants,Dav Pilkey,Scholastic,2000    ,Children,978-0590846288,8
5731,The Coral Island,Robert Michael Ballantyne,T. Nelson & Sons,1858    ,Children,978-0140436211,8
5732,Stone soup,Marcia Brown,Scribner,1947    ,Children,978-0689711039,2
5733,Citizen of the Galaxy,Robert A. Heinlein,Scribner,1957    ,Children,978-1416505525,2
5734,Kometen kommer (Kometjakten),Tove Jansson,Söderström,1946    ,Children,978-0312608880,16
5735,The Enchanted Wood,Enid Blyton,Newnes,1939    ,Children,978-0749748005,8
5736,The Spook's Apprentice,Joseph Delaney,Bodley Head,1998    ,Children,978-0060766184,4
5737,City of Bones,Cassandra Clare,Margaret K. McElderry,2007    ,Children,978-1416914280,18
5738,Stay Out of the Basement,Robert Lawrence Stine,Scholastic,1992    ,Children,978-0439568371,15
5739,Captain Underpants and the Wrath of the Wicked Wedgie Woman,Dav Pilkey,Scholastic,2001    ,Children,978-0439376136,18
5740,Ramona the Brave,Beverly Cleary,Morrow,1975    ,Children,978-0380702855,6
5741,"Bud, Not Buddy",Christopher Paul Curtis,Delacorte,1994    ,Children,978-0385323062,9
5742,The Austere Academy,Lemony Snicket,HarperCollins,2000    ,Children,978-0061146350,15
5743,Jabberwocky,Lewis Carroll,various,1881    ,Children,978-1419705557,17
5744,Le petit Nicolas,Jean-Jacques Sempé,Denoël,1960    ,Children,978-0714848211,16
5745,In the Night Kitchen,Maurice Sendak,Harper & Row,1889    ,Children,978-0060266684,9
5746,Houghton Mifflin Vocabulary Readers,Houghton Mifflin Company Staff,Houghton Mifflin,2005    ,Children,(Generic/Various),6
5747,Howl's Moving Castle,Diana Wynne Jones,Greenwillow,1986    ,Children,978-0061474781,19
5748,The Song of Hiawatha and Other Poems,Henry Wadsworth Longfellow,Ticknor and Fields,1800    ,Children,978-1420951165,12
5749,The City of Ember (The First Book of Ember),Jeanne DuPrau,Random House,1998    ,Children,978-0375822742,11
5750,The Tiger Who Came to Tea,Judith Kerr,Collins,1968    ,Children,978-0007215997,12
5751,Dark Angel,V. C. Andrews,Pocket Books,1972    ,Children,978-0671725822,7
5752,Alanna,Tamora Pierce,Atheneum,1954    ,Children,978-1416903437,6
5753,The Sword of Summer,Rick Riordan,Disney Hyperion,2015    ,Children,978-1423160915,13
5754,Three cups of tea,Greg Mortenson,Viking,2006    ,Children,978-0143112358,11
5755,Inheritance,Christopher Paolini,Knopf,2010    ,Children,978-0375856112,12
5756,"Il mio nome è Stilton, Geronimo Stilton",Elisabetta Dami,Edizioni Piemme,1999    ,Children,978-0439204194,3
5757,The Word for World is Forest,Ursula K. Le Guin,Berkley,1972    ,Children,978-0765324641,4
5758,The Blood of Olympus,Rick Riordan,Disney Hyperion,2014    ,Children,978-1423146780,19
5759,Lilly's Purple Plastic Purse,Kevin Henkes,Greenwillow,1996    ,Children,978-0688128975,18
5760,The Machine Stops,E. M. Forster,Oxford and Cambridge,1909    ,Children,978-1605978437,4
5761,Ella Enchanted,Gail Carson Levine,HarperCollins,1997    ,Children,978-0064407052,19
5762,Don't Let the Pigeon Drive the Bus!,Mo Willems,Hyperion,2003    ,Children,978-0786819881,10
5763,The White Mountains (The Tripods #1),Sam Youd,Hamish Hamilton,1967    ,Children,978-1442427334,1
5764,Amelia Bedelia,Peggy Parish,Harper & Row,1963    ,Children,978-0064440015,3
5765,Emotional Intelligence,Daniel Goleman,Bantam,1995    ,Children,978-0553383713,9
5766,The Last Unicorn,Peter S. Beagle,Viking,1968    ,Children,978-0451450524,20
5767,Millions of cats,Wanda Gág,Coward-McCann,1928    ,Children,978-0142407080,6
5768,Gathering Blue,Lois Lowry,Houghton Mifflin,2000    ,Children,978-0544340657,19
5769,Six of Crows,Leigh Bardugo,Henry Holt,2015    ,Children,978-1627792127,6
5770,Berlin Alexanderplatz,Alfred Döblin,S. Fischer,1929    ,Children,978-0141187457,16
5771,"Works [37 plays, 5 poems, sonnets]",William Shakespeare,various,1794    ,Children,(Generic),4
5772,"Weep No More, My Lady",Mary Higgins Clark,Simon & Schuster,1987    ,Children,978-0671656669,4
5773,Chrysanthemum,Kevin Henkes,Greenwillow,1991    ,Children,978-0688147327,11
5774,Emily's quest,Lucy Maud Montgomery,McClelland & Stewart,1756    ,Children,978-1773231365,13
5775,Drachenreiter,Cornelia Funke,Cecilie Dressler,2000    ,Children,978-0439456951,6
5776,Sky Island,L. Frank Baum,Reilly & Britton,1912    ,Children,978-1420953152,1
5777,The Son of Neptune,Rick Riordan,Disney Hyperion,2011    ,Children,978-1423140597,6
5778,Captain Underpants and the Preposterous Plight of the Purple Potty People,Dav Pilkey,Scholastic,2006    ,Children,978-0590846271,19
5779,Double Fudge,Judy Blume,Dutton,2001    ,Children,978-0142401149,9
5780,The song of Hiawatha,Henry Wadsworth Longfellow,Ticknor and Fields,1855    ,Children,978-1420951165,3
5781,The Hidden Oracle,Rick Riordan,Disney Hyperion,2016    ,Children,978-1484746417,2
5782,House of Hades,Rick Riordan,Disney Hyperion,2013    ,Children,978-1423146773,4
5783,Inca Gold,Clive Cussler,Simon & Schuster,1994    ,Children,978-0671681562,4
5784,Have You Seen My Cat?,Eric Carle,Picture Book Studio,1973    ,Children,978-1442445741,4
5785,Farewell to Manzanar,Jeanne Wakatsuki Houston,San Francisco Book Co,1758    ,Children,978-0307392138,19
5786,The spiffiest giant in town,Julia Donaldson,Macmillan,2001    ,Children,978-0142501399,8
5787,Mattimeo (Redwall #3),Brian Jacques,Hutchinson,1989    ,Children,978-0441000487,1
5788,Lasher,Anne Rice,Knopf,1993    ,Children,978-0345396112,4
5789,Begin Smart,Begin Smart Books,Begin Smart,2008    ,Children,(Generic),13
5790,Kristy's Great Idea,Ann M. Martin,Scholastic,1986    ,Children,978-0545813877,7
5791,"The Little Mouse, the Ripe Red Strawberry, and the Big Hungry Bear",Audrey Wood,Child's Play,1945    ,Children,978-0859530125,6
5792,The Indian in the Cupboard,Lynne Reid Banks,Dent,1980    ,Children,978-0380702848,12
5793,An Abundance of Katherines,John Green,Dutton,2006    ,Children,978-0142410707,18
5794,The Hero and the Crown,Robin McKinley,Greenwillow,1924    ,Children,978-0141309811,11
5795,"1, 2, 3 to the zoo",Eric Carle,Philomel,1968    ,Children,978-0399220395,20
5796,The One and Only Ivan,Katherine Applegate,HarperCollins,2011    ,Children,978-0061992254,5
5797,History of Alexander the Great,Jacob Abbott,Harper & Brothers,1848    ,Children,978-1444458312,16
5798,Two Gentlemen of Verona,William Shakespeare,various,1632    ,Children,978-0199536092,16
5799,How to train your dragon,Cressida Cowell,Hodder,2003    ,Children,978-0316737807,6
5800,Astérix et Cléopâtre,René Goscinny,Albert René,1965    ,Children,978-2864971436,14
5801,The Master Key,L. Frank Baum,Bowen-Merrill,1901    ,Children,978-1420952223,15
5802,A squash and a squeeze,Julia Donaldson,Macmillan,1993    ,Children,978-1509804757,7
5803,Louisa May Alcott,Louisa May Alcott,various,1889    ,Children,978-0544921030,18
5804,The snowman,Raymond Briggs,Hamish Hamilton,1978    ,Children,978-0394839738,8
5805,Dear Enemy,Jean Webster,Century Co.,1915    ,Children,978-1505273397,8
5806,The Serpent's Shadow,Rick Riordan,Disney Hyperion,2012    ,Children,978-1423140573,13
5807,Gangsta Granny,David Walliams,HarperCollins,2001    ,Children,978-0007371464,8
5808,Gilead,Marilynne Robinson,"Farrar, Straus & Giroux",2004    ,Children,978-0312424404,2
5809,Witch & wizard,James Patterson,"Little, Brown",1999    ,Children,978-0316036245,5
5810,Shadow and Bone,Leigh Bardugo,Henry Holt,2012    ,Children,978-1250027436,14
5811,"Undine, eine Erzählung",Friedrich de la Motte-Fouqué,various,1845    ,Children,978-1420955934,1
5812,Deenie,Judy Blume,Bradbury Press,1973    ,Children,978-1481410366,19
5813,The Hundred and One Dalmatians,Dodie Smith,Heinemann,1956    ,Children,978-0140340341,16
5814,Sans famille,Hector Malot,Eugene Dentu,1878    ,Children,978-1544258928,2
5815,Monster Blood,Robert Lawrence Stine,Scholastic,1992    ,Children,978-0439568388,6
5816,Saving the World and Other Extreme Sports,James Patterson,"Little, Brown",1998    ,Children,978-0316060950,9
5817,Harry the Dirty Dog,Gene Zion,Harper & Row,1956    ,Children,978-0064430098,5
5818,Clifford the Big Red Dog,Norman Bridwell,Scholastic,1963    ,Children,978-0545215763,10
5819,Naruto 5,Masashi Kishimoto,Viz Media,2003    ,Children,978-1591163596,12
5820,There's a Boy in the Girl's Bathroom (Cascades),Louis Sachar,Knopf,1987    ,Children,978-0394805726,15
5821,The Hundred Dresses,Eleanor Estes,Harcourt Brace,1944    ,Children,978-0152052607,14
5822,Tintenblut,Cornelia Funke,Cecilie Dressler,2005    ,Children,978-0439554015,17
5823,Skulduggery Pleasant,Derek Landy,HarperCollins,2006    ,Children,978-0007241620,3
5824,The Works of Edgar Allan Poe in Five Volumes,Edgar Allan Poe,various,1903    ,Children,978-1613824108,16
5825,Illusions,Richard Bach,Delacorte Press,1977    ,Children,978-0385285018,20
5826,The Masque of the Red Death,Edgar Allan Poe,Graham's Magazine,1922    ,Children,978-1503276635,12
5827,A history of New York,Washington Irving,Inskeep & Bradford,1800    ,Children,978-1420951929,10
5828,The Haunted Mask,Robert Lawrence Stine,Scholastic,1993    ,Children,978-0439568449,7
5829,The Song of the Lark,Willa Cather,Houghton Mifflin,1915    ,Children,978-0486414331,3
5830,Rainbow Valley,Lucy Maud Montgomery,McClelland & Stewart,1919    ,Children,978-1773231358,9
5831,Tiger Eyes,Judy Blume,Bradbury Press,1981    ,Children,978-1481411189,19
5832,"Middle school, get me out of here!",James Patterson,"Little, Brown",2012    ,Children,978-0316101875,18
5833,A Court of Thorns and Roses,Sarah J. Maas,Bloomsbury,2013    ,Children,978-1619635180,1
5834,Rising Storm,Erin Hunter,HarperCollins,2004    ,Children,978-0060525620,4
5835,"Bless Me, Ultima",Rudolfo A. Anaya,TQS Publications,1972    ,Children,978-0446675369,17
5836,Lyddie,Katherine Paterson,Lodestar Books,1991    ,Children,978-0140373899,7
5837,The Selection (The Selection #1),Kiera Cass,HarperTeen,2012    ,Children,978-0062059949,2
5838,Un Disparatado Viaje A Ratikistan,Elisabetta Dami,Edizioni Piemme,2000    ,Children,978-1338587524,17
5839,River's End,Nora Roberts,Putnam,1999    ,Children,978-0515127836,6
5840,Ballet Shoes (Shoes #1),Noel Streatfeild,Dent,1609    ,Children,978-0679847595,4
5841,The Napping House (La Casa Adormecida),Audrey Wood,Harcourt Brace,1984    ,Children,978-0152567088,15
5842,Timon of Athens,William Shakespeare,various,1734    ,Children,978-0199536139,5
5843,Fire and Ice,Erin Hunter,HarperCollins,2003    ,Children,978-0060525507,17
5844,Dragons of Spring Dawning,Margaret Weis,TSR,1900    ,Children,978-0786915897,18
5845,Mossflower,Brian Jacques,Hutchinson,1988    ,Children,978-0441000401,19
5846,My Family and other Animals,Gerald Malcolm Durrell,Rupert Hart-Davis,1956    ,Children,978-0143105411,6
5847,The Ballad of Songbirds and Snakes,Suzanne Collins,Scholastic,2020    ,Children,978-1338635171,19
5848,The Wouldbegoods,Edith Nesbit,T. Fisher Unwin,1901    ,Children,978-1420955378,19
5849,Uglies,Scott Westerfeld,Simon Pulse,2005    ,Children,978-1442419810,18
5850,The Blue Sword,Robin McKinley,Greenwillow,1982    ,Children,978-0141309750,8
5851,The Wolves of Willoughby Chase (Wolves #1),Joan Aiken,Jonathan Cape,1911    ,Children,978-0440496038,8
5852,Dog Man,Dav Pilkey,Scholastic,2015    ,Children,978-0545581608,18
5853,The Amulet of Samarkand,Jonathan Stroud,Doubleday,2003    ,Children,978-0786852550,2
5854,By The Great Horn Spoon,Sid Fleischman,"Atlantic-Little, Brown",1963    ,Children,978-0316285773,17
5855,The Door in the Wall,Marguerite de Angeli,Doubleday,1949    ,Children,978-0440402831,1
5856,A House for Hermit Crab,Eric Carle,Picture Book Studio,1987    ,Children,978-1416938590,3
5857,Cinder,Marissa Meyer,Feiwel & Friends,2011    ,Children,978-1250007209,14
5858,Dragonball (Doragon bo-ru),鳥山 明 [Akira Toriyama],Viz Media,1984    ,Children,978-1569319208,6
5859,The Absolutely True Diary of a Part-Time Indian,Sherman Alexie,"Little, Brown",2007    ,Children,978-0316013697,15
5860,Fox in Socks,Dr. Seuss,Random House,1965    ,Children,978-0394800387,12
5861,Garden of Shadows,V. C. Andrews,Pocket Books,1987    ,Children,978-0671642570,2
5862,Messenger (The Giver #3),Lois Lowry,Houghton Mifflin,2004    ,Children,978-0544340671,18
5863,Daughter of Smoke and Bone,Laini Taylor,"Little, Brown",2001    ,Children,978-0316134026,14
5864,Who Moved My Cheese?,Spencer Johnson,Putnam,1998    ,Children,978-0399144462,6
5865,"Giù le zampe, faccia di fontina!",Elisabetta Dami,Edizioni Piemme,2000    ,Children,978-0439204217,12
5866,The Final Warning,James Patterson,"Little, Brown",1998    ,Children,978-0316002349,19
5867,Quidditch Through the Ages,J. K. Rowling,Bloomsbury,2001    ,Children,978-1338125740,16
5868,Freaky Friday (Cascades),Mary Rodgers,Harper & Row,1972    ,Children,978-0064402651,8
5869,Sadako and the Thousand Paper Cranes,Eleanor Coerr,Putnam,1977    ,Children,978-0142401132,18
5870,"Encyclopedia Brown, Boy Detective",Donald J. Sobol,Nelson,1963    ,Children,978-0142408889,15
5871,Private Peaceful,Michael Morpurgo,Collins,1962    ,Children,978-0007150076,19
5872,Sylvester and the magic pebble,William Steig,Windmill Books,1969    ,Children,978-1416902065,10
5873,"Does a Kangaroo Have a Mother, Too?",Eric Carle,HarperCollins,1999    ,Children,978-0064435765,18
5874,Tikki Tikki Tembo,Arlene Mosel,"Holt, Rinehart & Winston",1968    ,Children,978-0312367480,3
5875,Chicka chicka boom boom,Bill Martin Jr.,Archway,1989    ,Children,978-0671679286,4
5876,The Awakening,Lisa Jane Smith,HarperPaperbacks,1991    ,Children,978-0061763908,3
5877,The Bronze Bow,Elizabeth George Speare,Houghton Mifflin,1961    ,Children,978-0395137192,19
5878,Sideways Stories from Wayside School,Louis Sachar,Follett,1978    ,Children,978-0380698714,12
5879,Sofies verden,Jostein Gaarder,Aschehoug,1991    ,Children,978-0425152256,5
5880,Doodle Art,Doodle Art,various,1991    ,Children,(Generic),19
5881,How Do Dinosaurs Say Good Night?,Jane Yolen,Blue Sky Press,2000    ,Children,978-0545114035,20
5882,Down Under (In a Sunburned Country),Bill Bryson,Doubleday,2000    ,Children,978-0767903868,14
5883,The secret of the old mill,Franklin W. Dixon,Grosset & Dunlap,1927    ,Children,978-0448089033,7
5884,The Vile Village,Lemony Snicket,HarperCollins,2001    ,Children,978-0061146374,19
5885,One Door Away from Heaven,Dean Koontz,Bantam,2001    ,Children,978-0553582758,1
5886,The Woods,Harlan Coben,Dutton,2007    ,Children,978-0451221957,16
5887,The complete works of Robert Browning Volume XVI,Robert Browning,various,1800    ,Children,978-1420951110,5
5888,I Am the Messenger,Markus Zusak,Pan Macmillan,2002    ,Children,978-0375836671,15
5889,"Alexander and the Terrible, Horrible, No Good, Very Bad Day",Judith Viorst,Atheneum,1972    ,Children,978-0689300721,19
5890,Dark Places,Gillian Flynn,Shaye Areheart,2009    ,Children,978-0307341570,10
5891,Gregor and the Prophecy of Bane,Suzanne Collins,Scholastic,2004    ,Children,978-0439656245,19
5892,El misterio del ojo esmeralda (Lost Treasure of the Emerald Eye),Elisabetta Dami,Edizioni Piemme,2000    ,Children,978-0439424738,4
5893,The Black Cat,Edgar Allan Poe,United States Saturday Post,1951    ,Children,978-1548169121,6
5894,Blueberries for Sal,Robert McCloskey,Viking,1948    ,Children,978-0140501698,20
5895,Tutta colpa di un caffè con panna,Elisabetta Dami,Edizioni Piemme,2000    ,Children,978-8856619171,6
5896,I Shall Wear Midnight,Terry Pratchett,Doubleday,2010    ,Children,978-0061433078,8
5897,I am the Cheese,Robert Cormier,Pantheon,1977    ,Children,978-0375840395,1
5898,The Princess Bride,William Goldman,Harcourt Brace,1973    ,Children,978-0156027311,16
5899,Promise Me,Harlan Coben,Dutton,2006    ,Children,978-0451221445,13
5900,The Lilac Fairy Book,Andrew Lang,"Longmans, Green & Co.",1910    ,Children,978-0486223278,2
5901,Ender's Shadow,Orson Scott Card,Tor Books,1999    ,Children,978-0312868604,8
5902,Michel Strogoff,Jules Verne,Pierre-Jules Hetzel,1876    ,Children,978-0140449068,5
5903,The Darkest Hour,Erin Hunter,HarperCollins,2004    ,Children,978-0060000066,9
5904,The Worst Years of My Life,James Patterson,Chronicle Books,1976    ,Children,978-0811825559,15
5905,"Mister Monday (The Keys to the Kingdom, Book 1)",Garth Nix,Scholastic,2003    ,Children,978-0439436533,15
5906,Quella stratopica vacanza alla pensione Mirasorci...,Elisabetta Dami,Edizioni Piemme,1972    ,Children,978-8838455131,12
5907,Tunnel in the sky,Robert A. Heinlein,Scribner,1955    ,Children,978-1416505518,17
5908,Tom Sawyer Abroad,Mark Twain,American Publishing Co.,1894    ,Children,978-0141321103,17
5909,The Mayor of Casterbridge,Thomas Hardy,"Smith, Elder & Co.",1800    ,Children,978-0141439655,5
5910,The Ghost Next Door,Robert Lawrence Stine,Scholastic,1993    ,Children,978-0545035200,16
5911,Hoot,Carl Hiaasen,Alfred A. Knopf,2002    ,Children,978-0440419396,18
5912,Have Spacesuit--Will Travel,Robert A. Heinlein,Scribner,1958    ,Children,978-1416505495,6
5913,The Curse of the Mummy's Tomb,Robert Lawrence Stine,Scholastic,1993    ,Children,978-0545035231,19
5914,How to Catch a Star,Oliver Jeffers,Philomel Books,2004    ,Children,978-0399242861,7
5915,Biscuit Board Book (Biscuit),Alyssa Satin Capucilli,HarperCollins,1996    ,Children,978-0060851644,17
5916,Rinkitink in Oz,L. Frank Baum,Reilly & Britton,1916    ,Children,978-0486466392,19
5917,The Elite (The Selection #2),Kiera Cass,HarperTeen,2012    ,Children,978-0062059963,8
5918,Welcome to Camp Nightmare,Robert Lawrence Stine,Scholastic,1993    ,Children,978-0545035170,4
5919,Beauty,Robin McKinley,Harper & Row,1978    ,Children,978-0060753108,7
5920,A Chair for My Mother,Vera B. Williams,Greenwillow Books,1982    ,Children,978-0688040741,17
5921,Adam Bede,George Eliot,John Blackwood,1859    ,Children,978-0140436648,20
5922,Dragonsinger,Anne McCaffrey,Atheneum,1977    ,Children,978-0689868245,2
5923,Quattro topi nella giungla nera,Elisabetta Dami,Edizioni Piemme,2003    ,Children,978-8838455117,18
5924,The Shell Seekers,Rosamunde Pilcher,St. Martin's Press,1920    ,Children,978-0312961329,19
5925,A Dangerous Path,Erin Hunter,HarperCollins,2004    ,Children,978-0060000059,14
5926,Go Set A Watchman,Harper Lee,Harper,2015    ,Children,978-0062409850,7
5927,"Junie B., First Grader",Barbara Park,Random House,2002    ,Children,978-0375815164,20
5928,Chocolate Fever,Robert Kimmel Smith,William Morrow,1972    ,Children,978-0688028978,16
5929,A gyertyák csonkig égnek,Sándor Márai,Helikon Kiadó,1944    ,Children,978-0375713958,13
5930,The Whipping Boy,Sid Fleischman,Greenwillow Books,1986    ,Children,978-0060521226,17
5931,Bedtime for Frances,Russell Hoban,Harper & Row,1960    ,Children,978-0064430050,15
5932,The 5th wave (The 5th Wave #1),Richard Yancey,Putnam,2013    ,Children,978-0142425831,6
5933,Throne of Glass,Sarah J. Maas,Bloomsbury,2012    ,Children,978-1619630345,10
5934,School's Out Forever,James Patterson,"Little, Brown",2006    ,Children,978-0316067959,2
5935,Good Night Gorilla,Peggy Rathmann,Putnam,1994    ,Children,978-0399224454,19
5936,The Bean Trees Anniversary Edition,Barbara Kingsolver,Harper & Row,1988    ,Children,978-0061097317,13
5937,Monkey Puzzle,Julia Donaldson,Macmillan Children's Books,2000    ,Children,978-1509812493,19
5938,Vampire Breath,Robert Lawrence Stine,Scholastic,1996    ,Children,978-0545035255,15
5939,Little Lord Fauntleroy,Frances Hodgson Burnett,Charles Scribner's Sons,1886    ,Children,978-0141321035,9
5940,First Term at Malory Towers,Enid Blyton,Methuen,1967    ,Children,978-1444929850,6
5941,Little Brother,Cory Doctorow,Tor Teen,2008    ,Children,978-0765323118,9
5942,The dot,Peter H. Reynolds,Candlewick Press,2003    ,Children,978-0763619619,4
5943,Doctor Thorne,Anthony Trollope,Chapman & Hall,1858    ,Children,978-0140435436,15
5944,"The little white bird, or, Adventures in Kensington gardens",J. M. Barrie,Hodder & Stoughton,1902    ,Children,978-1411425675,16
5945,Mouse Soup,Arnold Lobel,HarperCollins,1977    ,Children,978-0064440417,17
5946,Why mosquitoes buzz in people's ears,Verna Aardema,Dial Books,1975    ,Children,978-0140549058,16
5947,The Blue Fairy Book,Andrew Lang,"Longmans, Green, and Co.",1889    ,Children,978-0486201436,17
5948,The Art of Racing in the Rain,Garth Stein,Harper,2008    ,Children,978-0061537967,20
5949,Specials,Scott Westerfeld,Simon Pulse,2006    ,Children,978-1442419896,2
5950,Sharp Objects,Gillian Flynn,Shaye Areheart Books,2006    ,Children,978-0307341556,10
5951,Paul et Virginie,Bernardin de Saint-Pierre,Imprimerie de Monsieur,1789    ,Children,978-2070362240,2
5952,The Tiger Rising,Kate DiCamillo,Candlewick Press,2001    ,Children,978-0763680879,14
5953,The Struggle,Lisa Jane Smith,HarperPaperbacks,1991    ,Children,978-0061990762,17
5954,Pretties,Scott Westerfeld,Simon Pulse,2005    ,Children,978-1442419889,2
5955,Let's Get Invisible!,Robert Lawrence Stine,Scholastic,1993    ,Children,978-0545035217,15
5956,South: the story of Shackleton's 1914-1917 expedition,Sir Ernest Henry Shackleton,William Heinemann,1919    ,Children,978-1492176466,8
5957,One Of Us Is Lying,Karen M. McManus,Delacorte Press,2017    ,Children,978-1524714680,11
5958,Dr. Seuss's ABC,Dr. Seuss,Random House,1960    ,Children,978-0394800301,16
5959,Hop on Pop,Dr. Seuss,Random House,1963    ,Children,978-0394800295,3
5960,The Boy in the Dress,David Walliams,HarperCollins,2008    ,Children,978-0007279036,2
5961,The Summer of the Swans,Betsy Cromer Byars,Viking Press,1970    ,Children,978-0140368031,7
5962,The Borrowers,Mary Norton,"Harcourt, Brace",1952    ,Children,978-0152047375,17
5963,Star Wars - From the Adventures of Luke Skywalker,George Lucas,Ballantine Books,1976    ,Children,978-0345341464,17
5964,Men of Iron,Howard Pyle,Harper & Brothers,1891    ,Children,978-0486433547,17
5965,Chinese Cinderella,Adeline Yen Mah,Delacorte Press,1999    ,Children,978-0385740074,11
5966,The Autobiography of Alice B. Toklas,Gertrude Stein,"Harcourt, Brace",1933    ,Children,978-0679724636,12
5967,Крейцерова соната,Лев Толстой,The Russian Messenger,1880    ,Children,978-0140447033,4
5968,The Golem's Eye,Jonathan Stroud,Jonathan Cape,2004    ,Children,978-0141315140,20
5969,The Miraculous Journey of Edward Tulane,Kate DiCamillo,Candlewick Press,2000    ,Children,978-0763680909,1
5970,Rosie's walk,Pat Hutchins,Macmillan,1967    ,Children,978-0020437505,8
5971,Percy Jackson's Greek Gods,Rick Riordan,Disney-Hyperion,2006    ,Children,978-1423183648,5
5972,The Egypt game,Zilpha Keatley Snyder,Atheneum,1967    ,Children,978-0689825996,1
5973,The Lemonade War,"Davies, Jacqueline",Houghton Mifflin,2007    ,Children,978-0547119618,1
5974,A Long Way Gone,Ishmael Beah,Sarah Crichton Books,2007    ,Children,978-0374531263,10
5975,The Three Little Pigs,James Orchard Halliwell-Phillipps,William Heinemann,1962    ,Children,978-0723247012,20
5976,Magic Kingdom For Sale/Sold!,Terry Brooks,Del Rey,1984    ,Children,978-0345317582,7
5977,The color of water,James McBride,Riverhead Books,1995    ,Children,978-1573225786,8
5978,The Glass Castle,Jeannette Walls,Scribner,2005    ,Children,978-0743247542,3
5979,Demon Dentist,David Walliams,HarperCollins,1900    ,Children,978-0007453580,7
5980,Kill Alex Cross,James Patterson,"Little, Brown",2011    ,Children,978-0316198837,18
5981,Me Talk Pretty One Day,David Sedaris,"Little, Brown",2000    ,Children,978-0316776967,14
5982,The Cat in the Hat Comes Back,Dr. Seuss,Random House,1958    ,Children,978-0394800011,8
5983,Damals war es Friedrich,Hans Peter Richter,dtv Verlagsgesellschaft,1963    ,Children,978-3423078009,8
5984,Wayside School is Falling Down (Wayside School #2),Louis Sachar,HarperCollins,1989    ,Children,978-0380723812,2
5985,La Sonrisa De Mona Ratisa,Elisabetta Dami,Destino Infantil & Juvenil,1999    ,Children,978-8408064978,20
5986,The gift of the Magi,O. Henry,"Doubleday, Page & Co.",1906    ,Children,978-1402745720,1
5987,My Teacher Is an Alien,Bruce Coville,Pocket Books,1989    ,Children,978-0671737290,8
5988,The Little White Horse,Elizabeth Goudge,University of London Press,1920    ,Children,978-0142300275,1
5989,The Dark Prophecy,Rick Riordan,Disney-Hyperion,2017    ,Children,978-1484746424,7
5990,The Grand Design,Stephen Hawking,Bantam Books,1998    ,Children,978-0553384666,20
5991,Stink,Megan McDonald,Candlewick Press,2001    ,Children,978-0763628918,1
5992,Kilmeny of the orchard,Lucy Maud Montgomery,L.C. Page & Co.,1910    ,Children,978-1550811568,9
5993,A Long Walk to Water( Linda Sue Park),Linda Sue Park,Clarion Books,2008    ,Children,978-0547577319,12
5994,Judy Moody was in a Mood,Megan McDonald,Candlewick Press,2000    ,Children,978-0763648497,7
5995,The Grey Fairy Book,Andrew Lang,"Longmans, Green, and Co.",1900    ,Children,978-0486217543,18
5996,Thomas and Friends,Reverend W. Awdry,Egmont,2003    ,Children,978-1405203302,14
5997,An Occurrence at Owl Creek Bridge,Ambrose Bierce,The San Francisco Examiner,1980    ,Children,978-1420952049,12
5998,El castillo de Roca Tacaña,Elisabetta Dami,Planeta,1999    ,Children,978-8408082699,11
5999,Double Star,Robert A. Heinlein,Doubleday,1956    ,Children,978-0345321350,13
6000,A single shard,Linda Sue Park,Clarion Books,2001    ,Children,978-0547534268,4
6001,The Giver,Lois Lowry,HMH Books,1993    ,Fiction,978-0544336261,10
6002,Dorothy and the Wizard in Oz,L. Frank Baum,CreateSpace,1908    ,Fiction,978-1512140408,12
6003,Noli Me Tangere,José Rizal,Penguin Classics,1902    ,Fiction,978-0143039693,14
6004,The Time Machine,H. G. Wells,Penguin Classics,1895    ,Fiction,978-0141439976,15
6005,Dune,Frank Herbert,Ace,1965    ,Fiction,978-0441172719,13
6006,Du côté de chez Swann,Marcel Proust,Penguin Classics,1908    ,Fiction,978-0142437964,12
6007,Die Blechtrommel,Günter Grass,Mariner Books,1959    ,Fiction,978-0547348667,3
6008,The Marvelous Land of Oz,L. Frank Baum,Dover Publications,1904    ,Fiction,978-0486206929,15
6009,Tender is the Night,F. Scott Fitzgerald,Scribner,1933    ,Fiction,978-0684801544,7
6010,The Sea Fairies,L. Frank Baum,Digireads,1911    ,Fiction,978-1420934069,9
6011,Le roman du masque de fer,Alexandre Dumas,Digireads,1600    ,Fiction,978-1420935578,1
6012,The Murder at the Vicarage,Agatha Christie,William Morrow,1930    ,Fiction,978-0062073563,15
6013,The Legend of Sleepy Hollow,Washington Irving,CreateSpace,1820    ,Fiction,978-1503262522,18
6014,A Modern Utopia,H. G. Wells,Penguin Classics,1900    ,Fiction,978-0141441481,7
6015,L’étranger,Albert Camus,Vintage,1942    ,Fiction,978-0679720201,19
6016,The King in Yellow,Robert W. Chambers,CreateSpace,1895    ,Fiction,978-1502392022,6
6017,Martin Eden,Jack London,Penguin Classics,1908    ,Fiction,978-0140187724,20
6018,The Waves,Virginia Woolf,Harcourt,1931    ,Fiction,978-0156949606,4
6019,Phantastes,George MacDonald,Eerdmans,1850    ,Fiction,978-0802860392,15
6020,Sult,Knut Hamsun,Penguin Classics,1890    ,Fiction,978-0141180649,9
6021,El amor en los tiempos del cólera,Gabriel García Márquez,Vintage,1985    ,Fiction,978-0307387738,12
6022,The Bell Jar,Sylvia Plath,Harper Perennial,1963    ,Fiction,978-0060837020,10
6023,Of Human Bondage,William Somerset Maugham,Penguin Classics,1915    ,Fiction,978-0140185225,13
6024,Herland,Charlotte Perkins Gilman,Penguin Classics,1915    ,Fiction,978-0140046687,18
6025,The Story of the Amulet,Edith Nesbit,Puffin,1905    ,Fiction,978-0140301168,16
6026,The Handmaid's Tale,Margaret Atwood,Anchor,1985    ,Fiction,978-0385490818,12
6027,One Flew Over the Cuckoo's Nest,Ken Kesey,Signet,1962    ,Fiction,978-0451163967,8
6028,A Room with a View,E. M. Forster,Penguin Classics,1905    ,Fiction,978-0141183299,13
6029,Мы,Евгений Иванович Замятин,Penguin Classics,1924    ,Fiction,978-0140185850,13
6030,Robin Hood,Howard Pyle,Digireads,1883    ,Fiction,978-1420931587,17
6031,The Road to Oz,L. Frank Baum,Digireads,1909    ,Fiction,978-1420934076,17
6032,The blue castle,Lucy Maud Montgomery,McClelland & Stewart,1926    ,Fiction,978-0771062636,16
6033,The Iron Heel,Jack London,Penguin Classics,1907    ,Fiction,978-0140187717,2
6034,The Importance of Being Earnest,Oscar Wilde,Dover Publications,1893    ,Fiction,978-0486264783,17
6035,Мастер и Маргарита,Михаил Афанасьевич Булгаков,Penguin Classics,1966    ,Fiction,978-0143108252,11
6036,Братья Карамазовы,Фёдор Михайлович Достоевский,Penguin Classics,1880    ,Fiction,978-0140449242,16
6037,Dracula,Bram Stoker,Penguin Classics,1897    ,Fiction,978-0141439846,19
6038,The Awakening,Kate Chopin,Dover Publications,1899    ,Fiction,978-0486277868,13
6039,La Peste,Albert Camus,Vintage,1942    ,Fiction,978-0679720218,9
6040,The Pearl,John Steinbeck,Penguin Books,1945    ,Fiction,978-0140177374,15
6041,Murder on the Links,Agatha Christie,William Morrow,1923    ,Fiction,978-0062073501,12
6042,On the Beach,Nevil Shute,Vintage,1957    ,Fiction,978-0307473974,14
6043,Northanger Abbey,Jane Austen,Penguin Classics,1818    ,Fiction,978-0141439792,6
6044,Frankenstein or The Modern Prometheus,Mary Shelley,Penguin Classics,1818    ,Fiction,978-0141439471,17
6045,Die Leiden des jungen Werthers,Johann Wolfgang von Goethe,Penguin Classics,1779    ,Fiction,978-0140445039,18
6046,Love and Freindship,Jane Austen,Penguin Classics,1995    ,Fiction,978-0140433340,16
6047,The Napoleon of Notting Hill,Gilbert Keith Chesterton,Dover Publications,1904    ,Fiction,978-0486265513,7
6048,"Under the Greenwood Tree or, The Mellstock quire",Thomas Hardy,Penguin Classics,1872    ,Fiction,978-0140431230,8
6049,Kim,Rudyard Kipling,Penguin Classics,1901    ,Fiction,978-0140432244,10
6050,Смерть Ивана Ильича,Лев Толстой,Penguin Classics,1887    ,Fiction,978-0140449617,7
6051,Jo's Boys,Louisa May Alcott,Puffin,1886    ,Fiction,978-0140366655,1
6052,When the Sleeper Awakes,H. G. Wells,Penguin Classics,1899    ,Fiction,978-0141441207,7
6053,Das Schloß,Franz Kafka,Schocken,1926    ,Fiction,978-0805210446,20
6054,Kinder- und Hausmärchen,Gebrüder Grimm [Brothers Grimm],Penguin Classics,1812    ,Fiction,978-0140449013,4
6055,Ordeal by Innocence,Agatha Christie,William Morrow,1958    ,Fiction,978-0062073716,19
6056,Works (Awakening / Beyond the Bayou / Desiree's Baby / Kiss / Locket / Ma'ame Pelagie / Pair of Silk Stockings / Reflection / Respectable Woman),Kate Chopin,Library of America,1981    ,Fiction,978-0940450837,18
6057,The Man Who Was Thursday,Gilbert Keith Chesterton,Penguin Classics,1908    ,Fiction,978-0140183887,5
6058,The food of the gods and how it came to earth,H. G. Wells,Penguin Classics,1900    ,Fiction,978-0141441313,9
6059,The Strange Case of Dr. Jekyll and Mr. Hyde,Robert Louis Stevenson,Penguin Classics,1875    ,Fiction,978-0141439730,20
6060,"Villette, a novel",Charlotte Brontë,Penguin Classics,1853    ,Fiction,978-0140434798,20
6061,Memoirs of Fanny Hill,John Cleland,Penguin Classics,1749    ,Fiction,978-0140432497,6
6062,The War of the Worlds,H. G. Wells,Penguin Classics,0    ,Fiction,978-0141441030,13
6063,The Adventures of Tom Sawyer,Mark Twain,Penguin Classics,1817    ,Fiction,978-0143039563,20
6064,The First Men in the Moon,H. G. Wells,Penguin Classics,1900    ,Fiction,978-0141441320,8
6065,Whose Body?,Dorothy L. Sayers,Harper Paperbacks,1923    ,Fiction,978-0062196187,6
6066,Black Beauty,Anna Sewell,Puffin,1877    ,Fiction,978-0141334882,7
6067,Доктор Живаго,Boris Leonidovich Pasternak,Vintage,1957    ,Fiction,978-0307390950,7
6068,Les Liaisons dangereuses,Pierre Choderlos de Laclos,Penguin Classics,1782    ,Fiction,978-0140449570,12
6069,On The Road,Jack Kerouac,Penguin Books,1957    ,Fiction,978-0140283297,14
6070,Преступление и наказание,Фёдор Михайлович Достоевский,Penguin Classics,1866    ,Fiction,978-0140449136,17
6071,Cranford,Elizabeth Cleghorn Gaskell,Penguin Classics,1853    ,Fiction,978-0141439259,13
6072,Pollyanna,Eleanor Hodgman Porter,Digireads,1912    ,Fiction,978-1420930795,13
6073,A Tale of Two Cities,Charles Dickens,Penguin Classics,1800    ,Fiction,978-0141439600,16
6074,Moby Dick,Herman Melville,Penguin Classics,1851    ,Fiction,978-0142437247,20
6075,The Jewel of Seven Stars,Bram Stoker,Penguin Classics,1902    ,Fiction,978-0141441719,18
6076,Les Trois Mousquetaires,Alexandre Dumas,Penguin Classics,1844    ,Fiction,978-0140440454,6
6077,The Age of Innocence,Edith Wharton,Penguin Classics,1920    ,Fiction,978-0140189704,18
6078,Orlando,Virginia Woolf,Harcourt,1928    ,Fiction,978-0156701600,20
6079,Wuthering Heights,Emily Brontë,Penguin Classics,1846    ,Fiction,978-0141439556,9
6080,Les Misérables,Victor Hugo,Penguin Classics,1862    ,Fiction,978-0140444308,5
6081,Hallowe'en Party,Agatha Christie,William Morrow,1969    ,Fiction,978-0062073686,3
6082,The Last Man,Mary Shelley,Penguin Classics,1826    ,Fiction,978-0140433845,1
6083,Uncle Tom's Cabin,Harriet Beecher Stowe,Penguin Classics,1850    ,Fiction,978-0140390032,5
6084,The Hobbit,J.R.R. Tolkien,Mariner Books,1937    ,Fiction,978-0547928226,4
6085,The Mirror Crack'd from Side to Side,Agatha Christie,William Morrow,1960    ,Fiction,978-0062073662,9
6086,The Last of the Mohicans,James Fenimore Cooper,Penguin Classics,1826    ,Fiction,978-0140390247,7
6087,The Complete Life and Adventures of Santa Claus,L. Frank Baum,Digireads,1902    ,Fiction,978-1420933727,10
6088,Genji monogatari,Murasaki Shikibu,Penguin Classics,1900    ,Fiction,978-0142437148,1
6089,The Red Pony,John Steinbeck,Penguin Books,1933    ,Fiction,978-0140177367,4
6090,Decamerone,Giovanni Boccaccio,Penguin Classics,1516    ,Fiction,978-0140449303,14
6091,Анна Каренина,Лев Толстой,Penguin Classics,1876    ,Fiction,978-0143035008,4
6092,Vingt mille lieues sous les mers,Jules Verne,Puffin,1870    ,Fiction,978-0141329499,5
6093,La casa de los espíritus,Isabel Allende,Vintage Español,1982    ,Fiction,978-1400032167,4
6094,Animal Farm,George Orwell,Signet,1945    ,Fiction,978-0451526342,5
6095,A Princess of Mars,Edgar Rice Burroughs,Penguin Classics,1917    ,Fiction,978-0143105602,12
6096,White Fang,Jack London,Penguin Classics,1905    ,Fiction,978-0140620924,14
6097,A Connecticut Yankee in King Arthur's Court,Mark Twain,Penguin Classics,1889    ,Fiction,978-0140430165,11
6098,Good wives,Louisa May Alcott,Puffin,1870    ,Fiction,978-0141323381,8
6099,The Pickwick Papers,Charles Dickens,Penguin Classics,1800    ,Fiction,978-0140436112,17
6100,Oliver Twist,Charles Dickens,Penguin Classics,1822    ,Fiction,978-0141439747,1
6101,Sense and Sensibility,Jane Austen,Penguin Classics,1811    ,Fiction,978-0141439662,14
6102,O Alquimista,Paulo Coelho,HarperOne,1988    ,Fiction,978-0062315007,5
6103,The Invisible Man,H. G. Wells,Penguin Classics,0    ,Fiction,978-0141439983,3
6104,The Riddle of the Sands,Erskine Childers,Penguin Classics,1903    ,Fiction,978-0141181592,2
6105,Xi you ji,Wu Cheng'en,Penguin Classics,1900    ,Fiction,978-0140444346,11
6106,Der Zauberberg,Thomas Mann,Everyman's Library,1924    ,Fiction,978-1400079155,18
6107,The Jungle,Upton Sinclair,Penguin Classics,1707    ,Fiction,978-0140390476,7
6108,The House of the Seven Gables,Nathaniel Hawthorne,Penguin Classics,1851    ,Fiction,978-0140390056,11
6109,The Castle of Otranto,Horace Walpole,Penguin Classics,1764    ,Fiction,978-0140437676,4
6110,Don Quijote de la Mancha,Miguel de Cervantes Saavedra,Ecco,1600    ,Fiction,978-0060934347,17
6111,The Prince and the Pauper,Mark Twain,Penguin Classics,1881    ,Fiction,978-0140436129,15
6112,An American Tragedy,Theodore Dreiser,Signet,1900    ,Fiction,978-0451531551,4
6113,The Railway Children,Edith Nesbit,Puffin,1900    ,Fiction,978-0141321608,11
6114,Women in Love,D. H. Lawrence,Penguin Classics,1877    ,Fiction,978-0141441542,17
6115,La Chute,Albert Camus,Vintage,1917    ,Fiction,978-0679720225,16
6116,After the Funeral,Agatha Christie,William Morrow,1953    ,Fiction,978-0062073860,19
6117,Mrs. Dalloway,Virginia Woolf,Harcourt,1925    ,Fiction,978-0156628709,2
6118,Heart of Darkness,Joseph Conrad,Penguin Classics,1899    ,Fiction,978-0141441672,14
6119,The Picture of Dorian Gray,Oscar Wilde,Penguin Classics,1890    ,Fiction,978-0141439570,8
6120,Anne of Avonlea,Lucy Maud Montgomery,Bantam,1909    ,Fiction,978-0553213140,6
6121,Jane Eyre,Charlotte Brontë,Penguin Classics,1847    ,Fiction,978-0141441146,16
6122,Cien años de soledad,Gabriel García Márquez,Vintage Español,1967    ,Fiction,978-0307389732,18
6123,Anne of Green Gables,Lucy Maud Montgomery,Puffin,1908    ,Fiction,978-0141321592,10
6124,À rebours,Joris-Karl Huysmans,Penguin Classics,1884    ,Fiction,978-0140447637,10
6125,Slaughterhouse-Five,Kurt Vonnegut,Dial Press,1968    ,Fiction,978-0385333849,13
6126,My Ántonia,Willa Cather,Mariner Books,1818    ,Fiction,978-0395755143,11
6127,Ivanhoe,Sir Walter Scott,Penguin Classics,1800    ,Fiction,978-0140436587,9
6128,Three Men in a Boat (to say nothing of the dog),Jerome Klapka Jérôme,Penguin Classics,1889    ,Fiction,978-0140621334,2
6129,Tik-Tok of Oz,L. Frank Baum,Digireads,1914    ,Fiction,978-1420932027,8
6130,The Hollow,Agatha Christie,William Morrow,1946    ,Fiction,978-0062073815,20
6131,The Man in the Brown Suit,Agatha Christie,William Morrow,1924    ,Fiction,978-0062073853,9
6132,The Secret Adversary,Agatha Christie,William Morrow,1922    ,Fiction,978-0062073792,19
6133,The Great Gatsby,F. Scott Fitzgerald,Scribner,1920    ,Fiction,978-0743273565,13
6134,The Mysterious Affair at Styles,Agatha Christie,Penguin Classics,1920    ,Fiction,978-0141441498,12
6135,The Grapes of Wrath,John Steinbeck,Penguin Classics,1939    ,Fiction,978-0143039433,13
6136,Far From the Madding Crowd,Thomas Hardy,Penguin Classics,1874    ,Fiction,978-0141439655,1
6137,The Silmarillion,J.R.R. Tolkien,Mariner Books,1977    ,Fiction,978-0544338012,14
6138,The Secret of Chimneys,Agatha Christie,William Morrow,1925    ,Fiction,978-0062073532,19
6139,The Old Curiosity Shop,Charles Dickens,Penguin Classics,1800    ,Fiction,978-0140437348,1
6140,Ulysses,James Joyce,Vintage,1914    ,Fiction,978-0679722762,19
6141,The Secret Agent,Joseph Conrad,Penguin Classics,1907    ,Fiction,978-0141180182,4
6142,4:50 from Paddington,Agatha Christie,William Morrow,1957    ,Fiction,978-0062073655,7
6143,Murder in Mesopotamia,Agatha Christie,William Morrow,1936    ,Fiction,978-0062073754,16
6144,Kidnapped,Robert Louis Stevenson,Penguin Classics,1886    ,Fiction,978-0141441061,6
6145,Flatland,Edwin Abbott Abbott,Penguin Classics,1884    ,Fiction,978-0140435313,8
6146,His Last Bow [8 stories],Arthur Conan Doyle,Dover Publications,1917    ,Fiction,978-0486422176,8
6147,The Wind in the Willows,Kenneth Grahame,Penguin Classics,1908    ,Fiction,978-0143039044,8
6148,Im Westen nichts Neues,Erich Maria Remarque,Ballantine,1928    ,Fiction,978-0449213902,20
6149,Howards End,E. M. Forster,Penguin Classics,1910    ,Fiction,978-0141183350,6
6150,The Good Earth,Pearl S. Buck,Washington Sq.,1931    ,Fiction,978-1416500353,1
6151,Our Mutual Friend,Charles Dickens,Penguin Classics,1800    ,Fiction,978-0140434972,3
6152,Through the Looking-Glass,Lewis Carroll,Penguin Classics,1865    ,Fiction,978-0141439761,3
6153,The Great God Pan,Arthur Machen,Echo Library,1894    ,Fiction,978-1406830538,7
6154,Peter Pan,J. M. Barrie,Puffin,1911    ,Fiction,978-0141322575,19
6155,Middlemarch,George Eliot,Penguin Classics,1871    ,Fiction,978-0141439549,3
6156,Casino Royale,Ian Fleming,Thomas & Mercer,1953    ,Fiction,978-1612185439,14
6157,The Story of Doctor Dolittle,Hugh Lofting,Puffin,1920    ,Fiction,978-0141324708,15
6158,At Bertram's Hotel,Agatha Christie,William Morrow,1965    ,Fiction,978-0062073808,17
6159,The Sign of Four,Arthur Conan Doyle,Penguin Classics,1889    ,Fiction,978-0141439037,13
6160,This Side of Paradise,F. Scott Fitzgerald,Scribner,1920    ,Fiction,978-0684843789,18
6161,They Do It with Mirrors,Agatha Christie,William Morrow,1952    ,Fiction,978-0062073846,14
6162,The Beautiful and Damned,F. Scott Fitzgerald,Scribner,1920    ,Fiction,978-0684801551,20
6163,The Last Battle,C. S. Lewis,HarperCollins,1956    ,Fiction,978-0064405058,2
6164,Alice's Adventures in Wonderland / Through the Looking Glass,Lewis Carroll,Penguin Classics,1889    ,Fiction,978-0141439761,20
6165,Finnegans Wake,James Joyce,Penguin Classics,1928    ,Fiction,978-0141181264,11
6166,Goodnight Moon,Margaret Wise Brown,HarperCollins,1947    ,Fiction,978-0060775858,14
6167,Daisy Miller,Henry James,Penguin Classics,1877    ,Fiction,978-0141441344,18
6168,The Horse and His Boy,C. S. Lewis,HarperCollins,1954    ,Fiction,978-0064405010,7
6169,The Secret Garden,Frances Hodgson Burnett,Puffin,1911    ,Fiction,978-0141321066,2
6170,The Sun Also Rises,Ernest Hemingway,Scribner,1926    ,Fiction,978-0684800714,8
6171,R.U.R. and The insect play,Karel Čapek,Oxford Univ. Press,1920    ,Fiction,978-0192810106,13
6172,Twilight,Stephenie Meyer,"Little, Brown",2005    ,Fiction,978-0316015844,6
6173,Der Proceß,Franz Kafka,Schocken,1825    ,Fiction,978-0805210408,10
6174,Lord Edgware Dies,Agatha Christie,William Morrow,1933    ,Fiction,978-0062073914,10
6175,Murder on the Orient Express,Agatha Christie,William Morrow,1933    ,Fiction,978-0062073556,7
6176,The Mystery of the Blue Train,Agatha Christie,William Morrow,1928    ,Fiction,978-0062073907,15
6177,Little men,Louisa May Alcott,Puffin,1885    ,Fiction,978-0140366686,4
6178,The Pillars of the Earth,Ken Follett,Signet,1989    ,Fiction,978-0451166890,14
6179,The Ugly Duckling,Hans Christian Andersen,Puffin,1851    ,Fiction,978-0698117570,1
6180,2001,Arthur C. Clarke,Roc,1968    ,Fiction,978-0451457997,3
6181,Sparkling Cyanide,Agatha Christie,William Morrow,1945    ,Fiction,978-0062073822,12
6182,The Woman in White,Wilkie Collins,Penguin Classics,1860    ,Fiction,978-0141439501,12
6183,Игрокъ,Фёдор Михайлович Достоевский,Penguin Classics,1900    ,Fiction,978-0140442465,10
6184,The Wonderful Wizard of Oz,L. Frank Baum,Puffin,1899    ,Fiction,978-0141321028,20
6185,Matilda,Roald Dahl,Puffin,1988    ,Fiction,978-0142410370,6
6186,Memórias póstumas de Brás Cubas,Machado de Assis,Penguin Classics,1881    ,Fiction,978-0143103097,5
6187,Nemesis,Agatha Christie,William Morrow,1970    ,Fiction,978-0062073891,3
6188,Bleak House,Charles Dickens,Penguin Classics,1850    ,Fiction,978-0141439723,9
6189,The Norton Anthology of English Literature,M. H. Abrams,W. W. Norton,1962    ,Fiction,978-0393912470,1
6190,The Witches,Roald Dahl,Puffin,1983    ,Fiction,978-0142410110,18
6191,Le Morte d'Arthur,Thomas Malory,Penguin Classics,1557    ,Fiction,978-0140431018,14
6192,To the Lighthouse,Virginia Woolf,Harcourt,1927    ,Fiction,978-0156907392,8
6193,Demian,Hermann Hesse,Penguin Classics,1919    ,Fiction,978-0143105480,8
6194,Appointment with Death,Agatha Christie,William Morrow,1938    ,Fiction,978-0062073938,8
6195,The Hunchback of Notre Dame,Victor Hugo,Penguin Classics,1831    ,Fiction,978-0140443530,12
6196,Brood of the Witch-Queen,Sax Rohmer,Echo Library,1924    ,Fiction,978-1406830545,17
6197,The Innocence of Father Brown (Father Brown Mystery),Gilbert Keith Chesterton,Penguin Classics,1583    ,Fiction,978-0140183849,19
6198,Lord of the Flies,William Golding,Perigee,1954    ,Fiction,978-0399501487,7
6199,Lady Susan,Jane Austen,Penguin Classics,1925    ,Fiction,978-0141439587,11
6200,The Jungle Book,Rudyard Kipling,Puffin,1893    ,Fiction,978-0141325293,18
6201,The Murder of Roger Ackroyd,Agatha Christie,William Morrow,1926    ,Fiction,978-0062073556,5
6202,Le petit prince,Antoine de Saint-Exupéry,Mariner Books,1943    ,Fiction,978-0156012195,15
6203,She,H. Rider Haggard,Penguin Classics,1886    ,Fiction,978-0140437638,17
6204,Siddhartha,Hermann Hesse,Penguin Classics,1922    ,Fiction,978-0142437186,16
6205,Babbitt,Sinclair Lewis,Penguin Classics,1922    ,Fiction,978-0140189025,14
6206,Vanity Fair,William Makepeace Thackeray,Penguin Classics,1800    ,Fiction,978-0141439839,11
6207,Crooked House,Agatha Christie,William Morrow,1949    ,Fiction,978-0062073549,13
6208,A Portrait of the Artist as a Young Man,James Joyce,Penguin Classics,1818    ,Fiction,978-0142437346,6
6209,Emily of New Moon,Lucy Maud Montgomery,McClelland & Stewart,1923    ,Fiction,978-0771063329,5
6210,Emma,Jane Austen,Penguin Classics,1815    ,Fiction,978-0141439587,5
6211,Heidi,"Spyri, Johanna",Puffin,1885    ,Fiction,978-0141322568,20
6212,The Lost World,Arthur Conan Doyle,Penguin Classics,1900    ,Fiction,978-0140437072,9
6213,El Conde de Montecristo,Alexandre Dumas,Penguin Classics,1830    ,Fiction,978-0140449204,6
6214,Treasure Island,Robert Louis Stevenson,Puffin,1880    ,Fiction,978-0141321004,2
6215,Lilith,George MacDonald,Eerdmans,1895    ,Fiction,978-0802860606,10
6216,The Valley of Fear,Arthur Conan Doyle,Penguin Classics,1914    ,Fiction,978-0141439068,16
6217,Voyage au Centre de la Terre,Jules Verne,Penguin Classics,1867    ,Fiction,978-0141441979,2
6218,Hercule Poirot's Christmas,Agatha Christie,William Morrow,1939    ,Fiction,978-0062073730,5
6219,The Big Four,Agatha Christie,William Morrow,1927    ,Fiction,978-0062073976,16
6220,The Enchanted Castle,Edith Nesbit,Puffin,1907    ,Fiction,978-0140366662,1
6221,Cards on the Table,Agatha Christie,William Morrow,1936    ,Fiction,978-0062073952,15
6222,Ender's Game,Orson Scott Card,Tor Books,1985    ,Fiction,978-0812550702,20
6223,The Club of Queer Trades,Gilbert Keith Chesterton,Dover Publications,1900    ,Fiction,978-0486255347,6
6224,Curtain,Agatha Christie,William Morrow,1975    ,Fiction,978-0062074034,20
6225,Of Mice and Men,John Steinbeck,Penguin Books,1937    ,Fiction,978-0140177398,5
6226,Il Paradiso,Dante Alighieri,Penguin Classics,1595    ,Fiction,978-0140444438,15
6227,"Tom Sawyer, Detective",Mark Twain,Digireads,1897    ,Fiction,978-1420935547,5
6228,Peril at End House,Agatha Christie,William Morrow,1932    ,Fiction,978-0062073587,12
6229,Five Little Pigs,Agatha Christie,William Morrow,1942    ,Fiction,978-0062073570,16
6230,Anthem,Ayn Rand,Signet,1936    ,Fiction,978-0451191137,5
6231,The Hunger Games,Suzanne Collins,Scholastic,2008    ,Fiction,978-0439023528,17
6232,David Copperfield,Charles Dickens,Penguin Classics,1800    ,Fiction,978-0140439441,4
6233,Anne of the Island,Lucy Maud Montgomery,Bantam,1826    ,Fiction,978-0553213171,7
6234,Adventures of Huckleberry Finn,Mark Twain,Penguin Classics,1876    ,Fiction,978-0143107323,5
6235,A Christmas Carol,Charles Dickens,Penguin Classics,1843    ,Fiction,978-0141439525,9
6236,Pippi Långstrump,Astrid Lindgren,Puffin,1945    ,Fiction,978-0142402498,13
6237,The Scarlet Pimpernel,Emma Orczy,Penguin Classics,1900    ,Fiction,978-0141441733,18
6238,Justine,Marquis de Sade,Oxford Classics,1900    ,Fiction,978-0199554713,10
6239,Lady Chatterley's Lover,D. H. Lawrence,Penguin Classics,1900    ,Fiction,978-0141441498,15
6240,Pride and Prejudice,Jane Austen,Penguin Classics,1813    ,Fiction,978-0141439518,7
6241,Rayuela,Julio Cortázar,Pantheon,1963    ,Fiction,978-0394752846,11
6242,The history of the great plague in London in the year 1665,Daniel Defoe,Penguin Classics,1722    ,Fiction,978-0140430158,16
6243,The Magician's Nephew,C. S. Lewis,HarperCollins,1955    ,Fiction,978-0064405058,14
6244,Der Steppenwolf,Hermann Hesse,Picador,1927    ,Fiction,978-0312278670,20
6245,The Call of the Wild,Jack London,Puffin,1903    ,Fiction,978-0141321035,9
6246,The water-babies: a fairy tale for a land-baby,Charles Kingsley,Penguin Classics,1863    ,Fiction,978-0141442181,18
6247,A Caribbean Mystery,Agatha Christie,William Morrow,1964    ,Fiction,978-0062073839,20
6248,Nineteen Eighty-Four,George Orwell,Signet,1949    ,Fiction,978-0451524935,18
6249,"One, Two, Buckle My Shoe",Agatha Christie,William Morrow,1940    ,Fiction,978-0062073990,12
6250,The Canterville Ghost,Oscar Wilde,Digireads,1887    ,Fiction,978-1420931563,13
6251,The House of Mirth,Edith Wharton,Penguin Classics,1905    ,Fiction,978-0140187298,14
6252,Rebecca,Daphne du Maurier,Avon,1938    ,Fiction,978-0380730407,12
6253,A Midsummer Night's Dream,William Shakespeare,Folger Shakespeare,1600    ,Fiction,978-0743477543,11
6254,Записки изъ подполья,Фёдор Михайлович Достоевский,Vintage,1960    ,Fiction,978-0679723165,1
6255,Sons and Lovers,D. H. Lawrence,Penguin Classics,1913    ,Fiction,978-0141441450,20
6256,Madame Bovary,Gustave Flaubert,Penguin Classics,1856    ,Fiction,978-0140449129,5
6257,Anne of Windy Poplars,Lucy Maud Montgomery,Bantam,1900    ,Fiction,978-0553213164,2
6258,King Solomon's Mines,H. Rider Haggard,Penguin Classics,1880    ,Fiction,978-0141439525,13
6259,Ethan Frome,Edith Wharton,Penguin Classics,1910    ,Fiction,978-0140187335,19
6260,Persuasion,Jane Austen,Penguin Classics,1789    ,Fiction,978-0141439914,11
6261,A Murder Is Announced,Agatha Christie,William Morrow,1950    ,Fiction,978-0062073518,13
6262,War and Peace,Лев Толстой,Penguin Classics,1864    ,Fiction,978-0140447934,11
6263,The Hound of the Baskervilles,Arthur Conan Doyle,Penguin Classics,1900    ,Fiction,978-0141439082,5
6264,The Prophet,Kahlil Gibran,Knopf,1900    ,Fiction,978-0394404288,15
6265,Just So Stories,Rudyard Kipling,Puffin,1922    ,Fiction,978-0141322742,19
6266,La père Goriot,Honoré de Balzac,Penguin Classics,1800    ,Fiction,978-0140449723,2
6267,Sleeping Murder,Agatha Christie,William Morrow,1940    ,Fiction,978-0062073969,20
6268,Death in the Clouds,Agatha Christie,William Morrow,1935    ,Fiction,978-0062073921,19
6269,50 Fifty Shades of Grey,E. L. James,Vintage Books,2000    ,Fiction,978-1612130286,2
6270,Carmilla,Sheridan Le Fanu,Penguin Classics,1871    ,Fiction,978-0141441726,6
6271,The Power of Darkness,Edith Nesbit,Echo Library,2006    ,Fiction,978-1406830576,15
6272,The Phoenix and the Carpet,Edith Nesbit,Puffin,1903    ,Fiction,978-0140301335,13
6273,Dubliners,James Joyce,Penguin Classics,1914    ,Fiction,978-0142437179,19
6274,Murder in Three Acts,Agatha Christie,William Morrow,1934    ,Fiction,978-0062073754,8
6275,The Return of the Native,Thomas Hardy,Penguin Classics,1878    ,Fiction,978-0140435184,2
6276,The Moonstone,Wilkie Collins,Penguin Classics,1800    ,Fiction,978-0140435122,8
6277,The Turn of the Screw,Henry James,Penguin Classics,1898    ,Fiction,978-0141441351,10
6278,The Scarlet Letter,Nathaniel Hawthorne,Penguin Classics,1850    ,Fiction,978-0142437261,19
6279,Evil Under the Sun,Agatha Christie,William Morrow,1941    ,Fiction,978-0062073945,8
6280,Daddy-Long-Legs,Jean Webster,Puffin,1912    ,Fiction,978-0140374520,8
6281,Brave New World,Aldous Huxley,Harper Perennial,1932    ,Fiction,978-0060850524,8
6282,Elephants Can Remember,Agatha Christie,William Morrow,1969    ,Fiction,978-0062073723,16
6283,A Little Princess,Frances Hodgson Burnett,Puffin,1905    ,Fiction,978-0141321431,1
6284,Gulliver's Travels,Jonathan Swift,Penguin Classics,1726    ,Fiction,978-0141439495,12
6285,Tess of the d'Urbervilles,Thomas Hardy,Penguin Classics,1707    ,Fiction,978-0141439594,16
6286,Shirley,Charlotte Brontë,Penguin Classics,1800    ,Fiction,978-0140434316,5
6287,The Fellowship of the Ring,J.R.R. Tolkien,Mariner Books,1954    ,Fiction,978-0547928219,1
6288,Death on the Nile,Agatha Christie,William Morrow,1937    ,Fiction,978-0062073556,17
6289,The Moving Finger,Agatha Christie,William Morrow,1942    ,Fiction,978-0062073709,13
6290,Le avventure di Pinocchio,Carlo Collodi,Puffin Classics,1883    ,Fiction,978-0141331645,18
6291,Little House in the Big Woods,Laura Ingalls Wilder,HarperCollins,1932    ,Fiction,978-0064400022,11
6292,The Hitch Hiker's Guide to the Galaxy,Douglas Adams,Del Rey,1979    ,Fiction,978-0345391803,17
6293,The Book of Dragons,Edith Nesbit,Dover Publications,1973    ,Fiction,978-0486414317,2
6294,The World Set Free,H. G. Wells,Digireads,1914    ,Fiction,978-1420935585,10
6295,Carrie,Stephen King,Anchor,1974    ,Fiction,978-0307743664,3
6296,The Pilgrim's Progress,John Bunyan,Penguin Classics,1678    ,Fiction,978-0141439716,4
6297,The A.B.C. Murders,Agatha Christie,William Morrow,1936    ,Fiction,978-0062073525,19
6298,A Room of One's Own,Virginia Woolf,Harcourt,1929    ,Fiction,978-0156787338,3
6299,"The Lion, the Witch and the Wardrobe",C. S. Lewis,HarperCollins,1950    ,Fiction,978-0064404990,7
6300,Hong lou meng,"Tsʻao, Hsüeh-chʻin.",Penguin Classics,1900    ,Fiction,978-0140443189,17
6301,"Momo oder Die seltsame Geschichte von den Zeit-Dieben und von dem Kind, das den Menschen die gestohlene Zeit zurückbrachte",Michael Ende,McLehose Press,1973    ,Fiction,978-1912417254,6
6302,A Study in Scarlet,Arthur Conan Doyle,Penguin Classics,1887    ,Fiction,978-0141439075,2
6303,Идіотъ,Фёдор Михайлович Достоевский,Penguin Classics,1880    ,Fiction,978-0140447927,18
6304,The Kite Runner,Khaled Hosseini,Riverhead Books,2003    ,Fiction,978-1594631931,11
6305,The Tale of Peter Rabbit,Beatrix Potter,Warne,1920    ,Fiction,978-0723247708,2
6306,Beloved,Toni Morrison,Vintage,1987    ,Fiction,978-1400033416,4
6307,Eva Luna,Isabel Allende,Atria Books,1987    ,Fiction,978-0743416009,1
6308,The Lightning Thief,Rick Riordan,Disney-Hyperion,2005    ,Fiction,978-0786838653,10
6309,The Return of the King,J.R.R. Tolkien,Mariner Books,1950    ,Fiction,978-0547928196,11
6310,Die Verwandlung,Franz Kafka,W. W. Norton,1915    ,Fiction,978-0393923209,4
6311,The Silver Chair,C. S. Lewis,HarperCollins,1953    ,Fiction,978-0064405041,12
6312,James and the Giant Peach,Roald Dahl,Puffin,1961    ,Fiction,978-0142410363,1
6313,The Spy Who Came in from the Cold,John le Carré,Penguin Books,1602    ,Fiction,978-0143124757,5
6314,Le Tour du Monde en Quatre-Vingts Jours,Jules Verne,Penguin Classics,1872    ,Fiction,978-0140449068,6
6315,Le fantôme de l'opéra,Gaston Leroux,Penguin Classics,1911    ,Fiction,978-0140449235,13
6316,The Two Towers,J.R.R. Tolkien,Mariner Books,1954    ,Fiction,978-0547928202,16
6317,It Can't Happen Here,Sinclair Lewis,Signet,1935    ,Fiction,978-0451465641,14
6318,Memoirs of Sherlock Holmes [11 stories],Arthur Conan Doyle,Penguin Classics,1893    ,Fiction,978-0141439051,15
6319,Little Women,Louisa May Alcott,Puffin,1848    ,Fiction,978-0147514011,19
6320,The Old Man and the Sea,Ernest Hemingway,Scribner,1952    ,Fiction,978-0684801223,17
6321,Отцы и дети,Ivan Sergeevich Turgenev,Penguin Classics,1867    ,Fiction,978-0140441475,3
6322,The Case-Book of Sherlock Holmes,Arthur Conan Doyle,Dover,1927    ,Fiction,978-0486431765,13
6323,Бѣсы,Фёдор Михайлович Достоевский,Penguin Classics,1871    ,Fiction,978-0140449518,18
6324,Hard Times,Charles Dickens,Penguin Classics,1854    ,Fiction,978-0141439679,16
6325,Great Expectations,Charles Dickens,Penguin Classics,1861    ,Fiction,978-0141439518,2
6326,The Twits,Roald Dahl,Puffin,1967    ,Fiction,978-0142410394,3
6327,Harry Potter and the Philosopher's Stone,J. K. Rowling,Scholastic,1900    ,Fiction,978-0439064873,20
6328,Le rouge et le noir,Stendhal,Penguin Classics,1830    ,Fiction,978-0140447644,8
6329,Fahrenheit 451,Ray Bradbury,Simon & Schuster,1953    ,Fiction,978-1451673319,7
6330,We're Going on a Bear Hunt,Michael Rosen,Little Simon,1746    ,Fiction,978-0689815812,16
6331,Fantastic Mr Fox,Roald Dahl,Puffin,1970    ,Fiction,978-0142410349,3
6332,The Godfather,Mario Puzo,Signet,1969    ,Fiction,978-0451205766,20
6333,The Catcher in the Rye,J. D. Salinger,"Little, Brown",1945    ,Fiction,978-0316769488,7
6334,Lord Jim,Joseph Conrad,Penguin Classics,1900    ,Fiction,978-0141441610,1
6335,And Then There Were None,Agatha Christie,William Morrow,1939    ,Fiction,978-0062073488,9
6336,The Adventures of Sherlock Holmes [12 stories],Arthur Conan Doyle,Penguin Classics,1892    ,Fiction,978-0141439518,3
6337,Jude the Obscure,Thomas Hardy,Penguin Classics,1895    ,Fiction,978-0140435382,11
6338,Charlie and the Chocolate Factory,Roald Dahl,Puffin,1964    ,Fiction,978-0142410318,2
6339,Poirot investigates,Agatha Christie,William Morrow,1924    ,Fiction,978-0062073983,10
6340,To Kill a Mockingbird,Harper Lee,Harper Perennial,1960    ,Fiction,978-0060935467,15
6341,"The Complete Sherlock Holmes [4 novels, 56 stories]",Arthur Conan Doyle,Bantam Classics,1900    ,Fiction,978-0553328257,20
6342,The Island of Dr. Moreau,H. G. Wells,Penguin Classics,1896    ,Fiction,978-0141441023,2
6343,The Murders in the Rue Morgue,Edgar Allan Poe,Penguin Classics,1841    ,Fiction,978-0140437546,19
6344,A Wonder Book for Girls and Boys,Nathaniel Hawthorne,Digireads,1851    ,Fiction,978-1420935530,16
6345,Harry Potter and the Chamber of Secrets,J. K. Rowling,Scholastic,1998    ,Fiction,978-0439785969,10
6346,The Big Sleep,Raymond Chandler,Vintage,1939    ,Fiction,978-0394758282,3
6347,Alice's Adventures in Wonderland,Lewis Carroll,Penguin Classics,1865    ,Fiction,978-0141439761,8
6348,Cyrano de Bergerac,Edmond Rostand,Signet,1821    ,Fiction,978-0451525413,15
6349,De la terre à la lune,Jules Verne,Digireads,1865    ,Fiction,978-1420935592,17
6350,Inferno,Dante Alighieri,Penguin Classics,1767    ,Fiction,978-0141197494,1
6351,The Thirty-Nine Steps,John Buchan,Penguin Classics,1915    ,Fiction,978-0141441177,17
6352,For Whom the Bell Tolls,Ernest Hemingway,Scribner,1940    ,Fiction,978-0684803357,5
6353,Winnie-the-Pooh,A. A. Milne,Puffin,1925    ,Fiction,978-0140361216,10
6354,Charlotte's Web,E. B. White,HarperCollins,1952    ,Fiction,978-0061124952,13
6355,Catch-22,Joseph Heller,Simon & Schuster,1961    ,Fiction,978-1451626650,10
6356,The Martian Chronicles,Ray Bradbury,Simon & Schuster,1950    ,Fiction,978-1451678192,16
6357,The BFG,Roald Dahl,Puffin,1980    ,Fiction,978-0142410387,17
6358,Lust for Life,Irving Stone,Plume,1934    ,Fiction,978-0452262492,15
6359,Charlie and the Great Glass Elevator,Roald Dahl,Puffin,1972    ,Fiction,978-0142410325,13
6360,The Daughter of Time,Josephine Tey,Scribner,1951    ,Fiction,978-0684803869,20
6361,The Body in the Library,Agatha Christie,William Morrow,1942    ,Fiction,978-0062073624,7
6362,Bambi,Felix Salten,Aladdin,1923    ,Fiction,978-1442467453,8
6363,Ἰλιάς,Όμηρος,Penguin Classics,1505    ,Fiction,978-0140445923,4
6364,Five Children and It,Edith Nesbit,Puffin,1905    ,Fiction,978-0140366679,3
6365,कामसूत्र,Vatsyāyana,Oxford Classics,1883    ,Fiction,978-0199539161,5
6366,Prince Caspian,C. S. Lewis,HarperCollins,1951    ,Fiction,978-0064405003,18
6367,El túnel,Ernesto Sabato,Penguin Classics,1948    ,Fiction,978-0141185255,8
6368,The most dangerous game,Richard Connell,Digireads,1990    ,Fiction,978-1420952025,2
6369,The Man Who Knew Too Much,Gilbert Keith Chesterton,Dover,1922    ,Fiction,978-0486431796,7
6370,Sonnenfinsternis,Arthur Koestler,Scribner,1940    ,Fiction,978-1501161315,9
6371,Harry Potter and the Prisoner of Azkaban,J. K. Rowling,Scholastic,1999    ,Fiction,978-0439136365,7
6372,The Fall of the House of Usher,Edgar Allan Poe,Penguin Classics,1839    ,Fiction,978-0141439815,1
6373,Bridge to Terabithia,Katherine Paterson,HarperCollins,1972    ,Fiction,978-0064401845,3
6374,The Lord of the Rings,J.R.R. Tolkien,Mariner Books,1954    ,Fiction,978-0544003415,18
6375,The Red Badge of Courage,Stephen Crane,Penguin Classics,1855    ,Fiction,978-0140390445,9
6376,Harry Potter and the Goblet of Fire,J. K. Rowling,Scholastic,2000    ,Fiction,978-0439358071,17
6377,The princess and the goblin,George MacDonald,Puffin,1907    ,Fiction,978-0141332482,20
6378,Harry Potter and the Deathly Hallows,J. K. Rowling,Scholastic,2007    ,Fiction,978-0545010221,4
6379,Candide,Voltaire,Penguin Classics,1746    ,Fiction,978-0140440041,2
6380,Breakfast at Tiffany's,Truman Capote,Vintage,1956    ,Fiction,978-0679745655,1
6381,Perfume,Patrick Süskind,Vintage,1985    ,Fiction,978-0375725845,12
6382,Salomé,Oscar Wilde,Dover,1893    ,Fiction,978-0486218304,13
6383,A Clockwork Orange,Anthony Burgess,W. W. Norton,1962    ,Fiction,978-0393312836,4
6384,The Curious Incident of the Dog in the Night-Time,Mark Haddon,Vintage,2002    ,Fiction,978-1400032716,3
6385,Schachnovelle,Stefan Zweig,Alma Classics,1943    ,Fiction,978-1847496669,18
6386,The Razor's Edge,William Somerset Maugham,Vintage Classics,1944    ,Fiction,978-0099284857,15
6387,Harry Potter and the Order of the Phoenix,J. K. Rowling,Scholastic,2003    ,Fiction,978-0439139601,15
6388,Catching Fire,Suzanne Collins,Scholastic,2009    ,Fiction,978-0439023498,13
6389,Guess How Much I Love You,Sam McBratney,Candlewick,1994    ,Fiction,978-0763642648,14
6390,Northern Lights,Philip Pullman,Scholastic,1995    ,Fiction,978-0590660549,3
6391,Anne's House of Dreams,Lucy Maud Montgomery,Bantam,1917    ,Fiction,978-0553213188,10
6392,"Ramayana, a Holy Bible of India",Vālmīki,Penguin Classics,1823    ,Fiction,978-0143101635,7
6393,A Farewell to Arms,Ernest Hemingway,Scribner,1929    ,Fiction,978-0684801469,7
6394,Pedro Páramo,Juan Rulfo,Grove Press,1955    ,Fiction,978-0802133908,20
6395,King Lear,William Shakespeare,Folger Shakespeare,1608    ,Fiction,978-0743482769,8
6396,Lolita,Vladimir Nabokov,Vintage,1777    ,Fiction,978-0679723165,15
6397,Utopia,Thomas More,Penguin Classics,1518    ,Fiction,978-0140449105,5
6398,The Return of Sherlock Holmes,Arthur Conan Doyle,Penguin Classics,1903    ,Fiction,978-0141439471,18
6399,Abridgment of Murray's English Grammar,Lindley Murray,Nabu Press,1800    ,Fiction,978-1171449331,20
6400,The Lost Symbol,Dan Brown,Doubleday,2009    ,Fiction,978-0385504225,4
6401,The Night Before Christmas,Clement Clarke Moore,Little Golden Books,1857    ,Fiction,978-0375812026,19
6402,The Alhambra,Washington Irving,Digireads,1800    ,Fiction,978-1420934144,2
6403,Mémoires d'Hadrien,Marguerite Yourcenar,FSG Classics,1951    ,Fiction,978-0374529260,7
6404,The Da Vinci Code,Dan Brown,Anchor,2003    ,Fiction,978-0307474278,5
6405,Where the Wild Things Are,Maurice Sendak,HarperCollins,1963    ,Fiction,978-0060254926,18
6406,The Canterbury Tales,Geoffrey Chaucer,Penguin Classics,1478    ,Fiction,978-0140424386,18
6407,Il nome della rosa,Umberto Eco,Mariner Books,1980    ,Fiction,978-0544176560,2
6408,Ozma of Oz,L. Frank Baum,Dover Publications,1907    ,Fiction,978-0486259055,19
6409,Diary of a Wimpy Kid,Jeff Kinney,Amulet Books,2002    ,Fiction,978-0810993136,10
6410,Hamlet,William Shakespeare,Folger Shakespeare,1603    ,Fiction,978-0743477123,7
6411,The Book Thief,Markus Zusak,Knopf,1998    ,Fiction,978-0375842207,4
6412,The Voyage of the Dawn Treader,C. S. Lewis,HarperCollins,1952    ,Fiction,978-0064405027,10
6413,Meditations,Marcus Aurelius,Penguin Classics,1626    ,Fiction,978-0140449334,5
6414,Angels & Demons,Dan Brown,Anchor,2000    ,Fiction,978-0307474261,20
6415,Harry Potter and the Half-Blood Prince,J. K. Rowling,Scholastic,2005    ,Fiction,978-0590353427,8
6416,'Salem’s Lot,Stephen King,Anchor,1975    ,Fiction,978-0307743671,20
6417,East of Eden,John Steinbeck,Penguin Books,1952    ,Fiction,978-0142000663,11
6418,In Cold Blood,Truman Capote,Vintage,1965    ,Fiction,978-0679745587,2
6419,Gone With the Wind,Margaret Mitchell,Scribner,1936    ,Fiction,978-1451635621,13
6420,A Game of Thrones,George R. R. Martin,Bantam,1996    ,Fiction,978-0553593716,19
6421,Down and Out in Paris and London,George Orwell,Mariner Books,1933    ,Fiction,978-0156262248,5
6422,Age of fable,Thomas Bulfinch,Signet,1800    ,Fiction,978-0451532053,3
6423,Macbeth,William Shakespeare,Folger Shakespeare,1508    ,Fiction,978-0743477109,9
6424,"Works [37 plays, 6 poems, sonnets]",William Shakespeare,Cambridge Univ.,1730    ,Fiction,978-1107619449,20
6425,Tarzan of the Apes,Edgar Rice Burroughs,Penguin Classics,1912    ,Fiction,978-0140184648,15
6426,Life of Pi,Yann Martel,Mariner Books,2000    ,Fiction,978-0156027328,7
6427,Little House on the Prairie,Laura Ingalls Wilder,HarperCollins,1935    ,Fiction,978-0064400015,16
6428,Much Ado About Nothing,William Shakespeare,Folger Shakespeare,1600    ,Fiction,978-0743482752,20
6429,Les Contes de ma mère l'Oye,Charles Perrault,Penguin Classics,1675    ,Fiction,978-0140442328,4
6430,A Wrinkle in Time,Madeleine L'Engle,Square Fish,1962    ,Fiction,978-0312367541,19
6431,Hans Andersen's Fairy Tales,Hans Christian Andersen,Puffin Classics,1846    ,Fiction,978-0141329017,18
6432,Ὀδύσσεια,Όμηρος,Penguin Classics,1488    ,Fiction,978-0140268867,1
6433,Twelfth Night,William Shakespeare,Folger Shakespeare,1734    ,Fiction,978-0743482776,2
6434,The Very Hungry Caterpillar,Eric Carle,Philomel Books,1969    ,Fiction,978-0399226908,2
6435,Julius Caesar,William Shakespeare,Folger Shakespeare,1656    ,Fiction,978-0743482745,9
6436,The Subtle Knife,Philip Pullman,Knopf,1997    ,Fiction,978-0375823466,1
6437,American notes,Charles Dickens,Penguin Classics,1800    ,Fiction,978-0140436495,11
6438,The Tempest,William Shakespeare,Folger Shakespeare,1611    ,Fiction,978-0743482837,5
6439,The book of the damned,Charles Fort,Wordsworth,1919    ,Fiction,978-1840224214,12
6440,The golden bough,James George Frazer,Harper Perennial,1890    ,Fiction,978-0061582486,1
6441,Gitanjali (song offerings),Rabindranath Tagore,CreateSpace,1910    ,Fiction,978-1503046771,15
6442,Romeo and Juliet,William Shakespeare,Folger Shakespeare,1597    ,Fiction,978-0743477116,9
6443,Les confessions,Jean-Jacques Rousseau,Penguin Classics,1782    ,Fiction,978-0140440331,19
6444,Heinemann Mathematics,Scottish Primary Mathematics Group,Heinemann,1983    ,Fiction,978-0858592650,9
6445,La Divina Commedia,Dante Alighieri,Penguin Classics,1472    ,Fiction,978-0140448955,11
6446,Life on the Mississippi,Mark Twain,Penguin Classics,1883    ,Fiction,978-0140430622,17
6447,The Color Purple,Alice Walker,Mariner Books,1976    ,Fiction,978-0156028356,17
6448,Misery,Stephen King,Pocket Books,1978    ,Fiction,978-1501156748,8
6449,Metamorphoses,Ovid,Penguin Classics,1479    ,Fiction,978-0140447897,11
6450,Essais,"Montaigne, Michel de",Penguin Classics,1600    ,Fiction,978-0140446043,18
6451,The Merchant of Venice,William Shakespeare,Folger Shakespeare,1600    ,Fiction,978-0743477567,20
6452,Leaves of Grass,Walt Whitman,Penguin Classics,1855    ,Fiction,978-0140421996,4
6453,Faerie queene,Edmund Spenser,Penguin Classics,1590    ,Fiction,978-0140422078,6
6454,Essays,Francis Bacon,Penguin Classics,1618    ,Fiction,978-0140432169,13
6455,All's Well That Ends Well,William Shakespeare,Folger Shakespeare,1734    ,Fiction,978-0743484961,20
6456,John Donne Poetry,John Donne,W. W. Norton,1633    ,Fiction,978-0393926484,3
6457,Walden,Henry David Thoreau,Penguin Classics,1854    ,Fiction,978-0140390445,13
6458,Plays (36),William Shakespeare,W. W. Norton,1623    ,Fiction,978-0393926309,5
6459,Ἀπολογία Σωκράτους,Πλάτων,Penguin Classics,1675    ,Fiction,978-0140449273,20
6460,King Henry V,William Shakespeare,Folger Shakespeare,1600    ,Fiction,978-0743485043,15
6461,Fairy Tales and Stories,Hans Christian Andersen,Canterbury Classics,1850    ,Fiction,978-1607107330,16
6462,"The Alchemist, 1612",Ben Jonson,Methuen Drama,1612    ,Fiction,978-1408104040,14
6463,Moralia,Plutarch,Loeb Classics,1500    ,Fiction,978-0674992177,4
6464,A Doll's House,Henrik Ibsen,Dover Thrift,1889    ,Fiction,978-0486270623,4
6465,The Gruffalo,Julia Donaldson,Puffin Books,1999    ,Fiction,978-0142403877,1
6466,Tao te Ching,老子,Penguin Classics,1842    ,Fiction,978-0140441314,12
6467,Confessions,Augustine of Hippo,Penguin Classics,1482    ,Fiction,978-0140441147,16
6468,Faust,Johann Wolfgang von Goethe,Penguin Classics,1800    ,Fiction,978-0140449013,8
6469,Othello,William Shakespeare,Folger Shakespeare,1622    ,Fiction,978-0743477550,13
6470,The Book of Tea,Okakura Kakuzō,Dover Publications,1900    ,Fiction,978-0486200705,7
6471,Third Girl,Agatha Christie,William Morrow,1966    ,Fiction,978-0062073778,15
6472,The Prince,Niccolò Machiavelli,Penguin Classics,1515    ,Fiction,978-0140449150,9
6473,Poetics,Aristotle,Penguin Classics,1536    ,Fiction,978-0140446364,14
6474,Der Antichrist,Friedrich Nietzsche,Penguin Classics,1895    ,Fiction,978-0140445145,16
6475,Οἰδίπους Τύραννος (Oidípous Týrannos),Sophocles,Penguin Classics,1715    ,Fiction,978-0140444339,17
6476,The pursuit of God,A. W. Tozer,Wingspread,1897    ,Fiction,978-1600661068,19
6477,De rerum natura,Titus Lucretius Carus,Penguin Classics,1486    ,Fiction,978-0140446104,19
6478,Aeneis,Publius Vergilius Maro,Penguin Classics,1710    ,Fiction,978-0144445104,5
6479,Psychopathia sexualis,Richard von Krafft-Ebing,Wordsworth,1886    ,Fiction,978-1853266201,5
6480,The Devil's Dictionary,Ambrose Bierce,Oxford Classics,1840    ,Fiction,978-0199538089,6
6481,Meghadūta,Kālidāsa,Penguin Classics,1813    ,Fiction,978-0140441468,4
6482,Antony and Cleopatra,William Shakespeare,Folger Shakespeare,1734    ,Fiction,978-0743482813,10
6483,Les fleurs du mal,Charles Baudelaire,Oxford Classics,1855    ,Fiction,978-0199535583,15
6484,On the origin of species by means of natural selection,Charles Darwin,Penguin Classics,1859    ,Fiction,978-0140432053,17
6485,Also sprach Zarathustra,Friedrich Nietzsche,Penguin Classics,1883    ,Fiction,978-0140441185,2
6486,The Souls of Black Folk,W. E. B. Du Bois,Signet Classics,1903    ,Fiction,978-0451523334,5
6487,As You Like It,William Shakespeare,Folger Shakespeare,1734    ,Fiction,978-0743477529,19
6488,Het Achterhuis,Anne Frank,Bantam,1944    ,Fiction,978-0553296983,12
6489,Imitation of Christ,Thomas à Kempis,Penguin Classics,1568    ,Fiction,978-0140440270,3
6490,Veinte poemas de amor y una canción desesperada,Pablo Neruda,Penguin Classics,1924    ,Fiction,978-0143039648,4
6491,Terre des hommes,Antoine de Saint-Exupéry,Harcourt,1936    ,Fiction,978-0156907873,17
6492,Paradise Lost,John Milton,Penguin Classics,1667    ,Fiction,978-0140424393,4
6493,An autobiography,Mohandas Karamchand Gandhi,Beacon Press,1927    ,Fiction,978-0807059098,5
6494,Incidents in the Life of a Slave Girl,Harriet A. Jacobs,Dover Thrift,1861    ,Fiction,978-0486419312,5
6495,πολιτεία,Πλάτων,Penguin Classics,1554    ,Fiction,978-0140449143,11
6496,The Poems of Emily Dickinson Volume II,Emily Dickinson,Belknap Press,1890    ,Fiction,978-0674018013,20
6497,Common Sense,Thomas Paine,Penguin Classics,1776    ,Fiction,978-0140390162,1
6498,Winter's Tale,William Shakespeare,Folger Shakespeare,1735    ,Fiction,978-0743482844,15
6499,Poems,William Wordsworth,Penguin Classics,1807    ,Fiction,978-0140424515,16
6500,A  child's garden of verses,Robert Louis Stevenson,Puffin Classics,1885    ,Fiction,978-0141325149,19
6501,As a man thinketh,James Allen,CreateSpace,1902    ,Fiction,978-1503055360,16
6502,History,Herodotus,Penguin Classics,1494    ,Fiction,978-0140449082,20
6503,George's Marvelous Medicine,Roald Dahl,Puffin Books,1981    ,Fiction,978-0142410356,5
6504,The Art of War,孙武,Penguin Classics,1900    ,Fiction,978-0140447330,4
6505,Pensées,Blaise Pascal,Penguin Classics,1670    ,Fiction,978-0140446456,9
6506,A Vindication of Rights of Woman,Mary Wollstonecraft,Penguin Classics,1792    ,Fiction,978-0140440850,6
6507,The Taming of the Shrew,William Shakespeare,Folger Shakespeare,1631    ,Fiction,978-0743477574,18
6508,Orthodoxy,Gilbert Keith Chesterton,Merchant Books,1874    ,Fiction,978-1603865425,10
6509,The Wealth of Nations,Adam Smith,Penguin Classics,1776    ,Fiction,978-0140436150,1
6510,History of the Peloponnesian War,Thucydides,Penguin Classics,1526    ,Fiction,978-0140440393,3
6511,Angela's Ashes,Frank McCourt,Scribner,1996    ,Fiction,978-0684842677,4
6512,Ab urbe condita,Titus Livius,Penguin Classics,1481    ,Fiction,978-0140443875,19
6513,Πολιτικά (Politiká),Aristotle,Penguin Classics,1492    ,Fiction,978-0140444216,11
6514,Du contrat social,Jean-Jacques Rousseau,Penguin Classics,1762    ,Fiction,978-0140442014,4
6515,Naturalis historia,Pliny the Elder,Penguin Classics,1469    ,Fiction,978-0140444131,1
6516,De la démocratie en Amérique,Alexis de Tocqueville,Penguin Classics,1835    ,Fiction,978-0140447606,18
6517,La Poetica,Aristotle,Penguin Classics,1479    ,Fiction,978-0140446364,6
6518,The Travels of Marco Polo,Marco Polo,Penguin Classics,1818    ,Fiction,978-0140440577,1
6519,Up from Slavery,Booker T. Washington,Penguin Classics,1900    ,Fiction,978-0140390513,17
6520,Bible,Bible,Penguin Classics (KJV),1200    ,Fiction,978-0141441511,9
6521,The Autobiography of Benjamin Franklin,Benjamin Franklin,Penguin Classics,1791    ,Fiction,978-0140390520,7
6522,Manifest der Kommunistischen Partei,Karl Marx,Penguin Classics,1848    ,Fiction,978-0140447576,2
6523,Συμπόσιον,Πλάτων,Penguin Classics,1559    ,Fiction,978-0140449273,6
6524,Sonnets,William Shakespeare,Folger Shakespeare,1609    ,Fiction,978-0743472883,16
6525,Twelve years a slave,Solomon Northup,Penguin Books,1853    ,Fiction,978-0143125419,1
6526,Medea,Euripides,Penguin Classics,1703    ,Fiction,978-0140441291,1
6527,Lives,Plutarch,Penguin Classics,1564    ,Fiction,978-0140440973,4
6528,"The life of Olaudah Equiano, or Gustavus Vassa, the African",Olaudah Equiano,Penguin Classics,1789    ,Fiction,978-0142437117,13
6529,La sombra del viento,Carlos Ruiz Zafón,Penguin Books,2001    ,Fiction,978-0143034902,7
6530,Narrative of the life of Frederick Douglass,Frederick Douglass,Penguin Classics,1845    ,Fiction,978-0143107309,12
6531,Se questo è un uomo,Primo Levi,Turtleback Books,1947    ,Fiction,978-0606016186,18
6532,Crónica de una muerte anunciada,Gabriel García Márquez,Vintage,1980    ,Fiction,978-1400034710,15
6533,Summa Theologica,Thomas Aquinas,Christian Classics,1467    ,Fiction,978-0870610639,1
6534,La nausée,Jean-Paul Sartre,New Directions,1938    ,Fiction,978-0811220309,14
6535,A Pocket Full of Rye,Agatha Christie,William Morrow,1953    ,Fiction,978-0062073716,5
6536,The Clocks,Agatha Christie,William Morrow,1963    ,Fiction,978-0062073686,20
6537,Les Robots,Isaac Asimov,Bantam,1950    ,Fiction,978-0553382563,5
6538,The Boy in the Striped Pyjamas,John Boyne,David Fickling,2006    ,Fiction,978-0385751537,18
6539,The Innocents Abroad,Mark Twain,Penguin Classics,1800    ,Fiction,978-0142437087,16
6540,A town like Alice,Nevil Shute,Vintage Classics,1950    ,Fiction,978-1842323007,8
6541,Foundation,Isaac Asimov,Bantam,1951    ,Fiction,978-0553293357,3
6542,Rime of the ancient mariner,Samuel Taylor Coleridge,Penguin Classics,1827    ,Fiction,978-0140423525,11
6543,Watership Down,Richard Adams,Scribner,1972    ,Fiction,978-0743277709,12
6544,Dumb Witness,Agatha Christie,William Morrow,1937    ,Fiction,978-0062073747,13
6545,The House of the Dead,Фёдор Михайлович Достоевский,Penguin Classics,1881    ,Fiction,978-0140444520,6
6546,Dead Man's Folly,Agatha Christie,William Morrow,1956    ,Fiction,978-0062073693,1
6547,Ars Amatoria,Ovid,Penguin Classics,1494    ,Fiction,978-0140440249,4
6548,Vol de nuit,Antoine de Saint-Exupéry,Mariner Books,1931    ,Fiction,978-0156656016,18
6549,Jamaica Inn,Daphne du Maurier,Virago,1936    ,Fiction,978-0385055000,15
6550,Cat Among the Pigeons,Agatha Christie,William Morrow,1959    ,Fiction,978-0062073679,12
6551,The Sea-Wolf,Jack London,Penguin Classics,1900    ,Fiction,978-0140183573,1
6552,The Narrative of Arthur Gordon Pym,Edgar Allan Poe,Penguin Classics,1838    ,Fiction,978-0140430141,6
6553,The Incredible Journey,Sheila Burnford,Laurel Leaf,1960    ,Fiction,978-0385322799,2
6554,Cannery Row,John Steinbeck,Penguin Books,1945    ,Fiction,978-0140177381,16
6555,Marc Chagall,Marc Chagall,Orion,1948    ,Fiction,978-0140187427,1
6556,Coraline,Neil Gaiman,HarperCollins,2001    ,Fiction,978-0380807345,12
6557,"Danny, The Champion of the World",Roald Dahl,Puffin Books,1975    ,Fiction,978-0142410332,11
6558,Bonjour tristesse,Françoise Sagan,Harper Perennial,1954    ,Fiction,978-0061440794,12
6559,They Came to Baghdad,Agatha Christie,William Morrow,1951    ,Fiction,978-0062073662,4
6560,The Mammoth Hunters,Jean M. Auel,Marshall Cavendish,1611    ,Fiction,978-0761471622,14
6561,Murder is Easy,Agatha Christie,William Morrow,1853    ,Fiction,978-0062073648,5
6562,The Shining,Stephen King,Anchor,1977    ,Fiction,978-0307743657,1
6563,Roughing It,Mark Twain,Penguin Classics,1872    ,Fiction,978-0140390100,13
6564,It,Stephen King,Scribner,1986    ,Fiction,978-1501142970,7
6565,Amerika,Franz Kafka,New Directions,1927    ,Fiction,978-0811215695,18
6566,Fables,Jean de La Fontaine,Oxford Classics,1678    ,Fiction,978-0199540051,14
6567,Towards Zero,Agatha Christie,William Morrow,1944    ,Fiction,978-0062073594,8
6568,The Firm,John Grisham,Doubleday,1991    ,Fiction,978-0385416344,2
6569,The Sound and the Fury,William Faulkner,Vintage,1929    ,Fiction,978-0679732242,6
6570,Rights of Man,Thomas Paine,Penguin Classics,1791    ,Fiction,978-0140390155,13
6571,The Gunslinger,Stephen King,Scribner,1976    ,Fiction,978-1501143510,2
6572,Voskresenīe,Лев Толстой,Penguin Classics,1899    ,Fiction,978-0140446340,2
6573,Germinal,Émile Zola,Penguin Classics,1885    ,Fiction,978-0140447422,18
6574,The Tenant of Wildfell Hall,Anne Brontë,Penguin Classics,1847    ,Fiction,978-0140434743,4
6575,Things Fall Apart,Chinua Achebe,Anchor,1958    ,Fiction,978-0385474542,15
6576,Artemis Fowl,Eoin Colfer,Disney-Hyperion,1999    ,Fiction,978-1423124566,8
6577,The Thirteen Problems,Agatha Christie,William Morrow,1932    ,Fiction,978-0062074027,17
6578,Jurassic Park,Michael Crichton,Ballantine Books,1990    ,Fiction,978-0345538987,7
6579,Death Comes for the Archbishop,Willa Cather,Vintage,1926    ,Fiction,978-0679728894,18
6580,Deception Point,Dan Brown,Pocket Books,2001    ,Fiction,978-1416524809,6
6581,O Pioneers!,Willa Cather,Penguin Classics,1913    ,Fiction,978-0140187076,2
6582,Why Didn't they Ask Evans?,Agatha Christie,William Morrow,1934    ,Fiction,978-0062073600,11
6583,Cato,Joseph Addison,Liberty Fund,1713    ,Fiction,978-0865974432,2
6584,The Colour of Magic,Terry Pratchett,Harper,1983    ,Fiction,978-0062225672,10
6585,Tropic of Cancer,Henry Miller,Grove Press,1934    ,Fiction,978-0802131553,10
6586,Shades of Grey,E. L. James,Vintage Books,2011    ,Fiction,978-1612130514,17
6587,Ben Hur,Lew Wallace,Penguin Classics,1800    ,Fiction,978-0140390179,2
6588,"Maria; or, The Wrongs of Woman",Mary Wollstonecraft,W. W. Norton,1799    ,Fiction,978-0393006766,16
6589,The Seven Dials Mystery,Agatha Christie,William Morrow,1920    ,Fiction,978-0062073617,18
6590,Aesop's Fables,Aesop,Penguin Classics,1848    ,Fiction,978-0140446494,15
6591,Rilla of Ingleside,Lucy Maud Montgomery,Bantam,1920    ,Fiction,978-0553213256,11
6592,Number the Stars,Lois Lowry,Houghton Mifflin,1901    ,Fiction,978-0544582392,7
6593,Pet Sematary,Stephen King,Pocket Books,1983    ,Fiction,978-1501156700,6
6594,The Restaurant at the End of the Universe,Douglas Adams,Del Rey,1980    ,Fiction,978-0345391810,11
6595,Goethe's Werke,Johann Wolfgang von Goethe,Nabu Press,1800    ,Fiction,978-1144005823,17
6596,The Green Mile,Stephen King,Pocket Books,1996    ,Fiction,978-1501160387,1
6597,Белые ночи,Фёдор Михайлович Достоевский,Alma Classics,1918    ,Fiction,978-1847496652,11
6598,Do Androids Dream of Electric Sheep?,Philip K. Dick,Del Rey,1968    ,Fiction,978-0345404473,8
6599,"Mary Shelley's Frankenstein; or, the Modern Prometheus (1818 text)",Mary Shelley,Penguin Classics,1818    ,Fiction,978-0141441221,14
6600,Baron Trump's Marvelous Underground Journey,Ingersoll Lockwood,CreateSpace,1893    ,Fiction,978-1544976761,7
6601,The Woodlanders,Thomas Hardy,Penguin Classics,1800    ,Fiction,978-0140435474,8
6602,The Left Hand of Darkness,Ursula K. Le Guin,Ace Books,1969    ,Fiction,978-0441478125,19
6603,Mockingjay,Suzanne Collins,Scholastic,2010    ,Fiction,978-0439023511,11
6604,The Ambassadors,Henry James,Penguin Classics,1903    ,Fiction,978-0141441337,1
6605,Evelina,Fanny Burney,Penguin Classics,1778    ,Fiction,978-0140431476,9
6606,Mrs. McGinty's Dead,Agatha Christie,William Morrow,1951    ,Fiction,978-0062073815,12
6607,Tales from Shakespeare [20 tales],Charles Lamb,Puffin Classics,1800    ,Fiction,978-0141321684,18
6608,The Clan of the Cave Bear,Jean M. Auel,Crown,1900    ,Fiction,978-0517540817,15
6609,Oresteia,Aeschylus,Penguin Classics,1845    ,Fiction,978-0140443332,9
6610,Death of a Salesman,Arthur Miller,Penguin Books,1940    ,Fiction,978-0140481341,13
6611,Passenger to Frankfurt,Agatha Christie,William Morrow,1970    ,Fiction,978-0062073808,3
6612,The Blind Assassin,Margaret Atwood,Anchor,2000    ,Fiction,978-0385720953,12
6613,Hickory Dickory Death,Agatha Christie,William Morrow,1952    ,Fiction,978-0062073792,8
6614,Breaking Dawn,Stephenie Meyer,"Little, Brown",2000    ,Fiction,978-0316067928,6
6615,Dom Casmurro,Machado de Assis,Penguin Classics,1900    ,Fiction,978-0143108634,14
6616,The Maltese Falcon,Dashiell Hammett,Vintage,1929    ,Fiction,978-0679722649,17
6617,Le Deuxième Sexe,Simone de Beauvoir,Vintage,1949    ,Fiction,978-0307277787,12
6618,The Haunted Hotel,Wilkie Collins,Dover Publications,1878    ,Fiction,978-0486243337,6
6619,Der Vorleser,Bernhard Schlink,Vintage,1995    ,Fiction,978-0375707971,5
6620,New Moon,Stephenie Meyer,"Little, Brown",2006    ,Fiction,978-0316160193,16
6621,Brideshead Revisited,Evelyn Waugh,Back Bay Books,1945    ,Fiction,978-0316926348,7
6622,Anne of Ingleside,Lucy Maud Montgomery,Bantam,1939    ,Fiction,978-0553213157,5
6623,Doctor Faustus,Christopher Marlowe,Dover Thrift,1662    ,Fiction,978-0486282084,17
6624,Eclipse,Stephenie Meyer,"Little, Brown",2006    ,Fiction,978-0316160209,12
6625,The Dead Zone,Stephen King,Scribner,1979    ,Fiction,978-1501143817,3
6626,The Valley of Horses,Jean M. Auel,Bantam,1899    ,Fiction,978-0553250695,3
6627,Divergent,Veronica Roth,Katherine Tegen,2010    ,Fiction,978-0062024039,13
6628,Our Man in Havana,Graham Greene,Penguin Classics,1958    ,Fiction,978-0140184938,19
6629,Expedition Kon-Tiki,Thor Heyerdahl,Simon & Schuster,1949    ,Fiction,978-0671726522,15
6630,Bridget Jones's Diary,Helen Fielding,Penguin Books,1996    ,Fiction,978-0140280098,2
6631,The Sittaford Mystery,Agatha Christie,William Morrow,1931    ,Fiction,978-0062074010,16
6632,Архипелаг ГУЛАГ,Александр Исаевич Солженицын,Harper Perennial,1970    ,Fiction,978-0061253805,1
6633,Satyricon,Petronius,Penguin Classics,1575    ,Fiction,978-0140444896,16
6634,The Magic World,Edith Nesbit,Digireads,1959    ,Fiction,978-1420934151,16
6635,A tree grows in Brooklyn,Betty Smith,Harper Perennial,1943    ,Fiction,978-0061120077,19
6636,The Moon is Down,John Steinbeck,Penguin Classics,1942    ,Fiction,978-0140187465,2
6637,Ranma 1/2,高橋留美子,VIZ Media,1992    ,Fiction,978-1421565941,7
6638,The Screwtape Letters,C. S. Lewis,HarperOne,1942    ,Fiction,978-0060652937,19
6639,The House at Pooh Corner,A. A. Milne,Puffin,1925    ,Fiction,978-0140361223,7
6640,Buddenbrooks,Thomas Mann,Vintage,1909    ,Fiction,978-0679752608,7
6641,The Boxcar Children,Gertrude Chandler Warner,Albert Whitman,1924    ,Fiction,978-0807508527,2
6642,The lovely bones,Alice Sebold,"Little, Brown",2000    ,Fiction,978-0316666343,20
6643,Sad Cypress,Agatha Christie,William Morrow,1939    ,Fiction,978-0062073891,18
6644,El coronel no tiene quien le escriba,Gabriel García Márquez,Vintage Español,1961    ,Fiction,978-0307475442,12
6645,The Life and Adventures of Nicholas Nickleby,Charles Dickens,Penguin Classics,1800    ,Fiction,978-0140435122,4
6646,Φαίδων,Πλάτων,Penguin Classics,1713    ,Fiction,978-0140449273,11
6647,Way to wealth,Benjamin Franklin,Independently Pub.,1758    ,Fiction,978-1515434771,15
6648,The Hunting of the Snark,Lewis Carroll,Penguin Classics,1876    ,Fiction,978-0140434910,9
6649,Picasso,William S. Lieberman,MoMA,1932    ,Fiction,978-0870705250,13
6650,Eragon,Christopher Paolini,Knopf,1998    ,Fiction,978-0375826689,19
6651,The History of Tom Jones,Henry Fielding,Penguin Classics,1749    ,Fiction,978-0140430158,12
6652,The well of loneliness,Radclyffe Hall,Penguin Classics,1928    ,Fiction,978-0143107330,18
6653,Tortilla Flat,John Steinbeck,Penguin Classics,1935    ,Fiction,978-0140187489,8
6654,Papillon,Henri Charrière,William Morrow,1969    ,Fiction,978-0061120664,9
6655,Taken at the Flood,Agatha Christie,William Morrow,1948    ,Fiction,978-0062073884,1
6656,The Cat in the Hat,Dr. Seuss,Random House,1957    ,Fiction,978-0394800011,4
6657,The Kreutzer sonata and other stories,Лев Толстой,Penguin Classics,1887    ,Fiction,978-0140444698,20
6658,Bury My Heart at Wounded Knee,Dee Alexander Brown,Holt Paperbacks,1672    ,Fiction,978-0805086843,20
6659,Captains Courageous,Rudyard Kipling,Puffin Classics,1896    ,Fiction,978-0141322551,19
6660,El filibusterismo,José Rizal,Penguin Classics,1900    ,Fiction,978-0143106326,5
6661,Five on a Treasure Island,Enid Blyton,Hodder Children's,1942    ,Fiction,978-1444935011,13
6662,Rashomon and other stories,Ryūnosuke Akutagawa,Penguin Classics,1952    ,Fiction,978-0143105145,8
6663,Livro do Desassossego,Fernando Pessoa,Penguin Classics,1982    ,Fiction,978-0141183046,12
6664,Kokoro,夏目漱石,Penguin Classics,1914    ,Fiction,978-0143106036,6
6665,Richard III,William Shakespeare,Folger Shakespeare,1597    ,Fiction,978-0743482844,16
6666,The complete poetical works,Robert Burns,Penguin Classics,1786    ,Fiction,978-0140423822,6
6667,The Book of the Dead,E. A. Wallis Budge,Penguin Classics,1894    ,Fiction,978-0140441221,5
6668,The Mysteries of Udolpho,Ann Radcliffe,Penguin Classics,1794    ,Fiction,978-0140437591,10
6669,Sapiens,Yuval Noah Harari,Harper,2011    ,Fiction,978-0062316097,19
6670,"Henry IV, Part 1 **conflated with Henry VI, part 1**",William Shakespeare,Folger Shakespeare,1598    ,Fiction,978-0743485050,19
6671,La Fiesta del Chivo,Mario Vargas Llosa,Picador,2000    ,Fiction,978-0312420277,14
6672,Digital Fortress,Dan Brown,St. Martin's Press,1998    ,Fiction,978-0312944926,12
6673,Jacob's Room,Virginia Woolf,Penguin Classics,1922    ,Fiction,978-0140185782,8
6674,Hänsel und Gretel,Gebrüder Grimm [Brothers Grimm],Puffin Classics,1900    ,Fiction,978-0141331201,10
6675,Little Dorrit,Charles Dickens,Penguin Classics,1800    ,Fiction,978-0141439969,10
6676,The Man in the High Castle,Philip K. Dick,Mariner Books,1962    ,Fiction,978-0547572482,11
6677,Burmese Days,George Orwell,Mariner Books,1934    ,Fiction,978-0156148504,18
6678,The Blithedale Romance,Nathaniel Hawthorne,Penguin Classics,1852    ,Fiction,978-0140390285,9
6679,The Agony and the Ecstasy,Irving Stone,Signet,1958    ,Fiction,978-0451171139,11
6680,L'Île mystérieuse,Jules Verne,Penguin Classics,1870    ,Fiction,978-0141441399,1
6681,The Bridge of San Luis Rey,Thornton Wilder,Harper Perennial,1927    ,Fiction,978-0060088942,4
6682,Briefe an Milena,Franz Kafka,Schocken,1952    ,Fiction,978-0805208856,8
6683,Nostromo,Joseph Conrad,Penguin Classics,1900    ,Fiction,978-0141441634,16
6684,Endless Night,Agatha Christie,William Morrow,1905    ,Fiction,978-0062073877,16
6685,Storm Island,Ken Follett,Signet,1978    ,Fiction,978-0451186539,6
6686,The Crucible,Arthur Miller,Penguin Classics,1953    ,Fiction,978-0142437339,16
6687,Holes,Louis Sachar,Yearling,1988    ,Fiction,978-0440414803,16
6688,Milton's Poems,John Milton,Penguin Classics,1605    ,Fiction,978-0140424393,14
6689,Fifty Shades Darker,E. L. James,Vintage Books,2011    ,Fiction,978-1612130583,3
6690,The Stand,Stephen King,Anchor,1978    ,Fiction,978-0307743688,3
6691,Agnes Grey,Anne Brontë,Penguin Classics,1847    ,Fiction,978-0140433937,16
6692,Live and let die,Ian Fleming,Thomas & Mercer,1954    ,Fiction,978-1612185446,12
6693,On the Banks of Plum Creek,Laura Ingalls Wilder,HarperCollins,1937    ,Fiction,978-0064400046,3
6694,The Pelican Brief,John Grisham,Dell,1992    ,Fiction,978-0385339704,12
6695,"Brown Bear, Brown Bear, What Do You See?",Bill Martin Jr.,Henry Holt,1967    ,Fiction,978-0805047905,7
6696,A Wizard of Earthsea,Ursula K. Le Guin,Clarion Books,1968    ,Fiction,978-0547773742,15
6697,Como agua para chocolate,Laura Esquivel,Vintage Español,1989    ,Fiction,978-0307475305,20
6698,The Mysterious Stranger,Mark Twain,Dover Publications,1916    ,Fiction,978-0486431154,1
6699,The Runaway Jury,John Grisham,Dell,1996    ,Fiction,978-0440221470,8
6700,Nine Stories,J. D. Salinger,"Little, Brown",1948    ,Fiction,978-0316769501,16
6701,Le mythe de Sisyphe,Albert Camus,Vintage,1941    ,Fiction,978-0679733737,3
6702,The Amber Spyglass,Philip Pullman,Knopf Books,1999    ,Fiction,978-0375823350,11
6703,L'Homme révolté,Albert Camus,Vintage,1951    ,Fiction,978-0679733959,1
6704,Cujo,Stephen King,Scribner,1981    ,Fiction,978-1501143695,18
6705,The Once and Future King,T. H. White,Ace Books,1939    ,Fiction,978-0441627400,16
6706,Colloquia,Desiderius Erasmus,University of Chicago,1519    ,Fiction,978-0226217062,3
6707,Dog Days,Jeff Kinney,Amulet Books,2004    ,Fiction,978-0810983914,19
6708,The moon and sixpence,William Somerset Maugham,Penguin Classics,1919    ,Fiction,978-0140185102,20
6709,Nesnesitelná lehkost bytí,Milan Kundera,Harper Perennial,1984    ,Fiction,978-0060912109,19
6710,Stranger in a Strange Land,Robert A. Heinlein,Ace Books,1961    ,Fiction,978-0441790340,12
6711,Hatchet,Gary Paulsen,Simon & Schuster,1986    ,Fiction,978-1416936473,15
6712,Second Foundation,Isaac Asimov,Bantam,1953    ,Fiction,978-0553293364,1
6713,Foundation and Empire,Isaac Asimov,Bantam,1945    ,Fiction,978-0553293340,8
6714,Reminiscences of a stock operator,Edwin Lefèvre,Wiley,1923    ,Fiction,978-0471775911,18
6715,The Labours of Hercules,Agatha Christie,William Morrow,1947    ,Fiction,978-0062073839,4
6716,John Barleycorn,Jack London,Penguin Classics,1913    ,Fiction,978-0140183535,14
6717,The reluctant dragon,Kenneth Grahame,Mariner Books,1938    ,Fiction,978-0156034029,17
6718,The  black arrow,Robert Louis Stevenson,Penguin Classics,1888    ,Fiction,978-0141441320,5
6719,À la recherche du temps perdu,Marcel Proust,Penguin Classics,1919    ,Fiction,978-0143105640,7
6720,The Client,John Grisham,Dell,1993    ,Fiction,978-0345531926,8
6721,Alias Grace,Margaret Atwood,Anchor,1996    ,Fiction,978-0385490443,9
6722,Thumbelina,Hans Christian Andersen,Puffin,1911    ,Fiction,978-0698113572,13
6723,Interview With the Vampire,Anne Rice,Ballantine Books,1976    ,Fiction,978-0345337665,20
6724,Destination Unknown,Agatha Christie,William Morrow,1954    ,Fiction,978-0062073730,20
6725,A Time to Kill,John Grisham,Dell,1989    ,Fiction,978-0440245919,4
6726,The Thorn Birds,Colleen McCullough,Avon,1977    ,Fiction,978-0380018178,8
6727,The French Lieutenant's Woman,John Fowles,Back Bay Books,1967    ,Fiction,978-0316290630,8
6728,The Confidence Man,Herman Melville,Penguin Classics,1857    ,Fiction,978-0140445473,19
6729,"The Federalist, or, The New Constitution",Alexander Hamilton,Signet Classics,1788    ,Fiction,978-0451528810,2
6730,Dragonflight,Anne McCaffrey,Del Rey,1968    ,Fiction,978-0345335463,7
6731,The Magician,William Somerset Maugham,Puffin Books,1908    ,Fiction,978-0142410370,9
6732,The Tragedy of Pudd'nhead Wilson,Mark Twain,Penguin Classics,1758    ,Fiction,978-0140430127,13
6733,A Raisin in the Sun,Lorraine Hansberry,Vintage,1958    ,Fiction,978-0679755333,5
6734,"From Russia, with love",Ian Fleming,Thomas & Mercer,1957    ,Fiction,978-1612185460,13
6735,The Ugly American,William J. Lederer,W. W. Norton,1958    ,Fiction,978-0393318678,11
6736,Le Mystère de la Chambre Jaune,Gaston Leroux,CreateSpace,1908    ,Fiction,978-1502476050,2
6737,I Capture the Castle,Dodie Smith,St. Martin's Griffin,1948    ,Fiction,978-0312316167,4
6738,The Cat of Bubastes,G. A. Henty,Dover Publications,1888    ,Fiction,978-0486419763,18
6739,Ficciones,Jorge Luis Borges,Grove Press,1945    ,Fiction,978-0802130303,10
6740,Flowers for Algernon,Daniel Keyes,Mariner Books,1966    ,Fiction,978-0156030083,10
6741,The Lost Princess of Oz,L. Frank Baum,Digireads,1917    ,Fiction,978-1420935103,20
6742,Portnoy's Complaint,Philip Roth,Vintage,1969    ,Fiction,978-0679756452,3
6743,De consolatione philosophiae,Boethius,Penguin Classics,1483    ,Fiction,978-0140447804,15
6744,The Fault in Our Stars,John Green,Dutton Books,2010    ,Fiction,978-0525478812,6
6745,The Mill on the Floss,George Eliot,Penguin Classics,1800    ,Fiction,978-0141439624,12
6746,The Empty House and Other Ghost Stories,Algernon Blackwood,CreateSpace,1906    ,Fiction,978-1505307900,6
6747,The Rainbow,D. H. Lawrence,Penguin Classics,1915    ,Fiction,978-0140188004,6
6748,The Runaway Bunny,Margaret Wise Brown,HarperCollins,1942    ,Fiction,978-0061074240,17
6749,Heretics,Gilbert Keith Chesterton,Merchant Books,1905    ,Fiction,978-1603865432,5
6750,Witch Wood,John Buchan,Canongate Books,1927    ,Fiction,978-1841951553,20
6751,The Drawing of the Three,Stephen King,Scribner,1987    ,Fiction,978-1501143534,18
6752,Travels with Charley,John Steinbeck,Penguin Books,1962    ,Fiction,978-0140067064,9
6753,Män som hatar kvinnor,Stieg Larsson,Vintage,2005    ,Fiction,978-0307454546,10
6754,At the Back of the North Wind,George MacDonald,Wordsworth,1871    ,Fiction,978-1840226348,10
6755,The Voyages of Doctor Dolittle,Hugh Lofting,Puffin,1922    ,Fiction,978-0141315898,4
6756,Государство и революция,Vladimir Il’ich Lenin,Penguin Classics,1900    ,Fiction,978-0140188400,20
6757,The Exorcist,William Peter Blatty,HarperCollins,1971    ,Fiction,978-0062094360,11
6758,The Outsiders,S. E. Hinton,Puffin Books,1967    ,Fiction,978-0142407332,4
6759,Firestarter,Stephen King,Scribner,1980    ,Fiction,978-1501143756,19
6760,The Illustrated Man,Ray Bradbury,Simon & Schuster,1901    ,Fiction,978-1451675030,6
6761,Mishneh Torah (Codification of Talmudic laws),Moses Maimonides,Yale Univ Press,1470    ,Fiction,978-0300116489,9
6762,Zen and the Art of Motorcycle Maintenance,Robert M. Pirsig,Harper Torch,1974    ,Fiction,978-0060589462,2
6763,Il pendolo di Foucault,Umberto Eco,Mariner Books,1988    ,Fiction,978-0544146570,14
6764,King Richard II,William Shakespeare,Folger Shakespeare,1597    ,Fiction,978-0743484916,19
6765,The Magic City,Edith Nesbit,Digireads,1910    ,Fiction,978-1420934168,2
6766,The Dispossessed,Ursula K. Le Guin,Harper Voyager,1974    ,Fiction,978-0060512750,16
6767,The Last Days of Pompeii,"Edward Bulwer Lytton, Baron Lytton",Oxford Classics,1800    ,Fiction,978-0199554935,17
6768,Atonement,Ian McEwan,Anchor,2001    ,Fiction,978-0385721790,3
6769,Solaris,Stanisław Lem,Walker Books,1961    ,Fiction,978-1524741358,18
6770,Kane & Abel,Jeffrey Archer,St. Martin's Paperbacks,1979    ,Fiction,978-0312945398,1
6771,Essential Maths,Sean McArdle,Teach Yourself,1996    ,Fiction,978-1444103953,17
6772,Cricket in Times Square,George Selden,Square Fish,1960    ,Fiction,978-0312384487,2
6773,N or M?,Agatha Christie,William Morrow,1941    ,Fiction,978-0062074058,15
6774,My Cousin Rachel,Daphne du Maurier,Sourcebooks Landmark,1900    ,Fiction,978-1402242007,17
6775,A Clash of Kings,George R. R. Martin,Bantam,1998    ,Fiction,978-0553579901,4
6776,The sword in the stone,T. H. White,Philomel Books,1938    ,Fiction,978-0399225321,2
6777,"Right Ho, Jeeves",P. G. Wodehouse,Overlook Press,1934    ,Fiction,978-1585672837,9
6778,Schweizerische Robinson,Johann David Wyss,Puffin Classics,1828    ,Fiction,978-0141322544,15
6779,Один день Ивана Денисовича,Александр Исаевич Солженицын,Signet Classics,1960    ,Fiction,978-0451531049,6
6780,Native Son,Richard Wright,Harper Perennial,1940    ,Fiction,978-0060837563,1
6781,A Woman of No Importance,Oscar Wilde,Dover Publications,1893    ,Fiction,978-0486433509,18
6782,The Comedy of Errors,William Shakespeare,Folger Shakespeare,1734    ,Fiction,978-0743477543,5
6783,The Magic Finger,Roald Dahl,Egmont UK,1966    ,Fiction,978-1405230285,7
6784,Hija de la fortuna,Isabel Allende,Harper Perennial,1998    ,Fiction,978-0060932381,10
6785,Bag of Bones,Stephen King,Scribner,1998    ,Fiction,978-1501144180,19
6786,En attendant Godot,Samuel Beckett,Grove Press,1952    ,Fiction,978-0802130341,20
6787,The Chamber,John Grisham,Dell,1994    ,Fiction,978-0440245940,19
6788,The Bad Beginning,Lemony Snicket,HarperCollins,1999    ,Fiction,978-0064407663,15
6789,Tales of Terror and Mystery,Arthur Conan Doyle,Wordsworth,1963    ,Fiction,978-1840226317,6
6790,An Old-Fashioned Girl,Louisa May Alcott,Puffin Classics,1869    ,Fiction,978-0141322568,17
6791,A strange disappearance,Anna Katharine Green,McClelland,1879    ,Fiction,978-0771021961,14
6792,Nada,Carmen Laforet,New Directions,1945    ,Fiction,978-0811217033,7
6793,Os Lusíadas,Luís de Camões,Penguin Classics,1572    ,Fiction,978-0140447491,5
6794,The Enchanted April,Elizabeth von Arnim,NYRB Classics,1922    ,Fiction,978-1590172605,5
6795,Passing,Nella Larsen,Penguin Classics,1929    ,Fiction,978-0142437278,12
6796,Madeleine,Ludwig Bemelmans,Puffin Books,1920    ,Fiction,978-0140564396,10
6797,Das Glasperlenspiel. Sonderausgabe,Hermann Hesse,Picador,1943    ,Fiction,978-0312278656,11
6798,"So long, and thanks for all the fish",Douglas Adams,Del Rey,1984    ,Fiction,978-0345391834,2
6799,American Gods,Neil Gaiman,William Morrow,2001    ,Fiction,978-0062059888,12
6800,Poema de mio Cid,Anonymous,Penguin Classics,1868    ,Fiction,978-0140444469,20
6801,Les 120 Journées de Sodome,Marquis de Sade,Penguin Classics,1953    ,Fiction,978-0141392097,17
6802,Memoirs of a Geisha,Arthur Golden,Penguin Classics,1997    ,Fiction,978-0140437713,20
6803,Bel-Ami,Guy de Maupassant,Penguin Classics,1893    ,Fiction,978-0140443158,15
6804,The natural,Bernard Malamud,FSG Classics,1952    ,Fiction,978-0374502003,4
6805,Frog and Toad Are Friends,Arnold Lobel,HarperCollins,1920    ,Fiction,978-0064440202,7
6806,Prometheus Bound,Aeschylus,Dover Thrift,1559    ,Fiction,978-0486287676,15
6807,Airframe,Michael Crichton,Ballantine Books,1996    ,Fiction,978-0345402875,6
6808,Good Omens,Neil Gaiman,William Morrow,1990    ,Fiction,978-0060853983,7
6809,Flowers in the Attic,V. C. Andrews,Pocket Books,1979    ,Fiction,978-1416532897,20
6810,The Price of Salt,Patricia Highsmith,W. W. Norton,1952    ,Fiction,978-0393325997,7
6811,The Partner,John Grisham,Dell,1997    ,Fiction,978-0385339551,14
6812,La ciudad y los perros,Mario Vargas Llosa,Faber & Faber,1963    ,Fiction,978-0571066919,12
6813,A Canticle for Leibowitz,Walter M. Miller Jr.,Harper Voyager,1959    ,Fiction,978-0060892999,17
6814,Light in August,William Faulkner,Vintage,1931    ,Fiction,978-0679732266,7
6815,Les damnés de la terre,Frantz Fanon,Grove Press,1961    ,Fiction,978-0802141323,1
6816,Skeleton crew,Stephen King,Scribner,1985    ,Fiction,978-1501143503,17
6817,The Enormous Crocodile,Roald Dahl,Puffin Books,1978    ,Fiction,978-0142414569,5
6818,The Sea of Monsters,Rick Riordan,Disney-Hyperion,2006    ,Fiction,978-1423103349,20
6819,Νόμοι,Πλάτων,Penguin Classics,1562    ,Fiction,978-0140442229,9
6820,Voyage au bout de la nuit,Louis-Ferdinand Celine,New Directions,1932    ,Fiction,978-0811204682,17
6821,Eldest,Christopher Paolini,Knopf,1998    ,Fiction,978-0375840401,4
6822,Principles of internal medicine,Tinsley Randolph Harrison,McGraw-Hill,1950    ,Fiction,978-0071802154,2
6823,Childhood’s End,Arthur C. Clarke,Del Rey,1953    ,Fiction,978-0345347954,8
6824,Wizard and Glass,Stephen King,Scribner,1997    ,Fiction,978-1501143558,13
6825,Moll Flanders,Daniel Defoe,Penguin Classics,1722    ,Fiction,978-0140433135,12
6826,Beautiful Stories from Shakespeare,Edith Nesbit,Nimbus,1907    ,Fiction,978-1551095202,20
6827,Midnight's Children,Salman Rushdie,Random House,1981    ,Fiction,978-0812976533,17
6828,Boy,Roald Dahl,Puffin Books,1984    ,Fiction,978-0142413814,18
6829,Astérix le Gaulois,René Goscinny,Orion Children's,1961    ,Fiction,978-0752866055,13
6830,Rodrick Rules,Jeff Kinney,Amulet Books,2007    ,Fiction,978-0810994737,12
6831,The Martian,Andy Weir,Broadway Books,2011    ,Fiction,978-0553418026,3
6832,The Red House Mystery,A. A. Milne,Dover Publications,1922    ,Fiction,978-0486401294,6
6833,Romance of the three kingdoms,Luo Guanzhong,Penguin Classics,1644    ,Fiction,978-0140445503,12
6834,The Story of Ferdinand,Munro Leaf,Puffin Books,1936    ,Fiction,978-0140502343,1
6835,Platero y yo,Juan Ramón Jiménez,University of Texas,1914    ,Fiction,978-0292764798,5
6836,Death Comes as the End,Agatha Christie,William Morrow,1944    ,Fiction,978-0062073709,15
6837,Island of the Blue Dolphins,Scott O’Dell,Clarion Books,1960    ,Fiction,978-0547328614,5
6838,The Talented Mr. Ripley,Patricia Highsmith,W. W. Norton,1955    ,Fiction,978-0393332148,6
6839,North and South,Elizabeth Cleghorn Gaskell,Penguin Classics,1855    ,Fiction,978-0140434248,5
6840,"Not a Penny More, Not a Penny Less",Jeffrey Archer,St. Martin's,1974    ,Fiction,978-0312939618,6
6841,Love's Labour's Lost,William Shakespeare,Folger Shakespeare,1598    ,Fiction,978-0743484930,17
6842,The Girl Who Loved Tom Gordon,Stephen King,Scribner,1999    ,Fiction,978-1501143718,16
6843,A Torre Negra,Stephen King,Scribner,1991    ,Fiction,978-1501143589,11
6844,"Roll of Thunder, Hear My Cry",Mildred D. Taylor,Puffin Books,1976    ,Fiction,978-0140384512,12
6845,Dune Messiah,Frank Herbert,Ace Books,1969    ,Fiction,978-0441172696,8
6846,"Ramona Quimby, Age 8",Beverly Cleary,HarperCollins,1981    ,Fiction,978-0380709564,12
6847,A Tramp Abroad,Mark Twain,Penguin Classics,1878    ,Fiction,978-0142437513,13
6848,Johnny Tremain,Esther Forbes,HMH Books,1943    ,Fiction,978-0547614328,15
6849,The Eye of the World,Robert Jordan,Tor Books,1990    ,Fiction,978-0812511819,20
6850,Frog and Toad Together,Arnold Lobel,HarperCollins,1971    ,Fiction,978-0064440219,14
6851,Measure for Measure,William Shakespeare,Folger Shakespeare,1700    ,Fiction,978-0743484909,5
6852,The Adventures of Captain Underpants,Dav Pilkey,Scholastic,1997    ,Fiction,978-0590846288,5
6853,The Haunted Bookshop,Christopher Morley,Grosset & Dunlap,1919    ,Fiction,978-0448464879,15
6854,Little Bear,Else Holmelund Minarik,HarperCollins,1957    ,Fiction,978-0064440042,6
6855,Can you forgive her?,Anthony Trollope,Penguin Classics,1800    ,Fiction,978-0140430868,13
6856,El general en su laberinto,Gabriel García Márquez,Vintage,1989    ,Fiction,978-1400034703,3
6857,The New York Trilogy,Paul Auster,Penguin Books,1987    ,Fiction,978-0143039839,12
6858,Cat's Cradle,Kurt Vonnegut,Dial Press,1963    ,Fiction,978-0385333481,18
6859,The Road,Cormac McCarthy,Vintage,2006    ,Fiction,978-0307387899,10
6860,The Day of the Jackal,Frederick Forsyth,Signet,1971    ,Fiction,978-0451236579,17
6861,Farmer Boy,Laura Ingalls Wilder,HarperCollins,1933    ,Fiction,978-0064400039,14
6862,Tintenherz,Cornelia Funke,Scholastic,2003    ,Fiction,978-0439709101,9
6863,Superfudge,Judy Blume,Puffin Books,1972    ,Fiction,978-0142408803,18
6864,The Emerald City of Oz,L. Frank Baum,Digireads,1910    ,Fiction,978-1420935066,19
6865,The tale of Jemima Puddle-Duck,Beatrix Potter,Warne,1908    ,Fiction,978-0723247708,18
6866,A Feast for Crows,George R. R. Martin,Bantam,2005    ,Fiction,978-0553582024,7
6867,A Confederacy of Dunces,John Kennedy Toole,Grove Press,1980    ,Fiction,978-0802130204,8
6868,The Professor,Charlotte Brontë,Penguin Classics,1856    ,Fiction,978-0140433654,19
6869,Del sentimiento trágico de la vida en los hombres y en los pueblos,Miguel de Unamuno,CreateSpace,1900    ,Fiction,978-1537233307,2
6870,The Nine Tailors,Dorothy L. Sayers,Mariner Books,1934    ,Fiction,978-0156658997,12
6871,Lucky Jim,Kingsley Amis,NYRB Classics,1953    ,Fiction,978-1590175750,3
6872,Novels (Adventures of Huckleberry Finn / Adventures of Tom Sawyer),Mark Twain,Library of America,1922    ,Fiction,978-1598530704,16
6873,Voyage Out,Virginia Woolf,Penguin Classics,1915    ,Fiction,978-0140185638,20
6874,Nana,Émile Zola,Penguin Classics,1880    ,Fiction,978-0140445701,17
6875,Ubik,Philip K. Dick,Mariner Books,1969    ,Fiction,978-0547572291,14
6876,Ἀνάβασις,Xenophon,Penguin Classics,1623    ,Fiction,978-0140440072,15
6877,The Chosen,Chaim Potok,Fawcett,1966    ,Fiction,978-0449213445,16
6878,On Writing,Stephen King,Scribner,1999    ,Fiction,978-1439156810,9
6879,Три сестры,Антон Павлович Чехов,Penguin Classics,1901    ,Fiction,978-0140448108,20
6880,Eight cousins,Louisa May Alcott,Puffin Classics,1874    ,Fiction,978-0141322490,3
6881,A Streetcar Named Desire,Tennessee Williams,New Directions,1947    ,Fiction,978-0811216029,10
6882,The Velveteen Rabbit,Margery Williams Bianco,Avon,1900    ,Fiction,978-0380002559,6
6883,The Golden Notebook,Doris Lessing,Harper Perennial,1962    ,Fiction,978-0061582486,13
6884,Ann Veronica,H. G. Wells,Penguin Classics,1909    ,Fiction,978-0141441610,4
6885,The Haunting of Hill House,Shirley Jackson,Penguin Books,1959    ,Fiction,978-0143039983,1
6886,The Edible Woman,Margaret Atwood,Anchor,1969    ,Fiction,978-0385491068,13
6887,Cat's Eye,Margaret Atwood,Anchor,1988    ,Fiction,978-0385491020,15
6888,The Plains of Passage,Jean M. Auel,Bantam,1990    ,Fiction,978-0553289411,19
6889,El Aleph,Jorge Luis Borges,Penguin Classics,1949    ,Fiction,978-0142437889,3
6890,Legenda aurea,Jacobus de Voragine,Princeton Univ,1476    ,Fiction,978-0691154077,18
6891,The Tombs of Atuan,Ursula K. Le Guin,Atheneum,1971    ,Fiction,978-1442459923,5
6892,Henry Huggins,Beverly Cleary,HarperCollins,1950    ,Fiction,978-0380709120,13
6893,Goldfinger,Ian Fleming,Thomas & Mercer,1958    ,Fiction,978-1612185514,13
6894,The Rainmaker,John Grisham,Dell,1995    ,Fiction,978-0440221654,9
6895,The power and the Glory,Graham Greene,Penguin Classics,1940    ,Fiction,978-0142437308,15
6896,Needful Things,Stephen King,Scribner,1991    ,Fiction,978-1501143787,9
6897,Sphere,Michael Crichton,Ballantine Books,1980    ,Fiction,978-0345353146,17
6898,I promessi sposi,Alessandro Manzoni,Penguin Classics,1800    ,Fiction,978-0140442748,16
6899,The gutter in the sky,Jean Genet,Grove Press,1948    ,Fiction,978-0802130327,17
6900,Flush,Virginia Woolf,Mariner Books,1694    ,Fiction,978-0156318532,20
6901,Their Eyes Were Watching God,Zora Neale Hurston,Amistad,1937    ,Fiction,978-0061120060,19
6902,"Bartleby, the Scrivener",Herman Melville,NuVision,1966    ,Fiction,978-1614270423,18
6903,1st to Die,James Patterson,Grand Central,2001    ,Fiction,978-0446610032,18
6904,All the Light We Cannot See,Anthony Doerr,Scribner,2014    ,Fiction,978-1501173219,16
6905,De civitate Dei,Augustine of Hippo,Penguin Classics,1440    ,Fiction,978-0140448948,18
6906,Herzog,Saul Bellow,Penguin Classics,1961    ,Fiction,978-0142437292,19
6907,雪国,川端康成,Vintage,1937    ,Fiction,978-0679761044,14
6908,Along Came a Spider,James Patterson,Grand Central,1993    ,Fiction,978-0446364195,3
6909,The Snowy Day,Ezra Jack Keats,Viking Books,1962    ,Fiction,978-0140501827,1
6910,The Eyes of the Dragon,Stephen King,Scribner,1959    ,Fiction,978-1501143824,20
6911,Partners in Crime,Agatha Christie,William Morrow,1929    ,Fiction,978-0062074126,7
6912,Mansfield Park,Jane Austen,Penguin Classics,1814    ,Fiction,978-0141439808,15
6913,Aura,Carlos Fuentes,FSG,1962    ,Fiction,978-0374511012,14
6914,My Secret Life,Walter,Skyhorse,1966    ,Fiction,978-1602391093,13
6915,America,George Brown Tindall,Oxford Univ Press,1984    ,Fiction,978-0199277056,15
6916,The Violet Fairy Book (Large Print),Andrew Lang,Dover,1901    ,Fiction,978-0486216751,20
6917,Fuente Ovejuna,Lope de Vega,Oxford Classics,1909    ,Fiction,978-0199553754,15
6918,Mathematics,McGraw-Hill,Dover,1998    ,Fiction,978-0486409160,10
6919,Libro de buen amor,Juan Ruiz,Penguin Classics,1900    ,Fiction,978-0140443295,9
6920,Franny and Zooey,J. D. Salinger,"Little, Brown",1961    ,Fiction,978-0316769495,10
6921,Out of the Silent Planet,C. S. Lewis,Scribner,1938    ,Fiction,978-0743234900,19
6922,Go Tell It on the Mountain,James Baldwin,Vintage,1952    ,Fiction,978-0375701870,13
6923,Cyropaedia,Xenophon,Princeton Univ,1527    ,Fiction,978-0691139227,8
6924,Prey,Michael Crichton,Harper,2002    ,Fiction,978-0061703089,6
6925,The Yearling,Marjorie Kinnan Rawlings,Scribner,1938    ,Fiction,978-0684184616,6
6926,Dear Mr. Henshaw,Beverly Cleary,HarperCollins,1983    ,Fiction,978-0380709588,20
6927,The Gruffalo's Child,Julia Donaldson,Puffin Books,2004    ,Fiction,978-0142403877,17
6928,Maus I,Art Spiegelman,Pantheon,1986    ,Fiction,978-0394747231,6
6929,Neuromancer,William Gibson,Ace Books,1984    ,Fiction,978-0441569595,10
6930,Make Way for Ducklings,Robert McCloskey,Viking Books,1941    ,Fiction,978-0140501711,16
6931,Lorna Doone,R. D. Blackmore,Oxford Classics,1656    ,Fiction,978-0199537877,8
6932,Maria (Colección Literatura Universal Alba),Jorge Isaacs,Oxford Univ Press,1800    ,Fiction,978-0195123234,4
6933,The Mouse and the Motorcycle,Beverly Cleary,HarperCollins,1965    ,Fiction,978-0380709243,7
6934,Night Shift,Stephen King,Anchor,1960    ,Fiction,978-0307743640,2
6935,Christine,Stephen King,Scribner,1983    ,Fiction,978-1501143749,2
6936,The Remains of the Day,Kazuo Ishiguro,Vintage,1989    ,Fiction,978-0679731726,14
6937,"Life, the Universe and Everything",Douglas Adams,Del Rey,1900    ,Fiction,978-0345391827,4
6938,Where's Spot?,Eric Hill,Warne,1980    ,Fiction,978-0399240461,7
6939,The Heart is a Lonely Hunter,Carson McCullers,Mariner Books,1940    ,Fiction,978-0618526413,3
6940,Shutter Island,Dennis Lehane,William Morrow,2003    ,Fiction,978-0062020413,3
6941,Insurgent,Veronica Roth,Katherine Tegen,2011    ,Fiction,978-0062024053,3
6942,The Day of the Triffids,John Wyndham,Modern Library,1951    ,Fiction,978-0812967128,9
6943,Saving Faith,David Baldacci,Vision,1999    ,Fiction,978-0446608893,15
6944,Nightmare Abbey,Thomas Love Peacock,Penguin Classics,1818    ,Fiction,978-0140431308,5
6945,Four Past Midnight,Stephen King,Scribner,1990    ,Fiction,978-1501143510,4
6946,When we were very young,A. A. Milne,Dutton,1924    ,Fiction,978-0525444459,18
6947,Timeline,Michael Crichton,Ballantine Books,1999    ,Fiction,978-0345417626,8
6948,"Are You There God? It's Me, Margaret.",Judy Blume,Atheneum,1970    ,Fiction,978-1481435734,10
6949,Indian Fairy Tales,Joseph Jacobs,Dover,1892    ,Fiction,978-0486218281,13
6950,The Phantom Tollbooth,Norton Juster,Random House,1961    ,Fiction,978-0394820378,6
6951,Giovanni's Room,James Baldwin,Vintage,1956    ,Fiction,978-0345806567,15
6952,Parzival,Wolfram von Eschenbach,Penguin Classics,1885    ,Fiction,978-0140443912,15
6953,Public Speaking and Influencing Men in Business,Dale Carnegie,Independently Pub.,1926    ,Fiction,978-1514392669,4
6954,The Name of the Wind,Patrick Rothfuss,Mariner Books,2007    ,Fiction,978-0544176560,11
6955,The warlord of Mars #3,Edgar Rice Burroughs,Independently Pub.,1919    ,Fiction,978-1515433606,11
6956,Artemis Fowl and the Eternity Code,Eoin Colfer,Disney-Hyperion,2003    ,Fiction,978-1368036986,2
6957,Black Boy,Richard Wright,Harper Perennial,1945    ,Fiction,978-0060834005,15
6958,The Dragon and the Raven,G. A. Henty,Dover,1800    ,Fiction,978-0486420134,9
6959,Surfacing,Margaret Atwood,Anchor,1972    ,Fiction,978-0385491051,2
6960,El Señor Presidente,Miguel Ángel Asturias,Mariner Books,1948    ,Fiction,978-0395219461,4
6961,The Caine mutiny,Herman Wouk,Back Bay Books,1951    ,Fiction,978-0316955102,3
6962,Harriet the Spy,Louise Fitzhugh,Yearling,1960    ,Fiction,978-0440416791,16
6963,The Hunt for Red October,Tom Clancy,Berkley,1984    ,Fiction,978-0425240335,6
6964,"Speak, Memory",Vladimir Nabokov,Vintage,1951    ,Fiction,978-0679723394,14
6965,The Warden,Anthony Trollope,Penguin Classics,1809    ,Fiction,978-0140432145,14
6966,"Eat, Pray, Love",Elizabeth Gilbert,Penguin Books,2001    ,Fiction,978-0143038412,13
6967,Stardust,Neil Gaiman,William Morrow,1997    ,Fiction,978-0062564344,2
6968,Thinner,Stephen King,Scribner,1984    ,Fiction,978-1501143763,2
6969,The Bluest Eye,Toni Morrison,Vintage,1970    ,Fiction,978-0307278449,1
6970,As I Lay Dying,William Faulkner,Vintage,1915    ,Fiction,978-0679732259,10
6971,The World Almanac for Kids,Judith S. Levey,Modern Library,1995    ,Fiction,978-1524741341,20
6972,The Testament,John Grisham,Dell,1999    ,Fiction,978-0345531919,9
6973,The God of Small Things,Arundhati Roy,Random House,1997    ,Fiction,978-0812979657,20
6974,The End of Eternity,Isaac Asimov,Tor Books,1955    ,Fiction,978-0765319197,3
6975,Lost Horizon,James Hilton,William Morrow,1933    ,Fiction,978-0062113726,14
6976,The Farthest Shore,Ursula K. Le Guin,Atheneum,1972    ,Fiction,978-1442459930,9
6977,Five Little Peppers and How They Grew,Margaret Sidney,Dover,1880    ,Fiction,978-0486411033,5
6978,The Fountainhead,Ayn Rand,Signet,1943    ,Fiction,978-0451191151,16
6979,Frog and Toad All Year,Arnold Lobel,HarperCollins,1976    ,Fiction,978-0064440592,10
6980,Ramona the Pest,Beverly Cleary,HarperCollins,1968    ,Fiction,978-0380709595,14
6981,The Long Winter,Laura Ingalls Wilder,HarperCollins,1940    ,Fiction,978-0064400060,2
6982,Stuart Little,E. B. White,HarperCollins,1945    ,Fiction,978-0064400565,5
6983,Roots,Alex Haley,Da Capo Press,1861    ,Fiction,978-0306824852,12
6984,By the Shores of Silver Lake,Laura Ingalls Wilder,HarperCollins,1924    ,Fiction,978-0064400053,11
6985,The Black Moth,Georgette Heyer,Sourcebooks,1921    ,Fiction,978-1402213762,11
6986,The Collector,John Fowles,Back Bay Books,1963    ,Fiction,978-0316290234,14
6987,The Battle of the Labyrinth,Rick Riordan,Disney-Hyperion,2008    ,Fiction,978-1423101468,18
6988,The Circular Staircase,Mary Roberts Rinehart,Aegypan,1908    ,Fiction,978-1604505979,20
6989,These Old Shades,Georgette Heyer,Sourcebooks,1926    ,Fiction,978-1402210778,3
6990,Esio Trot,Roald Dahl,Puffin Books,1990    ,Fiction,978-0142413821,2
6991,Jonathan Livingston Le Goeland,Richard Bach,Scribner,1970    ,Fiction,978-1476793313,18
6992,海辺のカフカ,村上春樹,Vintage,2001    ,Fiction,978-1400079278,8
6993,The Magus,John Fowles,Back Bay Books,1965    ,Fiction,978-0316290357,13
6994,Loving,Danielle Steel,Dell,1980    ,Fiction,978-0440151197,14
6995,Rendezvous with Rama,Arthur C. Clarke,Del Rey,1900    ,Fiction,978-0345350589,5
6996,Chronicles of Avonlea,Lucy Maud Montgomery,Digireads,1912    ,Fiction,978-1420935578,16
6997,Dandelion Wine,Ray Bradbury,Bantam,1946    ,Fiction,978-0553277531,3
6998,Cell,Stephen King,Scribner,2006    ,Fiction,978-1501143732,6
6999,The Giraffe and the Pelly and Me,Roald Dahl,Puffin Books,1985    ,Fiction,978-0142413791,19
7000,La planète des singes,Pierre Boulle,Del Rey,1963    ,Fiction,978-0345447333,15
